file,line,type,commit,author,date,time,timezone,datetime,depth,length
vite.config.js,1,js,febb5fab,anirudh9280,2025-04-25,21:37:33,-07:00,2025-04-25T21:37:33-07:00,0,34
vite.config.js,2,js,febb5fab,anirudh9280,2025-04-25,21:37:33,-07:00,2025-04-25T21:37:33-07:00,0,39
vite.config.js,3,js,928790b7,anirudh428,2023-10-07,00:24:45,-07:00,2023-10-07T00:24:45-07:00,0,0
vite.config.js,4,js,928790b7,anirudh428,2023-10-07,00:24:45,-07:00,2023-10-07T00:24:45-07:00,0,27
vite.config.js,5,js,928790b7,anirudh428,2023-10-07,00:24:45,-07:00,2023-10-07T00:24:45-07:00,0,27
vite.config.js,6,js,928790b7,anirudh428,2023-10-07,00:24:45,-07:00,2023-10-07T00:24:45-07:00,1,17
vite.config.js,7,js,febb5fab,anirudh9280,2025-04-25,21:37:33,-07:00,2025-04-25T21:37:33-07:00,1,9
vite.config.js,8,js,febb5fab,anirudh9280,2025-04-25,21:37:33,-07:00,2025-04-25T21:37:33-07:00,1,6
vite.config.js,9,js,febb5fab,anirudh9280,2025-04-25,21:37:33,-07:00,2025-04-25T21:37:33-07:00,2,13
vite.config.js,10,js,febb5fab,anirudh9280,2025-04-25,21:37:33,-07:00,2025-04-25T21:37:33-07:00,2,18
vite.config.js,11,js,febb5fab,anirudh9280,2025-04-25,21:37:33,-07:00,2025-04-25T21:37:33-07:00,2,16
vite.config.js,12,js,febb5fab,anirudh9280,2025-04-25,21:37:33,-07:00,2025-04-25T21:37:33-07:00,2,15
vite.config.js,13,js,febb5fab,anirudh9280,2025-04-25,21:37:33,-07:00,2025-04-25T21:37:33-07:00,1,0
vite.config.js,14,js,febb5fab,anirudh9280,2025-04-25,21:37:33,-07:00,2025-04-25T21:37:33-07:00,0,1
tailwind.config.js,1,js,928790b7,anirudh428,2023-10-07,00:24:45,-07:00,2023-10-07T00:24:45-07:00,0,41
tailwind.config.js,2,js,928790b7,anirudh428,2023-10-07,00:24:45,-07:00,2023-10-07T00:24:45-07:00,0,16
tailwind.config.js,3,js,928790b7,anirudh428,2023-10-07,00:24:45,-07:00,2023-10-07T00:24:45-07:00,1,31
tailwind.config.js,4,js,928790b7,anirudh428,2023-10-07,00:24:45,-07:00,2023-10-07T00:24:45-07:00,1,10
tailwind.config.js,5,js,928790b7,anirudh428,2023-10-07,00:24:45,-07:00,2023-10-07T00:24:45-07:00,1,6
tailwind.config.js,6,js,928790b7,anirudh428,2023-10-07,00:24:45,-07:00,2023-10-07T00:24:45-07:00,2,7
tailwind.config.js,7,js,928790b7,anirudh428,2023-10-07,00:24:45,-07:00,2023-10-07T00:24:45-07:00,3,7
tailwind.config.js,8,js,928790b7,anirudh428,2023-10-07,00:24:45,-07:00,2023-10-07T00:24:45-07:00,4,17
tailwind.config.js,9,js,928790b7,anirudh428,2023-10-07,00:24:45,-07:00,2023-10-07T00:24:45-07:00,4,19
tailwind.config.js,10,js,928790b7,anirudh428,2023-10-07,00:24:45,-07:00,2023-10-07T00:24:45-07:00,4,18
tailwind.config.js,11,js,928790b7,anirudh428,2023-10-07,00:24:45,-07:00,2023-10-07T00:24:45-07:00,4,21
tailwind.config.js,12,js,928790b7,anirudh428,2023-10-07,00:24:45,-07:00,2023-10-07T00:24:45-07:00,4,21
tailwind.config.js,13,js,928790b7,anirudh428,2023-10-07,00:24:45,-07:00,2023-10-07T00:24:45-07:00,4,21
tailwind.config.js,14,js,928790b7,anirudh428,2023-10-07,00:24:45,-07:00,2023-10-07T00:24:45-07:00,3,0
tailwind.config.js,15,js,928790b7,anirudh428,2023-10-07,00:24:45,-07:00,2023-10-07T00:24:45-07:00,3,10
tailwind.config.js,16,js,928790b7,anirudh428,2023-10-07,00:24:45,-07:00,2023-10-07T00:24:45-07:00,4,35
tailwind.config.js,17,js,928790b7,anirudh428,2023-10-07,00:24:45,-07:00,2023-10-07T00:24:45-07:00,3,0
tailwind.config.js,18,js,928790b7,anirudh428,2023-10-07,00:24:45,-07:00,2023-10-07T00:24:45-07:00,3,8
tailwind.config.js,19,js,928790b7,anirudh428,2023-10-07,00:24:45,-07:00,2023-10-07T00:24:45-07:00,4,10
tailwind.config.js,20,js,928790b7,anirudh428,2023-10-07,00:24:45,-07:00,2023-10-07T00:24:45-07:00,3,0
tailwind.config.js,21,js,928790b7,anirudh428,2023-10-07,00:24:45,-07:00,2023-10-07T00:24:45-07:00,3,16
tailwind.config.js,22,js,928790b7,anirudh428,2023-10-07,00:24:45,-07:00,2023-10-07T00:24:45-07:00,4,46
tailwind.config.js,23,js,928790b7,anirudh428,2023-10-07,00:24:45,-07:00,2023-10-07T00:24:45-07:00,3,0
tailwind.config.js,24,js,928790b7,anirudh428,2023-10-07,00:24:45,-07:00,2023-10-07T00:24:45-07:00,2,0
tailwind.config.js,25,js,928790b7,anirudh428,2023-10-07,00:24:45,-07:00,2023-10-07T00:24:45-07:00,1,0
tailwind.config.js,26,js,928790b7,anirudh428,2023-10-07,00:24:45,-07:00,2023-10-07T00:24:45-07:00,1,10
tailwind.config.js,27,js,928790b7,anirudh428,2023-10-07,00:24:45,-07:00,2023-10-07T00:24:45-07:00,0,0
tailwind.config.js,28,js,928790b7,anirudh428,2023-10-07,00:24:45,-07:00,2023-10-07T00:24:45-07:00,0,0
postcss.config.js,1,js,928790b7,anirudh428,2023-10-07,00:24:45,-07:00,2023-10-07T00:24:45-07:00,0,14
postcss.config.js,2,js,928790b7,anirudh428,2023-10-07,00:24:45,-07:00,2023-10-07T00:24:45-07:00,1,8
postcss.config.js,3,js,928790b7,anirudh428,2023-10-07,00:24:45,-07:00,2023-10-07T00:24:45-07:00,2,14
postcss.config.js,4,js,928790b7,anirudh428,2023-10-07,00:24:45,-07:00,2023-10-07T00:24:45-07:00,2,15
postcss.config.js,5,js,928790b7,anirudh428,2023-10-07,00:24:45,-07:00,2023-10-07T00:24:45-07:00,1,0
postcss.config.js,6,js,928790b7,anirudh428,2023-10-07,00:24:45,-07:00,2023-10-07T00:24:45-07:00,0,0
index.html,1,html,928790b7,anirudh428,2023-10-07,00:24:45,-07:00,2023-10-07T00:24:45-07:00,0,13
index.html,2,html,928790b7,anirudh428,2023-10-07,00:24:45,-07:00,2023-10-07T00:24:45-07:00,0,14
index.html,3,html,928790b7,anirudh428,2023-10-07,00:24:45,-07:00,2023-10-07T00:24:45-07:00,1,4
index.html,4,html,928790b7,anirudh428,2023-10-07,00:24:45,-07:00,2023-10-07T00:24:45-07:00,2,22
index.html,5,html,928790b7,anirudh428,2023-10-07,00:24:45,-07:00,2023-10-07T00:24:45-07:00,2,66
index.html,6,html,928790b7,anirudh428,2023-10-07,00:24:45,-07:00,2023-10-07T00:24:45-07:00,2,70
index.html,7,html,928790b7,anirudh428,2023-10-07,00:24:45,-07:00,2023-10-07T00:24:45-07:00,2,32
index.html,8,html,928790b7,anirudh428,2023-10-07,00:24:45,-07:00,2023-10-07T00:24:45-07:00,1,5
index.html,9,html,928790b7,anirudh428,2023-10-07,00:24:45,-07:00,2023-10-07T00:24:45-07:00,1,4
index.html,10,html,928790b7,anirudh428,2023-10-07,00:24:45,-07:00,2023-10-07T00:24:45-07:00,2,19
index.html,11,html,928790b7,anirudh428,2023-10-07,00:24:45,-07:00,2023-10-07T00:24:45-07:00,2,49
index.html,12,html,928790b7,anirudh428,2023-10-07,00:24:45,-07:00,2023-10-07T00:24:45-07:00,1,5
index.html,13,html,928790b7,anirudh428,2023-10-07,00:24:45,-07:00,2023-10-07T00:24:45-07:00,0,5
src/styles.js,1,js,928790b7,anirudh428,2023-10-07,00:24:45,-07:00,2023-10-07T00:24:45-07:00,0,14
src/styles.js,2,js,928790b7,anirudh428,2023-10-07,00:24:45,-07:00,2023-10-07T00:24:45-07:00,2,24
src/styles.js,3,js,928790b7,anirudh428,2023-10-07,00:24:45,-07:00,2023-10-07T00:24:45-07:00,2,24
src/styles.js,4,js,928790b7,anirudh428,2023-10-07,00:24:45,-07:00,2023-10-07T00:24:45-07:00,2,38
src/styles.js,5,js,928790b7,anirudh428,2023-10-07,00:24:45,-07:00,2023-10-07T00:24:45-07:00,0,0
src/styles.js,6,js,928790b7,anirudh428,2023-10-07,00:24:45,-07:00,2023-10-07T00:24:45-07:00,2,11
src/styles.js,7,js,928790b7,anirudh428,2023-10-07,00:24:45,-07:00,2023-10-07T00:24:45-07:00,4,102
src/styles.js,8,js,928790b7,anirudh428,2023-10-07,00:24:45,-07:00,2023-10-07T00:24:45-07:00,2,10
src/styles.js,9,js,928790b7,anirudh428,2023-10-07,00:24:45,-07:00,2023-10-07T00:24:45-07:00,4,102
src/styles.js,10,js,928790b7,anirudh428,2023-10-07,00:24:45,-07:00,2023-10-07T00:24:45-07:00,0,0
src/styles.js,11,js,928790b7,anirudh428,2023-10-07,00:24:45,-07:00,2023-10-07T00:24:45-07:00,2,14
src/styles.js,12,js,928790b7,anirudh428,2023-10-07,00:24:45,-07:00,2023-10-07T00:24:45-07:00,4,79
src/styles.js,13,js,928790b7,anirudh428,2023-10-07,00:24:45,-07:00,2023-10-07T00:24:45-07:00,2,13
src/styles.js,14,js,928790b7,anirudh428,2023-10-07,00:24:45,-07:00,2023-10-07T00:24:45-07:00,4,67
src/styles.js,15,js,d17df515,anirudh9280,2024-07-23,14:50:01,-07:00,2024-07-23T14:50:01-07:00,2,9
src/styles.js,16,js,d17df515,anirudh9280,2024-07-23,14:50:01,-07:00,2024-07-23T14:50:01-07:00,4,95
src/styles.js,17,js,928790b7,anirudh428,2023-10-07,00:24:45,-07:00,2023-10-07T00:24:45-07:00,0,0
src/styles.js,18,js,928790b7,anirudh428,2023-10-07,00:24:45,-07:00,2023-10-07T00:24:45-07:00,0,0
src/styles.js,19,js,928790b7,anirudh428,2023-10-07,00:24:45,-07:00,2023-10-07T00:24:45-07:00,0,16
src/index.css,1,css,928790b7,anirudh428,2023-10-07,00:24:45,-07:00,2023-10-07T00:24:45-07:00,0,116
src/index.css,2,css,928790b7,anirudh428,2023-10-07,00:24:45,-07:00,2023-10-07T00:24:45-07:00,0,0
src/index.css,3,css,928790b7,anirudh428,2023-10-07,00:24:45,-07:00,2023-10-07T00:24:45-07:00,0,13
src/index.css,4,css,928790b7,anirudh428,2023-10-07,00:24:45,-07:00,2023-10-07T00:24:45-07:00,0,19
src/index.css,5,css,928790b7,anirudh428,2023-10-07,00:24:45,-07:00,2023-10-07T00:24:45-07:00,0,18
src/index.css,6,css,928790b7,anirudh428,2023-10-07,00:24:45,-07:00,2023-10-07T00:24:45-07:00,0,0
src/index.css,7,css,928790b7,anirudh428,2023-10-07,00:24:45,-07:00,2023-10-07T00:24:45-07:00,0,1
src/index.css,8,css,928790b7,anirudh428,2023-10-07,00:24:45,-07:00,2023-10-07T00:24:45-07:00,1,8
src/index.css,9,css,928790b7,anirudh428,2023-10-07,00:24:45,-07:00,2023-10-07T00:24:45-07:00,1,9
src/index.css,10,css,928790b7,anirudh428,2023-10-07,00:24:45,-07:00,2023-10-07T00:24:45-07:00,1,21
src/index.css,11,css,928790b7,anirudh428,2023-10-07,00:24:45,-07:00,2023-10-07T00:24:45-07:00,1,33
src/index.css,12,css,928790b7,anirudh428,2023-10-07,00:24:45,-07:00,2023-10-07T00:24:45-07:00,1,22
src/index.css,13,css,d7a0ed78,anirudh9280,2025-04-19,16:21:58,-07:00,2025-04-19T16:21:58-07:00,1,9
src/index.css,14,css,d7a0ed78,anirudh9280,2025-04-19,16:21:58,-07:00,2025-04-19T16:21:58-07:00,2,25
src/index.css,15,css,d7a0ed78,anirudh9280,2025-04-19,16:21:58,-07:00,2025-04-19T16:21:58-07:00,2,14
src/index.css,16,css,d7a0ed78,anirudh9280,2025-04-19,16:21:58,-07:00,2025-04-19T16:21:58-07:00,2,21
src/index.css,17,css,d7a0ed78,anirudh9280,2025-04-19,16:21:58,-07:00,2025-04-19T16:21:58-07:00,2,19
src/index.css,18,css,d7a0ed78,anirudh9280,2025-04-19,16:21:58,-07:00,2025-04-19T16:21:58-07:00,0,0
src/index.css,19,css,d7a0ed78,anirudh9280,2025-04-19,16:21:58,-07:00,2025-04-19T16:21:58-07:00,0,0
src/index.css,20,css,d7a0ed78,anirudh9280,2025-04-19,16:21:58,-07:00,2025-04-19T16:21:58-07:00,0,12
src/index.css,21,css,928790b7,anirudh428,2023-10-07,00:24:45,-07:00,2023-10-07T00:24:45-07:00,1,17
src/index.css,22,css,928790b7,anirudh428,2023-10-07,00:24:45,-07:00,2023-10-07T00:24:45-07:00,0,0
src/index.css,23,css,928790b7,anirudh428,2023-10-07,00:24:45,-07:00,2023-10-07T00:24:45-07:00,0,0
src/index.css,24,css,d7a0ed78,anirudh9280,2025-04-19,16:21:58,-07:00,2025-04-19T16:21:58-07:00,0,13
src/index.css,25,css,d7a0ed78,anirudh9280,2025-04-19,16:21:58,-07:00,2025-04-19T16:21:58-07:00,1,18
src/index.css,26,css,d7a0ed78,anirudh9280,2025-04-19,16:21:58,-07:00,2025-04-19T16:21:58-07:00,0,0
src/index.css,27,css,d7a0ed78,anirudh9280,2025-04-19,16:21:58,-07:00,2025-04-19T16:21:58-07:00,0,0
src/index.css,28,css,928790b7,anirudh428,2023-10-07,00:24:45,-07:00,2023-10-07T00:24:45-07:00,0,10
src/index.css,29,css,928790b7,anirudh428,2023-10-07,00:24:45,-07:00,2023-10-07T00:24:45-07:00,1,17
src/index.css,30,css,928790b7,anirudh428,2023-10-07,00:24:45,-07:00,2023-10-07T00:24:45-07:00,1,20
src/index.css,31,css,928790b7,anirudh428,2023-10-07,00:24:45,-07:00,2023-10-07T00:24:45-07:00,1,13
src/index.css,32,css,928790b7,anirudh428,2023-10-07,00:24:45,-07:00,2023-10-07T00:24:45-07:00,0,0
src/index.css,33,css,928790b7,anirudh428,2023-10-07,00:24:45,-07:00,2023-10-07T00:24:45-07:00,0,0
src/index.css,34,css,928790b7,anirudh428,2023-10-07,00:24:45,-07:00,2023-10-07T00:24:45-07:00,0,15
src/index.css,35,css,928790b7,anirudh428,2023-10-07,00:24:45,-07:00,2023-10-07T00:24:45-07:00,1,50
src/index.css,36,css,928790b7,anirudh428,2023-10-07,00:24:45,-07:00,2023-10-07T00:24:45-07:00,1,34
src/index.css,37,css,928790b7,anirudh428,2023-10-07,00:24:45,-07:00,2023-10-07T00:24:45-07:00,2,7
src/index.css,38,css,928790b7,anirudh428,2023-10-07,00:24:45,-07:00,2023-10-07T00:24:45-07:00,2,6
src/index.css,39,css,928790b7,anirudh428,2023-10-07,00:24:45,-07:00,2023-10-07T00:24:45-07:00,2,5
src/index.css,40,css,928790b7,anirudh428,2023-10-07,00:24:45,-07:00,2023-10-07T00:24:45-07:00,1,33
src/index.css,41,css,928790b7,anirudh428,2023-10-07,00:24:45,-07:00,2023-10-07T00:24:45-07:00,1,26
src/index.css,42,css,928790b7,anirudh428,2023-10-07,00:24:45,-07:00,2023-10-07T00:24:45-07:00,2,7
src/index.css,43,css,928790b7,anirudh428,2023-10-07,00:24:45,-07:00,2023-10-07T00:24:45-07:00,2,6
src/index.css,44,css,928790b7,anirudh428,2023-10-07,00:24:45,-07:00,2023-10-07T00:24:45-07:00,2,5
src/index.css,45,css,928790b7,anirudh428,2023-10-07,00:24:45,-07:00,2023-10-07T00:24:45-07:00,1,71
src/index.css,46,css,928790b7,anirudh428,2023-10-07,00:24:45,-07:00,2023-10-07T00:24:45-07:00,0,0
src/index.css,47,css,928790b7,anirudh428,2023-10-07,00:24:45,-07:00,2023-10-07T00:24:45-07:00,0,0
src/index.css,48,css,928790b7,anirudh428,2023-10-07,00:24:45,-07:00,2023-10-07T00:24:45-07:00,0,16
src/index.css,49,css,928790b7,anirudh428,2023-10-07,00:24:45,-07:00,2023-10-07T00:24:45-07:00,1,18
src/index.css,50,css,928790b7,anirudh428,2023-10-07,00:24:45,-07:00,2023-10-07T00:24:45-07:00,1,72
src/index.css,51,css,928790b7,anirudh428,2023-10-07,00:24:45,-07:00,2023-10-07T00:24:45-07:00,1,34
src/index.css,52,css,928790b7,anirudh428,2023-10-07,00:24:45,-07:00,2023-10-07T00:24:45-07:00,2,5
src/index.css,53,css,928790b7,anirudh428,2023-10-07,00:24:45,-07:00,2023-10-07T00:24:45-07:00,2,9
src/index.css,54,css,928790b7,anirudh428,2023-10-07,00:24:45,-07:00,2023-10-07T00:24:45-07:00,2,22
src/index.css,55,css,928790b7,anirudh428,2023-10-07,00:24:45,-07:00,2023-10-07T00:24:45-07:00,1,0
src/index.css,56,css,928790b7,anirudh428,2023-10-07,00:24:45,-07:00,2023-10-07T00:24:45-07:00,0,0
src/index.css,57,css,928790b7,anirudh428,2023-10-07,00:24:45,-07:00,2023-10-07T00:24:45-07:00,0,0
src/index.css,58,css,928790b7,anirudh428,2023-10-07,00:24:45,-07:00,2023-10-07T00:24:45-07:00,0,20
src/index.css,59,css,928790b7,anirudh428,2023-10-07,00:24:45,-07:00,2023-10-07T00:24:45-07:00,1,20
src/index.css,60,css,928790b7,anirudh428,2023-10-07,00:24:45,-07:00,2023-10-07T00:24:45-07:00,1,65
src/index.css,61,css,928790b7,anirudh428,2023-10-07,00:24:45,-07:00,2023-10-07T00:24:45-07:00,1,74
src/index.css,62,css,928790b7,anirudh428,2023-10-07,00:24:45,-07:00,2023-10-07T00:24:45-07:00,0,0
src/index.css,63,css,928790b7,anirudh428,2023-10-07,00:24:45,-07:00,2023-10-07T00:24:45-07:00,0,0
src/index.css,64,css,928790b7,anirudh428,2023-10-07,00:24:45,-07:00,2023-10-07T00:24:45-07:00,0,21
src/index.css,65,css,928790b7,anirudh428,2023-10-07,00:24:45,-07:00,2023-10-07T00:24:45-07:00,1,50
src/index.css,66,css,928790b7,anirudh428,2023-10-07,00:24:45,-07:00,2023-10-07T00:24:45-07:00,1,34
src/index.css,67,css,928790b7,anirudh428,2023-10-07,00:24:45,-07:00,2023-10-07T00:24:45-07:00,2,5
src/index.css,68,css,928790b7,anirudh428,2023-10-07,00:24:45,-07:00,2023-10-07T00:24:45-07:00,2,6
src/index.css,69,css,928790b7,anirudh428,2023-10-07,00:24:45,-07:00,2023-10-07T00:24:45-07:00,2,5
src/index.css,70,css,928790b7,anirudh428,2023-10-07,00:24:45,-07:00,2023-10-07T00:24:45-07:00,1,33
src/index.css,71,css,928790b7,anirudh428,2023-10-07,00:24:45,-07:00,2023-10-07T00:24:45-07:00,1,26
src/index.css,72,css,928790b7,anirudh428,2023-10-07,00:24:45,-07:00,2023-10-07T00:24:45-07:00,2,5
src/index.css,73,css,928790b7,anirudh428,2023-10-07,00:24:45,-07:00,2023-10-07T00:24:45-07:00,2,6
src/index.css,74,css,928790b7,anirudh428,2023-10-07,00:24:45,-07:00,2023-10-07T00:24:45-07:00,2,5
src/index.css,75,css,928790b7,anirudh428,2023-10-07,00:24:45,-07:00,2023-10-07T00:24:45-07:00,1,71
src/index.css,76,css,928790b7,anirudh428,2023-10-07,00:24:45,-07:00,2023-10-07T00:24:45-07:00,1,28
src/index.css,77,css,928790b7,anirudh428,2023-10-07,00:24:45,-07:00,2023-10-07T00:24:45-07:00,1,35
src/index.css,78,css,928790b7,anirudh428,2023-10-07,00:24:45,-07:00,2023-10-07T00:24:45-07:00,0,0
src/index.css,79,css,928790b7,anirudh428,2023-10-07,00:24:45,-07:00,2023-10-07T00:24:45-07:00,0,0
src/index.css,80,css,928790b7,anirudh428,2023-10-07,00:24:45,-07:00,2023-10-07T00:24:45-07:00,0,20
src/index.css,81,css,928790b7,anirudh428,2023-10-07,00:24:45,-07:00,2023-10-07T00:24:45-07:00,1,50
src/index.css,82,css,928790b7,anirudh428,2023-10-07,00:24:45,-07:00,2023-10-07T00:24:45-07:00,1,34
src/index.css,83,css,928790b7,anirudh428,2023-10-07,00:24:45,-07:00,2023-10-07T00:24:45-07:00,2,5
src/index.css,84,css,928790b7,anirudh428,2023-10-07,00:24:45,-07:00,2023-10-07T00:24:45-07:00,2,6
src/index.css,85,css,928790b7,anirudh428,2023-10-07,00:24:45,-07:00,2023-10-07T00:24:45-07:00,2,5
src/index.css,86,css,928790b7,anirudh428,2023-10-07,00:24:45,-07:00,2023-10-07T00:24:45-07:00,1,33
src/index.css,87,css,928790b7,anirudh428,2023-10-07,00:24:45,-07:00,2023-10-07T00:24:45-07:00,1,26
src/index.css,88,css,928790b7,anirudh428,2023-10-07,00:24:45,-07:00,2023-10-07T00:24:45-07:00,2,5
src/index.css,89,css,928790b7,anirudh428,2023-10-07,00:24:45,-07:00,2023-10-07T00:24:45-07:00,2,6
src/index.css,90,css,928790b7,anirudh428,2023-10-07,00:24:45,-07:00,2023-10-07T00:24:45-07:00,2,5
src/index.css,91,css,928790b7,anirudh428,2023-10-07,00:24:45,-07:00,2023-10-07T00:24:45-07:00,1,71
src/index.css,92,css,928790b7,anirudh428,2023-10-07,00:24:45,-07:00,2023-10-07T00:24:45-07:00,1,28
src/index.css,93,css,928790b7,anirudh428,2023-10-07,00:24:45,-07:00,2023-10-07T00:24:45-07:00,1,35
src/index.css,94,css,928790b7,anirudh428,2023-10-07,00:24:45,-07:00,2023-10-07T00:24:45-07:00,0,0
src/index.css,95,css,928790b7,anirudh428,2023-10-07,00:24:45,-07:00,2023-10-07T00:24:45-07:00,0,0
src/index.css,96,css,928790b7,anirudh428,2023-10-07,00:24:45,-07:00,2023-10-07T00:24:45-07:00,0,19
src/index.css,97,css,928790b7,anirudh428,2023-10-07,00:24:45,-07:00,2023-10-07T00:24:45-07:00,1,52
src/index.css,98,css,928790b7,anirudh428,2023-10-07,00:24:45,-07:00,2023-10-07T00:24:45-07:00,1,50
src/index.css,99,css,928790b7,anirudh428,2023-10-07,00:24:45,-07:00,2023-10-07T00:24:45-07:00,1,34
src/index.css,100,css,928790b7,anirudh428,2023-10-07,00:24:45,-07:00,2023-10-07T00:24:45-07:00,2,5
src/index.css,101,css,928790b7,anirudh428,2023-10-07,00:24:45,-07:00,2023-10-07T00:24:45-07:00,2,6
src/index.css,102,css,928790b7,anirudh428,2023-10-07,00:24:45,-07:00,2023-10-07T00:24:45-07:00,2,5
src/index.css,103,css,928790b7,anirudh428,2023-10-07,00:24:45,-07:00,2023-10-07T00:24:45-07:00,1,33
src/index.css,104,css,928790b7,anirudh428,2023-10-07,00:24:45,-07:00,2023-10-07T00:24:45-07:00,1,26
src/index.css,105,css,928790b7,anirudh428,2023-10-07,00:24:45,-07:00,2023-10-07T00:24:45-07:00,2,5
src/index.css,106,css,928790b7,anirudh428,2023-10-07,00:24:45,-07:00,2023-10-07T00:24:45-07:00,2,6
src/index.css,107,css,928790b7,anirudh428,2023-10-07,00:24:45,-07:00,2023-10-07T00:24:45-07:00,2,5
src/index.css,108,css,928790b7,anirudh428,2023-10-07,00:24:45,-07:00,2023-10-07T00:24:45-07:00,1,71
src/index.css,109,css,928790b7,anirudh428,2023-10-07,00:24:45,-07:00,2023-10-07T00:24:45-07:00,1,28
src/index.css,110,css,928790b7,anirudh428,2023-10-07,00:24:45,-07:00,2023-10-07T00:24:45-07:00,1,35
src/index.css,111,css,928790b7,anirudh428,2023-10-07,00:24:45,-07:00,2023-10-07T00:24:45-07:00,0,0
src/index.css,112,css,928790b7,anirudh428,2023-10-07,00:24:45,-07:00,2023-10-07T00:24:45-07:00,0,0
src/index.css,113,css,928790b7,anirudh428,2023-10-07,00:24:45,-07:00,2023-10-07T00:24:45-07:00,0,19
src/index.css,114,css,928790b7,anirudh428,2023-10-07,00:24:45,-07:00,2023-10-07T00:24:45-07:00,1,50
src/index.css,115,css,928790b7,anirudh428,2023-10-07,00:24:45,-07:00,2023-10-07T00:24:45-07:00,1,34
src/index.css,116,css,928790b7,anirudh428,2023-10-07,00:24:45,-07:00,2023-10-07T00:24:45-07:00,2,5
src/index.css,117,css,928790b7,anirudh428,2023-10-07,00:24:45,-07:00,2023-10-07T00:24:45-07:00,2,6
src/index.css,118,css,928790b7,anirudh428,2023-10-07,00:24:45,-07:00,2023-10-07T00:24:45-07:00,2,5
src/index.css,119,css,928790b7,anirudh428,2023-10-07,00:24:45,-07:00,2023-10-07T00:24:45-07:00,1,33
src/index.css,120,css,928790b7,anirudh428,2023-10-07,00:24:45,-07:00,2023-10-07T00:24:45-07:00,1,26
src/index.css,121,css,928790b7,anirudh428,2023-10-07,00:24:45,-07:00,2023-10-07T00:24:45-07:00,2,5
src/index.css,122,css,928790b7,anirudh428,2023-10-07,00:24:45,-07:00,2023-10-07T00:24:45-07:00,2,6
src/index.css,123,css,928790b7,anirudh428,2023-10-07,00:24:45,-07:00,2023-10-07T00:24:45-07:00,2,5
src/index.css,124,css,928790b7,anirudh428,2023-10-07,00:24:45,-07:00,2023-10-07T00:24:45-07:00,1,71
src/index.css,125,css,928790b7,anirudh428,2023-10-07,00:24:45,-07:00,2023-10-07T00:24:45-07:00,1,28
src/index.css,126,css,928790b7,anirudh428,2023-10-07,00:24:45,-07:00,2023-10-07T00:24:45-07:00,1,35
src/index.css,127,css,928790b7,anirudh428,2023-10-07,00:24:45,-07:00,2023-10-07T00:24:45-07:00,0,0
src/index.css,128,css,928790b7,anirudh428,2023-10-07,00:24:45,-07:00,2023-10-07T00:24:45-07:00,0,0
src/index.css,129,css,928790b7,anirudh428,2023-10-07,00:24:45,-07:00,2023-10-07T00:24:45-07:00,0,18
src/index.css,130,css,928790b7,anirudh428,2023-10-07,00:24:45,-07:00,2023-10-07T00:24:45-07:00,0,14
src/index.css,131,css,928790b7,anirudh428,2023-10-07,00:24:45,-07:00,2023-10-07T00:24:45-07:00,1,14
src/index.css,132,css,928790b7,anirudh428,2023-10-07,00:24:45,-07:00,2023-10-07T00:24:45-07:00,1,9
src/index.css,133,css,928790b7,anirudh428,2023-10-07,00:24:45,-07:00,2023-10-07T00:24:45-07:00,1,10
src/index.css,134,css,928790b7,anirudh428,2023-10-07,00:24:45,-07:00,2023-10-07T00:24:45-07:00,1,17
src/index.css,135,css,928790b7,anirudh428,2023-10-07,00:24:45,-07:00,2023-10-07T00:24:45-07:00,1,17
src/index.css,136,css,928790b7,anirudh428,2023-10-07,00:24:45,-07:00,2023-10-07T00:24:45-07:00,1,19
src/index.css,137,css,928790b7,anirudh428,2023-10-07,00:24:45,-07:00,2023-10-07T00:24:45-07:00,1,39
src/index.css,138,css,928790b7,anirudh428,2023-10-07,00:24:45,-07:00,2023-10-07T00:24:45-07:00,1,23
src/index.css,139,css,928790b7,anirudh428,2023-10-07,00:24:45,-07:00,2023-10-07T00:24:45-07:00,0,0
src/index.css,140,css,928790b7,anirudh428,2023-10-07,00:24:45,-07:00,2023-10-07T00:24:45-07:00,0,0
src/index.css,141,css,928790b7,anirudh428,2023-10-07,00:24:45,-07:00,2023-10-07T00:24:45-07:00,0,21
src/index.css,142,css,928790b7,anirudh428,2023-10-07,00:24:45,-07:00,2023-10-07T00:24:45-07:00,1,1
src/index.css,143,css,928790b7,anirudh428,2023-10-07,00:24:45,-07:00,2023-10-07T00:24:45-07:00,1,4
src/index.css,144,css,d7a0ed78,anirudh9280,2025-04-19,16:21:58,-07:00,2025-04-19T16:21:58-07:00,2,9
src/index.css,145,css,d7a0ed78,anirudh9280,2025-04-19,16:21:58,-07:00,2025-04-19T16:21:58-07:00,3,25
src/index.css,146,css,928790b7,anirudh428,2023-10-07,00:24:45,-07:00,2023-10-07T00:24:45-07:00,3,42
src/index.css,147,css,928790b7,anirudh428,2023-10-07,00:24:45,-07:00,2023-10-07T00:24:45-07:00,3,39
src/index.css,148,css,928790b7,anirudh428,2023-10-07,00:24:45,-07:00,2023-10-07T00:24:45-07:00,3,43
src/index.css,149,css,928790b7,anirudh428,2023-10-07,00:24:45,-07:00,2023-10-07T00:24:45-07:00,3,39
src/index.css,150,css,928790b7,anirudh428,2023-10-07,00:24:45,-07:00,2023-10-07T00:24:45-07:00,3,42
src/index.css,151,css,928790b7,anirudh428,2023-10-07,00:24:45,-07:00,2023-10-07T00:24:45-07:00,3,40
src/index.css,152,css,928790b7,anirudh428,2023-10-07,00:24:45,-07:00,2023-10-07T00:24:45-07:00,3,43
src/index.css,153,css,928790b7,anirudh428,2023-10-07,00:24:45,-07:00,2023-10-07T00:24:45-07:00,1,0
src/index.css,154,css,928790b7,anirudh428,2023-10-07,00:24:45,-07:00,2023-10-07T00:24:45-07:00,1,5
src/index.css,155,css,d7a0ed78,anirudh9280,2025-04-19,16:21:58,-07:00,2025-04-19T16:21:58-07:00,2,9
src/index.css,156,css,d7a0ed78,anirudh9280,2025-04-19,16:21:58,-07:00,2025-04-19T16:21:58-07:00,3,42
src/index.css,157,css,d7a0ed78,anirudh9280,2025-04-19,16:21:58,-07:00,2025-04-19T16:21:58-07:00,3,25
src/index.css,158,css,d7a0ed78,anirudh9280,2025-04-19,16:21:58,-07:00,2025-04-19T16:21:58-07:00,3,39
src/index.css,159,css,928790b7,anirudh428,2023-10-07,00:24:45,-07:00,2023-10-07T00:24:45-07:00,3,43
src/index.css,160,css,928790b7,anirudh428,2023-10-07,00:24:45,-07:00,2023-10-07T00:24:45-07:00,3,39
src/index.css,161,css,928790b7,anirudh428,2023-10-07,00:24:45,-07:00,2023-10-07T00:24:45-07:00,3,42
src/index.css,162,css,928790b7,anirudh428,2023-10-07,00:24:45,-07:00,2023-10-07T00:24:45-07:00,3,40
src/index.css,163,css,928790b7,anirudh428,2023-10-07,00:24:45,-07:00,2023-10-07T00:24:45-07:00,3,43
src/index.css,164,css,928790b7,anirudh428,2023-10-07,00:24:45,-07:00,2023-10-07T00:24:45-07:00,1,0
src/index.css,165,css,928790b7,anirudh428,2023-10-07,00:24:45,-07:00,2023-10-07T00:24:45-07:00,1,3
src/index.css,166,css,d7a0ed78,anirudh9280,2025-04-19,16:21:58,-07:00,2025-04-19T16:21:58-07:00,2,9
src/index.css,167,css,d7a0ed78,anirudh9280,2025-04-19,16:21:58,-07:00,2025-04-19T16:21:58-07:00,3,42
src/index.css,168,css,d7a0ed78,anirudh9280,2025-04-19,16:21:58,-07:00,2025-04-19T16:21:58-07:00,3,42
src/index.css,169,css,d7a0ed78,anirudh9280,2025-04-19,16:21:58,-07:00,2025-04-19T16:21:58-07:00,3,22
src/index.css,170,css,928790b7,anirudh428,2023-10-07,00:24:45,-07:00,2023-10-07T00:24:45-07:00,3,43
src/index.css,171,css,928790b7,anirudh428,2023-10-07,00:24:45,-07:00,2023-10-07T00:24:45-07:00,3,39
src/index.css,172,css,928790b7,anirudh428,2023-10-07,00:24:45,-07:00,2023-10-07T00:24:45-07:00,3,42
src/index.css,173,css,928790b7,anirudh428,2023-10-07,00:24:45,-07:00,2023-10-07T00:24:45-07:00,3,40
src/index.css,174,css,928790b7,anirudh428,2023-10-07,00:24:45,-07:00,2023-10-07T00:24:45-07:00,3,43
src/index.css,175,css,928790b7,anirudh428,2023-10-07,00:24:45,-07:00,2023-10-07T00:24:45-07:00,1,0
src/index.css,176,css,928790b7,anirudh428,2023-10-07,00:24:45,-07:00,2023-10-07T00:24:45-07:00,1,5
src/index.css,177,css,d7a0ed78,anirudh9280,2025-04-19,16:21:58,-07:00,2025-04-19T16:21:58-07:00,2,9
src/index.css,178,css,d7a0ed78,anirudh9280,2025-04-19,16:21:58,-07:00,2025-04-19T16:21:58-07:00,3,42
src/index.css,179,css,928790b7,anirudh428,2023-10-07,00:24:45,-07:00,2023-10-07T00:24:45-07:00,3,42
src/index.css,180,css,d7a0ed78,anirudh9280,2025-04-19,16:21:58,-07:00,2025-04-19T16:21:58-07:00,3,39
src/index.css,181,css,d7a0ed78,anirudh9280,2025-04-19,16:21:58,-07:00,2025-04-19T16:21:58-07:00,3,26
src/index.css,182,css,928790b7,anirudh428,2023-10-07,00:24:45,-07:00,2023-10-07T00:24:45-07:00,3,39
src/index.css,183,css,928790b7,anirudh428,2023-10-07,00:24:45,-07:00,2023-10-07T00:24:45-07:00,3,42
src/index.css,184,css,928790b7,anirudh428,2023-10-07,00:24:45,-07:00,2023-10-07T00:24:45-07:00,3,40
src/index.css,185,css,928790b7,anirudh428,2023-10-07,00:24:45,-07:00,2023-10-07T00:24:45-07:00,3,43
src/index.css,186,css,928790b7,anirudh428,2023-10-07,00:24:45,-07:00,2023-10-07T00:24:45-07:00,1,0
src/index.css,187,css,928790b7,anirudh428,2023-10-07,00:24:45,-07:00,2023-10-07T00:24:45-07:00,1,3
src/index.css,188,css,d7a0ed78,anirudh9280,2025-04-19,16:21:58,-07:00,2025-04-19T16:21:58-07:00,2,9
src/index.css,189,css,d7a0ed78,anirudh9280,2025-04-19,16:21:58,-07:00,2025-04-19T16:21:58-07:00,3,42
src/index.css,190,css,928790b7,anirudh428,2023-10-07,00:24:45,-07:00,2023-10-07T00:24:45-07:00,3,42
src/index.css,191,css,928790b7,anirudh428,2023-10-07,00:24:45,-07:00,2023-10-07T00:24:45-07:00,3,39
src/index.css,192,css,d7a0ed78,anirudh9280,2025-04-19,16:21:58,-07:00,2025-04-19T16:21:58-07:00,3,43
src/index.css,193,css,d7a0ed78,anirudh9280,2025-04-19,16:21:58,-07:00,2025-04-19T16:21:58-07:00,3,22
src/index.css,194,css,928790b7,anirudh428,2023-10-07,00:24:45,-07:00,2023-10-07T00:24:45-07:00,3,42
src/index.css,195,css,928790b7,anirudh428,2023-10-07,00:24:45,-07:00,2023-10-07T00:24:45-07:00,3,40
src/index.css,196,css,928790b7,anirudh428,2023-10-07,00:24:45,-07:00,2023-10-07T00:24:45-07:00,3,43
src/index.css,197,css,928790b7,anirudh428,2023-10-07,00:24:45,-07:00,2023-10-07T00:24:45-07:00,1,0
src/index.css,198,css,928790b7,anirudh428,2023-10-07,00:24:45,-07:00,2023-10-07T00:24:45-07:00,1,5
src/index.css,199,css,d7a0ed78,anirudh9280,2025-04-19,16:21:58,-07:00,2025-04-19T16:21:58-07:00,2,9
src/index.css,200,css,d7a0ed78,anirudh9280,2025-04-19,16:21:58,-07:00,2025-04-19T16:21:58-07:00,3,42
src/index.css,201,css,928790b7,anirudh428,2023-10-07,00:24:45,-07:00,2023-10-07T00:24:45-07:00,3,42
src/index.css,202,css,928790b7,anirudh428,2023-10-07,00:24:45,-07:00,2023-10-07T00:24:45-07:00,3,39
src/index.css,203,css,928790b7,anirudh428,2023-10-07,00:24:45,-07:00,2023-10-07T00:24:45-07:00,3,43
src/index.css,204,css,d7a0ed78,anirudh9280,2025-04-19,16:21:58,-07:00,2025-04-19T16:21:58-07:00,3,39
src/index.css,205,css,d7a0ed78,anirudh9280,2025-04-19,16:21:58,-07:00,2025-04-19T16:21:58-07:00,3,25
src/index.css,206,css,928790b7,anirudh428,2023-10-07,00:24:45,-07:00,2023-10-07T00:24:45-07:00,3,40
src/index.css,207,css,928790b7,anirudh428,2023-10-07,00:24:45,-07:00,2023-10-07T00:24:45-07:00,3,43
src/index.css,208,css,928790b7,anirudh428,2023-10-07,00:24:45,-07:00,2023-10-07T00:24:45-07:00,1,0
src/index.css,209,css,928790b7,anirudh428,2023-10-07,00:24:45,-07:00,2023-10-07T00:24:45-07:00,1,3
src/index.css,210,css,d7a0ed78,anirudh9280,2025-04-19,16:21:58,-07:00,2025-04-19T16:21:58-07:00,2,9
src/index.css,211,css,d7a0ed78,anirudh9280,2025-04-19,16:21:58,-07:00,2025-04-19T16:21:58-07:00,3,42
src/index.css,212,css,928790b7,anirudh428,2023-10-07,00:24:45,-07:00,2023-10-07T00:24:45-07:00,3,42
src/index.css,213,css,928790b7,anirudh428,2023-10-07,00:24:45,-07:00,2023-10-07T00:24:45-07:00,3,39
src/index.css,214,css,928790b7,anirudh428,2023-10-07,00:24:45,-07:00,2023-10-07T00:24:45-07:00,3,43
src/index.css,215,css,928790b7,anirudh428,2023-10-07,00:24:45,-07:00,2023-10-07T00:24:45-07:00,3,39
src/index.css,216,css,d7a0ed78,anirudh9280,2025-04-19,16:21:58,-07:00,2025-04-19T16:21:58-07:00,3,42
src/index.css,217,css,d7a0ed78,anirudh9280,2025-04-19,16:21:58,-07:00,2025-04-19T16:21:58-07:00,3,23
src/index.css,218,css,928790b7,anirudh428,2023-10-07,00:24:45,-07:00,2023-10-07T00:24:45-07:00,3,43
src/index.css,219,css,928790b7,anirudh428,2023-10-07,00:24:45,-07:00,2023-10-07T00:24:45-07:00,1,0
src/index.css,220,css,928790b7,anirudh428,2023-10-07,00:24:45,-07:00,2023-10-07T00:24:45-07:00,1,5
src/index.css,221,css,d7a0ed78,anirudh9280,2025-04-19,16:21:58,-07:00,2025-04-19T16:21:58-07:00,2,9
src/index.css,222,css,d7a0ed78,anirudh9280,2025-04-19,16:21:58,-07:00,2025-04-19T16:21:58-07:00,3,42
src/index.css,223,css,928790b7,anirudh428,2023-10-07,00:24:45,-07:00,2023-10-07T00:24:45-07:00,3,42
src/index.css,224,css,928790b7,anirudh428,2023-10-07,00:24:45,-07:00,2023-10-07T00:24:45-07:00,3,39
src/index.css,225,css,928790b7,anirudh428,2023-10-07,00:24:45,-07:00,2023-10-07T00:24:45-07:00,3,43
src/index.css,226,css,928790b7,anirudh428,2023-10-07,00:24:45,-07:00,2023-10-07T00:24:45-07:00,3,39
src/index.css,227,css,928790b7,anirudh428,2023-10-07,00:24:45,-07:00,2023-10-07T00:24:45-07:00,3,42
src/index.css,228,css,d7a0ed78,anirudh9280,2025-04-19,16:21:58,-07:00,2025-04-19T16:21:58-07:00,3,40
src/index.css,229,css,d7a0ed78,anirudh9280,2025-04-19,16:21:58,-07:00,2025-04-19T16:21:58-07:00,3,26
src/index.css,230,css,928790b7,anirudh428,2023-10-07,00:24:45,-07:00,2023-10-07T00:24:45-07:00,1,0
src/index.css,231,css,d7a0ed78,anirudh9280,2025-04-19,16:21:58,-07:00,2025-04-19T16:21:58-07:00,0,0
src/index.css,232,css,d7a0ed78,anirudh9280,2025-04-19,16:21:58,-07:00,2025-04-19T16:21:58-07:00,0,0
src/index.css,233,css,d7a0ed78,anirudh9280,2025-04-19,16:21:58,-07:00,2025-04-19T16:21:58-07:00,0,17
src/index.css,234,css,d7a0ed78,anirudh9280,2025-04-19,16:21:58,-07:00,2025-04-19T16:21:58-07:00,0,10
src/index.css,235,css,d7a0ed78,anirudh9280,2025-04-19,16:21:58,-07:00,2025-04-19T16:21:58-07:00,1,24
src/index.css,236,css,d7a0ed78,anirudh9280,2025-04-19,16:21:58,-07:00,2025-04-19T16:21:58-07:00,1,11
src/index.css,237,css,d7a0ed78,anirudh9280,2025-04-19,16:21:58,-07:00,2025-04-19T16:21:58-07:00,0,0
src/index.css,238,css,d7a0ed78,anirudh9280,2025-04-19,16:21:58,-07:00,2025-04-19T16:21:58-07:00,0,0
src/index.css,239,css,d7a0ed78,anirudh9280,2025-04-19,16:21:58,-07:00,2025-04-19T16:21:58-07:00,0,11
src/index.css,240,css,d7a0ed78,anirudh9280,2025-04-19,16:21:58,-07:00,2025-04-19T16:21:58-07:00,1,24
src/index.css,241,css,d7a0ed78,anirudh9280,2025-04-19,16:21:58,-07:00,2025-04-19T16:21:58-07:00,1,13
src/index.css,242,css,d7a0ed78,anirudh9280,2025-04-19,16:21:58,-07:00,2025-04-19T16:21:58-07:00,0,0
src/index.css,243,css,d7a0ed78,anirudh9280,2025-04-19,16:21:58,-07:00,2025-04-19T16:21:58-07:00,0,0
src/index.css,244,css,d7a0ed78,anirudh9280,2025-04-19,16:21:58,-07:00,2025-04-19T16:21:58-07:00,0,44
src/index.css,245,css,d7a0ed78,anirudh9280,2025-04-19,16:21:58,-07:00,2025-04-19T16:21:58-07:00,0,23
src/index.css,246,css,d7a0ed78,anirudh9280,2025-04-19,16:21:58,-07:00,2025-04-19T16:21:58-07:00,1,24
src/index.css,247,css,d7a0ed78,anirudh9280,2025-04-19,16:21:58,-07:00,2025-04-19T16:21:58-07:00,0,0
src/index.css,248,css,d7a0ed78,anirudh9280,2025-04-19,16:21:58,-07:00,2025-04-19T16:21:58-07:00,0,0
src/index.css,249,css,d7a0ed78,anirudh9280,2025-04-19,16:21:58,-07:00,2025-04-19T16:21:58-07:00,0,24
src/index.css,250,css,d7a0ed78,anirudh9280,2025-04-19,16:21:58,-07:00,2025-04-19T16:21:58-07:00,1,24
src/index.css,251,css,d7a0ed78,anirudh9280,2025-04-19,16:21:58,-07:00,2025-04-19T16:21:58-07:00,0,0
src/index.css,252,css,d7a0ed78,anirudh9280,2025-04-19,16:21:58,-07:00,2025-04-19T16:21:58-07:00,0,0
src/index.css,253,css,d7a0ed78,anirudh9280,2025-04-19,16:21:58,-07:00,2025-04-19T16:21:58-07:00,0,27
src/index.css,254,css,d7a0ed78,anirudh9280,2025-04-19,16:21:58,-07:00,2025-04-19T16:21:58-07:00,1,18
src/index.css,255,css,d7a0ed78,anirudh9280,2025-04-19,16:21:58,-07:00,2025-04-19T16:21:58-07:00,0,0
src/index.css,256,css,d7a0ed78,anirudh9280,2025-04-19,16:21:58,-07:00,2025-04-19T16:21:58-07:00,0,0
src/index.css,257,css,d7a0ed78,anirudh9280,2025-04-19,16:21:58,-07:00,2025-04-19T16:21:58-07:00,0,32
src/index.css,258,css,d7a0ed78,anirudh9280,2025-04-19,16:21:58,-07:00,2025-04-19T16:21:58-07:00,1,65
src/index.css,259,css,d7a0ed78,anirudh9280,2025-04-19,16:21:58,-07:00,2025-04-19T16:21:58-07:00,0,0
src/index.css,260,css,d7a0ed78,anirudh9280,2025-04-19,16:21:58,-07:00,2025-04-19T16:21:58-07:00,0,0
src/index.css,261,css,d7a0ed78,anirudh9280,2025-04-19,16:21:58,-07:00,2025-04-19T16:21:58-07:00,0,38
src/index.css,262,css,d7a0ed78,anirudh9280,2025-04-19,16:21:58,-07:00,2025-04-19T16:21:58-07:00,0,24
src/index.css,263,css,d7a0ed78,anirudh9280,2025-04-19,16:21:58,-07:00,2025-04-19T16:21:58-07:00,0,28
src/index.css,264,css,d7a0ed78,anirudh9280,2025-04-19,16:21:58,-07:00,2025-04-19T16:21:58-07:00,1,24
src/index.css,265,css,d7a0ed78,anirudh9280,2025-04-19,16:21:58,-07:00,2025-04-19T16:21:58-07:00,0,0
src/index.css,266,css,d7a0ed78,anirudh9280,2025-04-19,16:21:58,-07:00,2025-04-19T16:21:58-07:00,0,0
src/index.css,267,css,d7a0ed78,anirudh9280,2025-04-19,16:21:58,-07:00,2025-04-19T16:21:58-07:00,0,24
src/index.css,268,css,d7a0ed78,anirudh9280,2025-04-19,16:21:58,-07:00,2025-04-19T16:21:58-07:00,1,24
src/index.css,269,css,d7a0ed78,anirudh9280,2025-04-19,16:21:58,-07:00,2025-04-19T16:21:58-07:00,1,11
src/index.css,270,css,d7a0ed78,anirudh9280,2025-04-19,16:21:58,-07:00,2025-04-19T16:21:58-07:00,0,0
src/index.css,271,css,d7a0ed78,anirudh9280,2025-04-19,16:21:58,-07:00,2025-04-19T16:21:58-07:00,0,0
src/index.css,272,css,d7a0ed78,anirudh9280,2025-04-19,16:21:58,-07:00,2025-04-19T16:21:58-07:00,0,27
src/index.css,273,css,d7a0ed78,anirudh9280,2025-04-19,16:21:58,-07:00,2025-04-19T16:21:58-07:00,1,24
src/index.css,274,css,d7a0ed78,anirudh9280,2025-04-19,16:21:58,-07:00,2025-04-19T16:21:58-07:00,0,0
src/index.css,275,css,d7a0ed78,anirudh9280,2025-04-19,16:21:58,-07:00,2025-04-19T16:21:58-07:00,0,0
src/index.css,276,css,d7a0ed78,anirudh9280,2025-04-19,16:21:58,-07:00,2025-04-19T16:21:58-07:00,0,40
src/index.css,277,css,d7a0ed78,anirudh9280,2025-04-19,16:21:58,-07:00,2025-04-19T16:21:58-07:00,0,46
src/index.css,278,css,d7a0ed78,anirudh9280,2025-04-19,16:21:58,-07:00,2025-04-19T16:21:58-07:00,1,24
src/index.css,279,css,d7a0ed78,anirudh9280,2025-04-19,16:21:58,-07:00,2025-04-19T16:21:58-07:00,1,24
src/index.css,280,css,d7a0ed78,anirudh9280,2025-04-19,16:21:58,-07:00,2025-04-19T16:21:58-07:00,1,40
src/index.css,281,css,d7a0ed78,anirudh9280,2025-04-19,16:21:58,-07:00,2025-04-19T16:21:58-07:00,0,0
src/index.css,282,css,d7a0ed78,anirudh9280,2025-04-19,16:21:58,-07:00,2025-04-19T16:21:58-07:00,0,0
src/index.css,283,css,d7a0ed78,anirudh9280,2025-04-19,16:21:58,-07:00,2025-04-19T16:21:58-07:00,0,43
src/index.css,284,css,d7a0ed78,anirudh9280,2025-04-19,16:21:58,-07:00,2025-04-19T16:21:58-07:00,1,9
src/index.css,285,css,d7a0ed78,anirudh9280,2025-04-19,16:21:58,-07:00,2025-04-19T16:21:58-07:00,2,16
src/index.css,286,css,d7a0ed78,anirudh9280,2025-04-19,16:21:58,-07:00,2025-04-19T16:21:58-07:00,2,32
src/index.css,287,css,d7a0ed78,anirudh9280,2025-04-19,16:21:58,-07:00,2025-04-19T16:21:58-07:00,2,30
src/index.css,288,css,d7a0ed78,anirudh9280,2025-04-19,16:21:58,-07:00,2025-04-19T16:21:58-07:00,0,0
src/index.css,289,css,d7a0ed78,anirudh9280,2025-04-19,16:21:58,-07:00,2025-04-19T16:21:58-07:00,0,0
src/index.css,290,css,d7a0ed78,anirudh9280,2025-04-19,16:21:58,-07:00,2025-04-19T16:21:58-07:00,0,38
src/index.css,291,css,d7a0ed78,anirudh9280,2025-04-19,16:21:58,-07:00,2025-04-19T16:21:58-07:00,0,25
src/index.css,292,css,d7a0ed78,anirudh9280,2025-04-19,16:21:58,-07:00,2025-04-19T16:21:58-07:00,1,24
src/index.css,293,css,d7a0ed78,anirudh9280,2025-04-19,16:21:58,-07:00,2025-04-19T16:21:58-07:00,1,24
src/index.css,294,css,d7a0ed78,anirudh9280,2025-04-19,16:21:58,-07:00,2025-04-19T16:21:58-07:00,1,47
src/index.css,295,css,d7a0ed78,anirudh9280,2025-04-19,16:21:58,-07:00,2025-04-19T16:21:58-07:00,0,0
src/index.css,296,css,d7a0ed78,anirudh9280,2025-04-19,16:21:58,-07:00,2025-04-19T16:21:58-07:00,0,0
src/index.css,297,css,d7a0ed78,anirudh9280,2025-04-19,16:21:58,-07:00,2025-04-19T16:21:58-07:00,0,27
src/index.css,298,css,d7a0ed78,anirudh9280,2025-04-19,16:21:58,-07:00,2025-04-19T16:21:58-07:00,1,24
src/index.css,299,css,d7a0ed78,anirudh9280,2025-04-19,16:21:58,-07:00,2025-04-19T16:21:58-07:00,0,0
src/index.css,300,css,d7a0ed78,anirudh9280,2025-04-19,16:21:58,-07:00,2025-04-19T16:21:58-07:00,0,0
src/index.css,301,css,d7a0ed78,anirudh9280,2025-04-19,16:21:58,-07:00,2025-04-19T16:21:58-07:00,0,41
src/index.css,302,css,d7a0ed78,anirudh9280,2025-04-19,16:21:58,-07:00,2025-04-19T16:21:58-07:00,0,36
src/index.css,303,css,d7a0ed78,anirudh9280,2025-04-19,16:21:58,-07:00,2025-04-19T16:21:58-07:00,1,24
src/index.css,304,css,d7a0ed78,anirudh9280,2025-04-19,16:21:58,-07:00,2025-04-19T16:21:58-07:00,1,24
src/index.css,305,css,d7a0ed78,anirudh9280,2025-04-19,16:21:58,-07:00,2025-04-19T16:21:58-07:00,1,47
src/index.css,306,css,d7a0ed78,anirudh9280,2025-04-19,16:21:58,-07:00,2025-04-19T16:21:58-07:00,0,0
src/index.css,307,css,d7a0ed78,anirudh9280,2025-04-19,16:21:58,-07:00,2025-04-19T16:21:58-07:00,0,0
src/index.css,308,css,d7a0ed78,anirudh9280,2025-04-19,16:21:58,-07:00,2025-04-19T16:21:58-07:00,0,22
src/index.css,309,css,d7a0ed78,anirudh9280,2025-04-19,16:21:58,-07:00,2025-04-19T16:21:58-07:00,0,26
src/index.css,310,css,d7a0ed78,anirudh9280,2025-04-19,16:21:58,-07:00,2025-04-19T16:21:58-07:00,1,24
src/index.css,311,css,d7a0ed78,anirudh9280,2025-04-19,16:21:58,-07:00,2025-04-19T16:21:58-07:00,1,13
src/index.css,312,css,d7a0ed78,anirudh9280,2025-04-19,16:21:58,-07:00,2025-04-19T16:21:58-07:00,1,24
src/index.css,313,css,d7a0ed78,anirudh9280,2025-04-19,16:21:58,-07:00,2025-04-19T16:21:58-07:00,0,0
src/index.css,314,css,d7a0ed78,anirudh9280,2025-04-19,16:21:58,-07:00,2025-04-19T16:21:58-07:00,0,0
src/index.css,315,css,d7a0ed78,anirudh9280,2025-04-19,16:21:58,-07:00,2025-04-19T16:21:58-07:00,0,35
src/index.css,316,css,d7a0ed78,anirudh9280,2025-04-19,16:21:58,-07:00,2025-04-19T16:21:58-07:00,0,39
src/index.css,317,css,d7a0ed78,anirudh9280,2025-04-19,16:21:58,-07:00,2025-04-19T16:21:58-07:00,1,13
src/index.css,318,css,d7a0ed78,anirudh9280,2025-04-19,16:21:58,-07:00,2025-04-19T16:21:58-07:00,0,0
src/index.css,319,css,d7a0ed78,anirudh9280,2025-04-19,16:21:58,-07:00,2025-04-19T16:21:58-07:00,0,0
src/index.css,320,css,d7a0ed78,anirudh9280,2025-04-19,16:21:58,-07:00,2025-04-19T16:21:58-07:00,0,55
src/index.css,321,css,d7a0ed78,anirudh9280,2025-04-19,16:21:58,-07:00,2025-04-19T16:21:58-07:00,0,30
src/index.css,322,css,d7a0ed78,anirudh9280,2025-04-19,16:21:58,-07:00,2025-04-19T16:21:58-07:00,0,31
src/index.css,323,css,d7a0ed78,anirudh9280,2025-04-19,16:21:58,-07:00,2025-04-19T16:21:58-07:00,0,30
src/index.css,324,css,d7a0ed78,anirudh9280,2025-04-19,16:21:58,-07:00,2025-04-19T16:21:58-07:00,0,33
src/index.css,325,css,d7a0ed78,anirudh9280,2025-04-19,16:21:58,-07:00,2025-04-19T16:21:58-07:00,1,18
src/index.css,326,css,d7a0ed78,anirudh9280,2025-04-19,16:21:58,-07:00,2025-04-19T16:21:58-07:00,1,31
src/index.css,327,css,d7a0ed78,anirudh9280,2025-04-19,16:21:58,-07:00,2025-04-19T16:21:58-07:00,1,31
src/index.css,328,css,d7a0ed78,anirudh9280,2025-04-19,16:21:58,-07:00,2025-04-19T16:21:58-07:00,0,0
src/index.css,329,css,d7a0ed78,anirudh9280,2025-04-19,16:21:58,-07:00,2025-04-19T16:21:58-07:00,0,0
src/index.css,330,css,d7a0ed78,anirudh9280,2025-04-19,16:21:58,-07:00,2025-04-19T16:21:58-07:00,0,31
src/index.css,331,css,d7a0ed78,anirudh9280,2025-04-19,16:21:58,-07:00,2025-04-19T16:21:58-07:00,1,13
src/index.css,332,css,d7a0ed78,anirudh9280,2025-04-19,16:21:58,-07:00,2025-04-19T16:21:58-07:00,0,0
src/index.css,333,css,d7a0ed78,anirudh9280,2025-04-19,16:21:58,-07:00,2025-04-19T16:21:58-07:00,0,0
src/index.css,334,css,d7a0ed78,anirudh9280,2025-04-19,16:21:58,-07:00,2025-04-19T16:21:58-07:00,0,32
src/index.css,335,css,d7a0ed78,anirudh9280,2025-04-19,16:21:58,-07:00,2025-04-19T16:21:58-07:00,1,13
src/index.css,336,css,d7a0ed78,anirudh9280,2025-04-19,16:21:58,-07:00,2025-04-19T16:21:58-07:00,0,0
src/index.css,337,css,d7a0ed78,anirudh9280,2025-04-19,16:21:58,-07:00,2025-04-19T16:21:58-07:00,0,0
src/index.css,338,css,d7a0ed78,anirudh9280,2025-04-19,16:21:58,-07:00,2025-04-19T16:21:58-07:00,0,31
src/index.css,339,css,d7a0ed78,anirudh9280,2025-04-19,16:21:58,-07:00,2025-04-19T16:21:58-07:00,1,13
src/index.css,340,css,d7a0ed78,anirudh9280,2025-04-19,16:21:58,-07:00,2025-04-19T16:21:58-07:00,0,0
src/index.css,341,css,d7a0ed78,anirudh9280,2025-04-19,16:21:58,-07:00,2025-04-19T16:21:58-07:00,0,0
src/index.css,342,css,d7a0ed78,anirudh9280,2025-04-19,16:21:58,-07:00,2025-04-19T16:21:58-07:00,0,33
src/index.css,343,css,d7a0ed78,anirudh9280,2025-04-19,16:21:58,-07:00,2025-04-19T16:21:58-07:00,1,13
src/index.css,344,css,d7a0ed78,anirudh9280,2025-04-19,16:21:58,-07:00,2025-04-19T16:21:58-07:00,0,0
src/index.css,345,css,d7a0ed78,anirudh9280,2025-04-19,16:21:58,-07:00,2025-04-19T16:21:58-07:00,0,0
src/index.css,346,css,d7a0ed78,anirudh9280,2025-04-19,16:21:58,-07:00,2025-04-19T16:21:58-07:00,0,30
src/index.css,347,css,d7a0ed78,anirudh9280,2025-04-19,16:21:58,-07:00,2025-04-19T16:21:58-07:00,0,27
src/index.css,348,css,d7a0ed78,anirudh9280,2025-04-19,16:21:58,-07:00,2025-04-19T16:21:58-07:00,1,13
src/index.css,349,css,d7a0ed78,anirudh9280,2025-04-19,16:21:58,-07:00,2025-04-19T16:21:58-07:00,0,0
src/index.css,350,css,d7a0ed78,anirudh9280,2025-04-19,16:21:58,-07:00,2025-04-19T16:21:58-07:00,0,0
src/index.css,351,css,d7a0ed78,anirudh9280,2025-04-19,16:21:58,-07:00,2025-04-19T16:21:58-07:00,0,23
src/index.css,352,css,d7a0ed78,anirudh9280,2025-04-19,16:21:58,-07:00,2025-04-19T16:21:58-07:00,1,13
src/index.css,353,css,d7a0ed78,anirudh9280,2025-04-19,16:21:58,-07:00,2025-04-19T16:21:58-07:00,0,0
src/index.css,354,css,d7a0ed78,anirudh9280,2025-04-19,16:21:58,-07:00,2025-04-19T16:21:58-07:00,0,0
src/index.css,355,css,d7a0ed78,anirudh9280,2025-04-19,16:21:58,-07:00,2025-04-19T16:21:58-07:00,0,30
src/index.css,356,css,d7a0ed78,anirudh9280,2025-04-19,16:21:58,-07:00,2025-04-19T16:21:58-07:00,0,27
src/index.css,357,css,d7a0ed78,anirudh9280,2025-04-19,16:21:58,-07:00,2025-04-19T16:21:58-07:00,1,18
src/index.css,358,css,d7a0ed78,anirudh9280,2025-04-19,16:21:58,-07:00,2025-04-19T16:21:58-07:00,1,47
src/index.css,359,css,d7a0ed78,anirudh9280,2025-04-19,16:21:58,-07:00,2025-04-19T16:21:58-07:00,0,0
src/index.css,360,css,d7a0ed78,anirudh9280,2025-04-19,16:21:58,-07:00,2025-04-19T16:21:58-07:00,0,0
src/index.css,361,css,d7a0ed78,anirudh9280,2025-04-19,16:21:58,-07:00,2025-04-19T16:21:58-07:00,0,24
src/index.css,362,css,d7a0ed78,anirudh9280,2025-04-19,16:21:58,-07:00,2025-04-19T16:21:58-07:00,0,16
src/index.css,363,css,d7a0ed78,anirudh9280,2025-04-19,16:21:58,-07:00,2025-04-19T16:21:58-07:00,1,25
src/index.css,364,css,d7a0ed78,anirudh9280,2025-04-19,16:21:58,-07:00,2025-04-19T16:21:58-07:00,0,0
src/index.css,365,css,d7a0ed78,anirudh9280,2025-04-19,16:21:58,-07:00,2025-04-19T16:21:58-07:00,0,0
src/index.css,366,css,d7a0ed78,anirudh9280,2025-04-19,16:21:58,-07:00,2025-04-19T16:21:58-07:00,0,24
src/index.css,367,css,d7a0ed78,anirudh9280,2025-04-19,16:21:58,-07:00,2025-04-19T16:21:58-07:00,1,26
src/index.css,368,css,d7a0ed78,anirudh9280,2025-04-19,16:21:58,-07:00,2025-04-19T16:21:58-07:00,1,20
src/index.css,369,css,d7a0ed78,anirudh9280,2025-04-19,16:21:58,-07:00,2025-04-19T16:21:58-07:00,0,0
src/index.css,370,css,d7a0ed78,anirudh9280,2025-04-19,16:21:58,-07:00,2025-04-19T16:21:58-07:00,0,0
src/index.css,371,css,d7a0ed78,anirudh9280,2025-04-19,16:21:58,-07:00,2025-04-19T16:21:58-07:00,0,13
src/index.css,372,css,d7a0ed78,anirudh9280,2025-04-19,16:21:58,-07:00,2025-04-19T16:21:58-07:00,1,32
src/index.css,373,css,d7a0ed78,anirudh9280,2025-04-19,16:21:58,-07:00,2025-04-19T16:21:58-07:00,0,0
src/index.css,374,css,d7a0ed78,anirudh9280,2025-04-19,16:21:58,-07:00,2025-04-19T16:21:58-07:00,0,0
src/index.css,375,css,d7a0ed78,anirudh9280,2025-04-19,16:21:58,-07:00,2025-04-19T16:21:58-07:00,0,40
src/index.css,376,css,d7a0ed78,anirudh9280,2025-04-19,16:21:58,-07:00,2025-04-19T16:21:58-07:00,1,24
src/index.css,377,css,d7a0ed78,anirudh9280,2025-04-19,16:21:58,-07:00,2025-04-19T16:21:58-07:00,0,0
src/index.css,378,css,d7a0ed78,anirudh9280,2025-04-19,16:21:58,-07:00,2025-04-19T16:21:58-07:00,0,0
src/index.css,379,css,d7a0ed78,anirudh9280,2025-04-19,16:21:58,-07:00,2025-04-19T16:21:58-07:00,0,38
src/index.css,380,css,d7a0ed78,anirudh9280,2025-04-19,16:21:58,-07:00,2025-04-19T16:21:58-07:00,1,10
src/index.css,381,css,d7a0ed78,anirudh9280,2025-04-19,16:21:58,-07:00,2025-04-19T16:21:58-07:00,0,0
src/index.css,382,css,d7a0ed78,anirudh9280,2025-04-19,16:21:58,-07:00,2025-04-19T16:21:58-07:00,0,0
src/index.css,383,css,d7a0ed78,anirudh9280,2025-04-19,16:21:58,-07:00,2025-04-19T16:21:58-07:00,0,24
src/index.css,384,css,d7a0ed78,anirudh9280,2025-04-19,16:21:58,-07:00,2025-04-19T16:21:58-07:00,0,16
src/index.css,385,css,d7a0ed78,anirudh9280,2025-04-19,16:21:58,-07:00,2025-04-19T16:21:58-07:00,1,17
src/index.css,386,css,d7a0ed78,anirudh9280,2025-04-19,16:21:58,-07:00,2025-04-19T16:21:58-07:00,1,10
src/index.css,387,css,d7a0ed78,anirudh9280,2025-04-19,16:21:58,-07:00,2025-04-19T16:21:58-07:00,1,11
src/index.css,388,css,d7a0ed78,anirudh9280,2025-04-19,16:21:58,-07:00,2025-04-19T16:21:58-07:00,1,16
src/index.css,389,css,d7a0ed78,anirudh9280,2025-04-19,16:21:58,-07:00,2025-04-19T16:21:58-07:00,0,0
src/index.css,390,css,d7a0ed78,anirudh9280,2025-04-19,16:21:58,-07:00,2025-04-19T16:21:58-07:00,0,0
src/index.css,391,css,d7a0ed78,anirudh9280,2025-04-19,16:21:58,-07:00,2025-04-19T16:21:58-07:00,0,23
src/index.css,392,css,d7a0ed78,anirudh9280,2025-04-19,16:21:58,-07:00,2025-04-19T16:21:58-07:00,1,21
src/index.css,393,css,d7a0ed78,anirudh9280,2025-04-19,16:21:58,-07:00,2025-04-19T16:21:58-07:00,1,22
src/index.css,394,css,d7a0ed78,anirudh9280,2025-04-19,16:21:58,-07:00,2025-04-19T16:21:58-07:00,1,12
src/index.css,395,css,d7a0ed78,anirudh9280,2025-04-19,16:21:58,-07:00,2025-04-19T16:21:58-07:00,0,0
src/index.css,396,css,d7a0ed78,anirudh9280,2025-04-19,16:21:58,-07:00,2025-04-19T16:21:58-07:00,0,0
src/index.css,397,css,d7a0ed78,anirudh9280,2025-04-19,16:21:58,-07:00,2025-04-19T16:21:58-07:00,0,51
src/index.css,398,css,d7a0ed78,anirudh9280,2025-04-19,16:21:58,-07:00,2025-04-19T16:21:58-07:00,0,18
src/index.css,399,css,d7a0ed78,anirudh9280,2025-04-19,16:21:58,-07:00,2025-04-19T16:21:58-07:00,1,39
src/index.css,400,css,d7a0ed78,anirudh9280,2025-04-19,16:21:58,-07:00,2025-04-19T16:21:58-07:00,0,0
src/index.css,401,css,d7a0ed78,anirudh9280,2025-04-19,16:21:58,-07:00,2025-04-19T16:21:58-07:00,0,0
src/index.css,402,css,d7a0ed78,anirudh9280,2025-04-19,16:21:58,-07:00,2025-04-19T16:21:58-07:00,0,28
src/index.css,403,css,d7a0ed78,anirudh9280,2025-04-19,16:21:58,-07:00,2025-04-19T16:21:58-07:00,1,55
src/index.css,404,css,d7a0ed78,anirudh9280,2025-04-19,16:21:58,-07:00,2025-04-19T16:21:58-07:00,0,0
src/index.css,405,css,d7a0ed78,anirudh9280,2025-04-19,16:21:58,-07:00,2025-04-19T16:21:58-07:00,0,0
src/index.css,406,css,d7a0ed78,anirudh9280,2025-04-19,16:21:58,-07:00,2025-04-19T16:21:58-07:00,0,37
src/index.css,407,css,d7a0ed78,anirudh9280,2025-04-19,16:21:58,-07:00,2025-04-19T16:21:58-07:00,0,16
src/index.css,408,css,d7a0ed78,anirudh9280,2025-04-19,16:21:58,-07:00,2025-04-19T16:21:58-07:00,1,20
src/index.css,409,css,d7a0ed78,anirudh9280,2025-04-19,16:21:58,-07:00,2025-04-19T16:21:58-07:00,1,18
src/index.css,410,css,d7a0ed78,anirudh9280,2025-04-19,16:21:58,-07:00,2025-04-19T16:21:58-07:00,0,0
src/index.css,411,css,d7a0ed78,anirudh9280,2025-04-19,16:21:58,-07:00,2025-04-19T16:21:58-07:00,0,0
src/index.css,412,css,d7a0ed78,anirudh9280,2025-04-19,16:21:58,-07:00,2025-04-19T16:21:58-07:00,0,35
src/index.css,413,css,d7a0ed78,anirudh9280,2025-04-19,16:21:58,-07:00,2025-04-19T16:21:58-07:00,0,25
src/index.css,414,css,d7a0ed78,anirudh9280,2025-04-19,16:21:58,-07:00,2025-04-19T16:21:58-07:00,1,24
src/index.css,415,css,d7a0ed78,anirudh9280,2025-04-19,16:21:58,-07:00,2025-04-19T16:21:58-07:00,1,24
src/index.css,416,css,d7a0ed78,anirudh9280,2025-04-19,16:21:58,-07:00,2025-04-19T16:21:58-07:00,1,41
src/index.css,417,css,d7a0ed78,anirudh9280,2025-04-19,16:21:58,-07:00,2025-04-19T16:21:58-07:00,1,10
src/index.css,418,css,d7a0ed78,anirudh9280,2025-04-19,16:21:58,-07:00,2025-04-19T16:21:58-07:00,1,17
src/index.css,419,css,d7a0ed78,anirudh9280,2025-04-19,16:21:58,-07:00,2025-04-19T16:21:58-07:00,0,0
src/index.css,420,css,d7a0ed78,anirudh9280,2025-04-19,16:21:58,-07:00,2025-04-19T16:21:58-07:00,0,0
src/index.css,421,css,d7a0ed78,anirudh9280,2025-04-19,16:21:58,-07:00,2025-04-19T16:21:58-07:00,0,24
src/index.css,422,css,d7a0ed78,anirudh9280,2025-04-19,16:21:58,-07:00,2025-04-19T16:21:58-07:00,1,24
src/index.css,423,css,d7a0ed78,anirudh9280,2025-04-19,16:21:58,-07:00,2025-04-19T16:21:58-07:00,1,24
src/index.css,424,css,d7a0ed78,anirudh9280,2025-04-19,16:21:58,-07:00,2025-04-19T16:21:58-07:00,1,41
src/index.css,425,css,d7a0ed78,anirudh9280,2025-04-19,16:21:58,-07:00,2025-04-19T16:21:58-07:00,1,10
src/index.css,426,css,d7a0ed78,anirudh9280,2025-04-19,16:21:58,-07:00,2025-04-19T16:21:58-07:00,1,17
src/index.css,427,css,d7a0ed78,anirudh9280,2025-04-19,16:21:58,-07:00,2025-04-19T16:21:58-07:00,0,0
src/index.css,428,css,d7a0ed78,anirudh9280,2025-04-19,16:21:58,-07:00,2025-04-19T16:21:58-07:00,0,0
src/index.css,429,css,d7a0ed78,anirudh9280,2025-04-19,16:21:58,-07:00,2025-04-19T16:21:58-07:00,0,30
src/index.css,430,css,d7a0ed78,anirudh9280,2025-04-19,16:21:58,-07:00,2025-04-19T16:21:58-07:00,0,41
src/index.css,431,css,d7a0ed78,anirudh9280,2025-04-19,16:21:58,-07:00,2025-04-19T16:21:58-07:00,1,28
src/index.css,432,css,d7a0ed78,anirudh9280,2025-04-19,16:21:58,-07:00,2025-04-19T16:21:58-07:00,1,34
src/index.css,433,css,d7a0ed78,anirudh9280,2025-04-19,16:21:58,-07:00,2025-04-19T16:21:58-07:00,1,26
src/index.css,434,css,d7a0ed78,anirudh9280,2025-04-19,16:21:58,-07:00,2025-04-19T16:21:58-07:00,1,20
src/index.css,435,css,d7a0ed78,anirudh9280,2025-04-19,16:21:58,-07:00,2025-04-19T16:21:58-07:00,0,0
src/utils/motion.js,1,js,928790b7,anirudh428,2023-10-07,00:24:45,-07:00,2023-10-07T00:24:45-07:00,0,37
src/utils/motion.js,2,js,928790b7,anirudh428,2023-10-07,00:24:45,-07:00,2023-10-07T00:24:45-07:00,2,6
src/utils/motion.js,3,js,928790b7,anirudh428,2023-10-07,00:24:45,-07:00,2023-10-07T00:24:45-07:00,4,7
src/utils/motion.js,4,js,928790b7,anirudh428,2023-10-07,00:24:45,-07:00,2023-10-07T00:24:45-07:00,6,5
src/utils/motion.js,5,js,928790b7,anirudh428,2023-10-07,00:24:45,-07:00,2023-10-07T00:24:45-07:00,6,9
src/utils/motion.js,6,js,928790b7,anirudh428,2023-10-07,00:24:45,-07:00,2023-10-07T00:24:45-07:00,4,0
src/utils/motion.js,7,js,928790b7,anirudh428,2023-10-07,00:24:45,-07:00,2023-10-07T00:24:45-07:00,4,5
src/utils/motion.js,8,js,928790b7,anirudh428,2023-10-07,00:24:45,-07:00,2023-10-07T00:24:45-07:00,6,3
src/utils/motion.js,9,js,928790b7,anirudh428,2023-10-07,00:24:45,-07:00,2023-10-07T00:24:45-07:00,6,9
src/utils/motion.js,10,js,928790b7,anirudh428,2023-10-07,00:24:45,-07:00,2023-10-07T00:24:45-07:00,6,11
src/utils/motion.js,11,js,928790b7,anirudh428,2023-10-07,00:24:45,-07:00,2023-10-07T00:24:45-07:00,8,13
src/utils/motion.js,12,js,928790b7,anirudh428,2023-10-07,00:24:45,-07:00,2023-10-07T00:24:45-07:00,8,13
src/utils/motion.js,13,js,928790b7,anirudh428,2023-10-07,00:24:45,-07:00,2023-10-07T00:24:45-07:00,8,11
src/utils/motion.js,14,js,928790b7,anirudh428,2023-10-07,00:24:45,-07:00,2023-10-07T00:24:45-07:00,6,0
src/utils/motion.js,15,js,928790b7,anirudh428,2023-10-07,00:24:45,-07:00,2023-10-07T00:24:45-07:00,4,0
src/utils/motion.js,16,js,928790b7,anirudh428,2023-10-07,00:24:45,-07:00,2023-10-07T00:24:45-07:00,2,0
src/utils/motion.js,17,js,928790b7,anirudh428,2023-10-07,00:24:45,-07:00,2023-10-07T00:24:45-07:00,0,0
src/utils/motion.js,18,js,928790b7,anirudh428,2023-10-07,00:24:45,-07:00,2023-10-07T00:24:45-07:00,0,0
src/utils/motion.js,19,js,928790b7,anirudh428,2023-10-07,00:24:45,-07:00,2023-10-07T00:24:45-07:00,0,59
src/utils/motion.js,20,js,928790b7,anirudh428,2023-10-07,00:24:45,-07:00,2023-10-07T00:24:45-07:00,2,6
src/utils/motion.js,21,js,928790b7,anirudh428,2023-10-07,00:24:45,-07:00,2023-10-07T00:24:45-07:00,4,7
src/utils/motion.js,22,js,928790b7,anirudh428,2023-10-07,00:24:45,-07:00,2023-10-07T00:24:45-07:00,6,63
src/utils/motion.js,23,js,928790b7,anirudh428,2023-10-07,00:24:45,-07:00,2023-10-07T00:24:45-07:00,6,60
src/utils/motion.js,24,js,928790b7,anirudh428,2023-10-07,00:24:45,-07:00,2023-10-07T00:24:45-07:00,6,9
src/utils/motion.js,25,js,928790b7,anirudh428,2023-10-07,00:24:45,-07:00,2023-10-07T00:24:45-07:00,4,0
src/utils/motion.js,26,js,928790b7,anirudh428,2023-10-07,00:24:45,-07:00,2023-10-07T00:24:45-07:00,4,5
src/utils/motion.js,27,js,928790b7,anirudh428,2023-10-07,00:24:45,-07:00,2023-10-07T00:24:45-07:00,6,3
src/utils/motion.js,28,js,928790b7,anirudh428,2023-10-07,00:24:45,-07:00,2023-10-07T00:24:45-07:00,6,3
src/utils/motion.js,29,js,928790b7,anirudh428,2023-10-07,00:24:45,-07:00,2023-10-07T00:24:45-07:00,6,9
src/utils/motion.js,30,js,928790b7,anirudh428,2023-10-07,00:24:45,-07:00,2023-10-07T00:24:45-07:00,6,11
src/utils/motion.js,31,js,928790b7,anirudh428,2023-10-07,00:24:45,-07:00,2023-10-07T00:24:45-07:00,8,9
src/utils/motion.js,32,js,928790b7,anirudh428,2023-10-07,00:24:45,-07:00,2023-10-07T00:24:45-07:00,8,11
src/utils/motion.js,33,js,928790b7,anirudh428,2023-10-07,00:24:45,-07:00,2023-10-07T00:24:45-07:00,8,17
src/utils/motion.js,34,js,928790b7,anirudh428,2023-10-07,00:24:45,-07:00,2023-10-07T00:24:45-07:00,8,14
src/utils/motion.js,35,js,928790b7,anirudh428,2023-10-07,00:24:45,-07:00,2023-10-07T00:24:45-07:00,6,0
src/utils/motion.js,36,js,928790b7,anirudh428,2023-10-07,00:24:45,-07:00,2023-10-07T00:24:45-07:00,4,0
src/utils/motion.js,37,js,928790b7,anirudh428,2023-10-07,00:24:45,-07:00,2023-10-07T00:24:45-07:00,2,0
src/utils/motion.js,38,js,928790b7,anirudh428,2023-10-07,00:24:45,-07:00,2023-10-07T00:24:45-07:00,0,0
src/utils/motion.js,39,js,928790b7,anirudh428,2023-10-07,00:24:45,-07:00,2023-10-07T00:24:45-07:00,0,0
src/utils/motion.js,40,js,928790b7,anirudh428,2023-10-07,00:24:45,-07:00,2023-10-07T00:24:45-07:00,0,42
src/utils/motion.js,41,js,928790b7,anirudh428,2023-10-07,00:24:45,-07:00,2023-10-07T00:24:45-07:00,2,6
src/utils/motion.js,42,js,928790b7,anirudh428,2023-10-07,00:24:45,-07:00,2023-10-07T00:24:45-07:00,4,7
src/utils/motion.js,43,js,928790b7,anirudh428,2023-10-07,00:24:45,-07:00,2023-10-07T00:24:45-07:00,6,7
src/utils/motion.js,44,js,928790b7,anirudh428,2023-10-07,00:24:45,-07:00,2023-10-07T00:24:45-07:00,6,9
src/utils/motion.js,45,js,928790b7,anirudh428,2023-10-07,00:24:45,-07:00,2023-10-07T00:24:45-07:00,4,0
src/utils/motion.js,46,js,928790b7,anirudh428,2023-10-07,00:24:45,-07:00,2023-10-07T00:24:45-07:00,4,5
src/utils/motion.js,47,js,928790b7,anirudh428,2023-10-07,00:24:45,-07:00,2023-10-07T00:24:45-07:00,6,7
src/utils/motion.js,48,js,928790b7,anirudh428,2023-10-07,00:24:45,-07:00,2023-10-07T00:24:45-07:00,6,9
src/utils/motion.js,49,js,928790b7,anirudh428,2023-10-07,00:24:45,-07:00,2023-10-07T00:24:45-07:00,6,11
src/utils/motion.js,50,js,928790b7,anirudh428,2023-10-07,00:24:45,-07:00,2023-10-07T00:24:45-07:00,8,12
src/utils/motion.js,51,js,928790b7,anirudh428,2023-10-07,00:24:45,-07:00,2023-10-07T00:24:45-07:00,8,11
src/utils/motion.js,52,js,928790b7,anirudh428,2023-10-07,00:24:45,-07:00,2023-10-07T00:24:45-07:00,8,17
src/utils/motion.js,53,js,928790b7,anirudh428,2023-10-07,00:24:45,-07:00,2023-10-07T00:24:45-07:00,8,14
src/utils/motion.js,54,js,928790b7,anirudh428,2023-10-07,00:24:45,-07:00,2023-10-07T00:24:45-07:00,6,0
src/utils/motion.js,55,js,928790b7,anirudh428,2023-10-07,00:24:45,-07:00,2023-10-07T00:24:45-07:00,4,0
src/utils/motion.js,56,js,928790b7,anirudh428,2023-10-07,00:24:45,-07:00,2023-10-07T00:24:45-07:00,2,0
src/utils/motion.js,57,js,928790b7,anirudh428,2023-10-07,00:24:45,-07:00,2023-10-07T00:24:45-07:00,0,0
src/utils/motion.js,58,js,928790b7,anirudh428,2023-10-07,00:24:45,-07:00,2023-10-07T00:24:45-07:00,0,0
src/utils/motion.js,59,js,928790b7,anirudh428,2023-10-07,00:24:45,-07:00,2023-10-07T00:24:45-07:00,0,60
src/utils/motion.js,60,js,928790b7,anirudh428,2023-10-07,00:24:45,-07:00,2023-10-07T00:24:45-07:00,2,6
src/utils/motion.js,61,js,928790b7,anirudh428,2023-10-07,00:24:45,-07:00,2023-10-07T00:24:45-07:00,4,7
src/utils/motion.js,62,js,928790b7,anirudh428,2023-10-07,00:24:45,-07:00,2023-10-07T00:24:45-07:00,6,69
src/utils/motion.js,63,js,928790b7,anirudh428,2023-10-07,00:24:45,-07:00,2023-10-07T00:24:45-07:00,6,65
src/utils/motion.js,64,js,928790b7,anirudh428,2023-10-07,00:24:45,-07:00,2023-10-07T00:24:45-07:00,4,0
src/utils/motion.js,65,js,928790b7,anirudh428,2023-10-07,00:24:45,-07:00,2023-10-07T00:24:45-07:00,4,5
src/utils/motion.js,66,js,928790b7,anirudh428,2023-10-07,00:24:45,-07:00,2023-10-07T00:24:45-07:00,6,3
src/utils/motion.js,67,js,928790b7,anirudh428,2023-10-07,00:24:45,-07:00,2023-10-07T00:24:45-07:00,6,3
src/utils/motion.js,68,js,928790b7,anirudh428,2023-10-07,00:24:45,-07:00,2023-10-07T00:24:45-07:00,6,11
src/utils/motion.js,69,js,928790b7,anirudh428,2023-10-07,00:24:45,-07:00,2023-10-07T00:24:45-07:00,8,9
src/utils/motion.js,70,js,928790b7,anirudh428,2023-10-07,00:24:45,-07:00,2023-10-07T00:24:45-07:00,8,11
src/utils/motion.js,71,js,928790b7,anirudh428,2023-10-07,00:24:45,-07:00,2023-10-07T00:24:45-07:00,8,17
src/utils/motion.js,72,js,928790b7,anirudh428,2023-10-07,00:24:45,-07:00,2023-10-07T00:24:45-07:00,8,14
src/utils/motion.js,73,js,928790b7,anirudh428,2023-10-07,00:24:45,-07:00,2023-10-07T00:24:45-07:00,6,0
src/utils/motion.js,74,js,928790b7,anirudh428,2023-10-07,00:24:45,-07:00,2023-10-07T00:24:45-07:00,4,0
src/utils/motion.js,75,js,928790b7,anirudh428,2023-10-07,00:24:45,-07:00,2023-10-07T00:24:45-07:00,2,0
src/utils/motion.js,76,js,928790b7,anirudh428,2023-10-07,00:24:45,-07:00,2023-10-07T00:24:45-07:00,0,0
src/utils/motion.js,77,js,928790b7,anirudh428,2023-10-07,00:24:45,-07:00,2023-10-07T00:24:45-07:00,0,0
src/utils/motion.js,78,js,928790b7,anirudh428,2023-10-07,00:24:45,-07:00,2023-10-07T00:24:45-07:00,0,67
src/utils/motion.js,79,js,928790b7,anirudh428,2023-10-07,00:24:45,-07:00,2023-10-07T00:24:45-07:00,2,6
src/utils/motion.js,80,js,928790b7,anirudh428,2023-10-07,00:24:45,-07:00,2023-10-07T00:24:45-07:00,4,9
src/utils/motion.js,81,js,928790b7,anirudh428,2023-10-07,00:24:45,-07:00,2023-10-07T00:24:45-07:00,4,5
src/utils/motion.js,82,js,928790b7,anirudh428,2023-10-07,00:24:45,-07:00,2023-10-07T00:24:45-07:00,6,11
src/utils/motion.js,83,js,928790b7,anirudh428,2023-10-07,00:24:45,-07:00,2023-10-07T00:24:45-07:00,8,31
src/utils/motion.js,84,js,928790b7,anirudh428,2023-10-07,00:24:45,-07:00,2023-10-07T00:24:45-07:00,8,32
src/utils/motion.js,85,js,928790b7,anirudh428,2023-10-07,00:24:45,-07:00,2023-10-07T00:24:45-07:00,6,0
src/utils/motion.js,86,js,928790b7,anirudh428,2023-10-07,00:24:45,-07:00,2023-10-07T00:24:45-07:00,4,0
src/utils/motion.js,87,js,928790b7,anirudh428,2023-10-07,00:24:45,-07:00,2023-10-07T00:24:45-07:00,2,0
src/utils/motion.js,88,js,928790b7,anirudh428,2023-10-07,00:24:45,-07:00,2023-10-07T00:24:45-07:00,0,0
src/hoc/index.js,1,js,928790b7,anirudh428,2023-10-07,00:24:45,-07:00,2023-10-07T00:24:45-07:00,0,43
src/hoc/index.js,2,js,928790b7,anirudh428,2023-10-07,00:24:45,-07:00,2023-10-07T00:24:45-07:00,0,21
src/constants/index.js,1,js,928790b7,anirudh428,2023-10-07,00:24:45,-07:00,2023-10-07T00:24:45-07:00,0,6
src/constants/index.js,2,js,d7a0ed78,anirudh9280,2025-04-19,16:21:58,-07:00,2025-04-19T16:21:58-07:00,1,2
src/constants/index.js,3,js,d7a0ed78,anirudh9280,2025-04-19,16:21:58,-07:00,2025-04-19T16:21:58-07:00,1,11
src/constants/index.js,4,js,00000000,Not Committed Yet,2025-05-29,14:23:17,-07:00,2025-05-29T14:23:17-07:00,1,3
src/constants/index.js,5,js,d7a0ed78,anirudh9280,2025-04-19,16:21:58,-07:00,2025-04-19T16:21:58-07:00,1,10
src/constants/index.js,6,js,d7a0ed78,anirudh9280,2025-04-19,16:21:58,-07:00,2025-04-19T16:21:58-07:00,1,7
src/constants/index.js,7,js,d7a0ed78,anirudh9280,2025-04-19,16:21:58,-07:00,2025-04-19T16:21:58-07:00,1,2
src/constants/index.js,8,js,d7a0ed78,anirudh9280,2025-04-19,16:21:58,-07:00,2025-04-19T16:21:58-07:00,1,13
src/constants/index.js,9,js,d7a0ed78,anirudh9280,2025-04-19,16:21:58,-07:00,2025-04-19T16:21:58-07:00,1,2
src/constants/index.js,10,js,d7a0ed78,anirudh9280,2025-04-19,16:21:58,-07:00,2025-04-19T16:21:58-07:00,1,4
src/constants/index.js,11,js,d7a0ed78,anirudh9280,2025-04-19,16:21:58,-07:00,2025-04-19T16:21:58-07:00,1,4
src/constants/index.js,12,js,d7a0ed78,anirudh9280,2025-04-19,16:21:58,-07:00,2025-04-19T16:21:58-07:00,1,6
src/constants/index.js,13,js,d7a0ed78,anirudh9280,2025-04-19,16:21:58,-07:00,2025-04-19T16:21:58-07:00,1,6
src/constants/index.js,14,js,d7a0ed78,anirudh9280,2025-04-19,16:21:58,-07:00,2025-04-19T16:21:58-07:00,1,2
src/constants/index.js,15,js,d7a0ed78,anirudh9280,2025-04-19,16:21:58,-07:00,2025-04-19T16:21:58-07:00,1,9
src/constants/index.js,16,js,d7a0ed78,anirudh9280,2025-04-19,16:21:58,-07:00,2025-04-19T16:21:58-07:00,1,9
src/constants/index.js,17,js,d7a0ed78,anirudh9280,2025-04-19,16:21:58,-07:00,2025-04-19T16:21:58-07:00,1,3
src/constants/index.js,18,js,d7a0ed78,anirudh9280,2025-04-19,16:21:58,-07:00,2025-04-19T16:21:58-07:00,1,2
src/constants/index.js,19,js,d7a0ed78,anirudh9280,2025-04-19,16:21:58,-07:00,2025-04-19T16:21:58-07:00,1,6
src/constants/index.js,20,js,d7a0ed78,anirudh9280,2025-04-19,16:21:58,-07:00,2025-04-19T16:21:58-07:00,1,7
src/constants/index.js,21,js,d7a0ed78,anirudh9280,2025-04-19,16:21:58,-07:00,2025-04-19T16:21:58-07:00,1,5
src/constants/index.js,22,js,d7a0ed78,anirudh9280,2025-04-19,16:21:58,-07:00,2025-04-19T16:21:58-07:00,1,6
src/constants/index.js,23,js,d7a0ed78,anirudh9280,2025-04-19,16:21:58,-07:00,2025-04-19T16:21:58-07:00,1,2
src/constants/index.js,24,js,d7a0ed78,anirudh9280,2025-04-19,16:21:58,-07:00,2025-04-19T16:21:58-07:00,1,4
src/constants/index.js,25,js,d7a0ed78,anirudh9280,2025-04-19,16:21:58,-07:00,2025-04-19T16:21:58-07:00,1,5
src/constants/index.js,26,js,d7a0ed78,anirudh9280,2025-04-19,16:21:58,-07:00,2025-04-19T16:21:58-07:00,1,6
src/constants/index.js,27,js,d7a0ed78,anirudh9280,2025-04-19,16:21:58,-07:00,2025-04-19T16:21:58-07:00,1,8
src/constants/index.js,28,js,928790b7,anirudh428,2023-10-07,00:24:45,-07:00,2023-10-07T00:24:45-07:00,0,17
src/constants/index.js,29,js,928790b7,anirudh428,2023-10-07,00:24:45,-07:00,2023-10-07T00:24:45-07:00,0,0
src/constants/index.js,30,js,928790b7,anirudh428,2023-10-07,00:24:45,-07:00,2023-10-07T00:24:45-07:00,0,23
src/constants/index.js,31,js,d7a0ed78,anirudh9280,2025-04-19,16:21:58,-07:00,2025-04-19T16:21:58-07:00,1,0
src/constants/index.js,32,js,d7a0ed78,anirudh9280,2025-04-19,16:21:58,-07:00,2025-04-19T16:21:58-07:00,2,10
src/constants/index.js,33,js,d7a0ed78,anirudh9280,2025-04-19,16:21:58,-07:00,2025-04-19T16:21:58-07:00,2,13
src/constants/index.js,34,js,d7a0ed78,anirudh9280,2025-04-19,16:21:58,-07:00,2025-04-19T16:21:58-07:00,1,0
src/constants/index.js,35,js,d7a0ed78,anirudh9280,2025-04-19,16:21:58,-07:00,2025-04-19T16:21:58-07:00,1,0
src/constants/index.js,36,js,d7a0ed78,anirudh9280,2025-04-19,16:21:58,-07:00,2025-04-19T16:21:58-07:00,2,9
src/constants/index.js,37,js,d97c883d,anirudh9280,2025-05-09,23:33:41,-07:00,2025-05-09T23:33:41-07:00,2,18
src/constants/index.js,38,js,d97c883d,anirudh9280,2025-05-09,23:33:41,-07:00,2025-05-09T23:33:41-07:00,1,0
src/constants/index.js,39,js,d97c883d,anirudh9280,2025-05-09,23:33:41,-07:00,2025-05-09T23:33:41-07:00,1,0
src/constants/index.js,40,js,d97c883d,anirudh9280,2025-05-09,23:33:41,-07:00,2025-05-09T23:33:41-07:00,2,13
src/constants/index.js,41,js,d97c883d,anirudh9280,2025-05-09,23:33:41,-07:00,2025-05-09T23:33:41-07:00,2,16
src/constants/index.js,42,js,d7a0ed78,anirudh9280,2025-04-19,16:21:58,-07:00,2025-04-19T16:21:58-07:00,1,0
src/constants/index.js,43,js,d7a0ed78,anirudh9280,2025-04-19,16:21:58,-07:00,2025-04-19T16:21:58-07:00,1,0
src/constants/index.js,44,js,d7a0ed78,anirudh9280,2025-04-19,16:21:58,-07:00,2025-04-19T16:21:58-07:00,2,12
src/constants/index.js,45,js,d7a0ed78,anirudh9280,2025-04-19,16:21:58,-07:00,2025-04-19T16:21:58-07:00,2,15
src/constants/index.js,46,js,d7a0ed78,anirudh9280,2025-04-19,16:21:58,-07:00,2025-04-19T16:21:58-07:00,1,0
src/constants/index.js,47,js,928790b7,anirudh428,2023-10-07,00:24:45,-07:00,2023-10-07T00:24:45-07:00,0,0
src/constants/index.js,48,js,928790b7,anirudh428,2023-10-07,00:24:45,-07:00,2023-10-07T00:24:45-07:00,0,0
src/constants/index.js,49,js,928790b7,anirudh428,2023-10-07,00:24:45,-07:00,2023-10-07T00:24:45-07:00,0,16
src/constants/index.js,50,js,d7a0ed78,anirudh9280,2025-04-19,16:21:58,-07:00,2025-04-19T16:21:58-07:00,1,0
src/constants/index.js,51,js,d7a0ed78,anirudh9280,2025-04-19,16:21:58,-07:00,2025-04-19T16:21:58-07:00,2,22
src/constants/index.js,52,js,d7a0ed78,anirudh9280,2025-04-19,16:21:58,-07:00,2025-04-19T16:21:58-07:00,2,8
src/constants/index.js,53,js,d7a0ed78,anirudh9280,2025-04-19,16:21:58,-07:00,2025-04-19T16:21:58-07:00,1,0
src/constants/index.js,54,js,d7a0ed78,anirudh9280,2025-04-19,16:21:58,-07:00,2025-04-19T16:21:58-07:00,1,0
src/constants/index.js,55,js,d7a0ed78,anirudh9280,2025-04-19,16:21:58,-07:00,2025-04-19T16:21:58-07:00,2,19
src/constants/index.js,56,js,d7a0ed78,anirudh9280,2025-04-19,16:21:58,-07:00,2025-04-19T16:21:58-07:00,2,8
src/constants/index.js,57,js,d7a0ed78,anirudh9280,2025-04-19,16:21:58,-07:00,2025-04-19T16:21:58-07:00,1,0
src/constants/index.js,58,js,d7a0ed78,anirudh9280,2025-04-19,16:21:58,-07:00,2025-04-19T16:21:58-07:00,1,0
src/constants/index.js,59,js,d7a0ed78,anirudh9280,2025-04-19,16:21:58,-07:00,2025-04-19T16:21:58-07:00,2,28
src/constants/index.js,60,js,d7a0ed78,anirudh9280,2025-04-19,16:21:58,-07:00,2025-04-19T16:21:58-07:00,2,12
src/constants/index.js,61,js,d7a0ed78,anirudh9280,2025-04-19,16:21:58,-07:00,2025-04-19T16:21:58-07:00,1,0
src/constants/index.js,62,js,d7a0ed78,anirudh9280,2025-04-19,16:21:58,-07:00,2025-04-19T16:21:58-07:00,1,0
src/constants/index.js,63,js,d7a0ed78,anirudh9280,2025-04-19,16:21:58,-07:00,2025-04-19T16:21:58-07:00,2,21
src/constants/index.js,64,js,d7a0ed78,anirudh9280,2025-04-19,16:21:58,-07:00,2025-04-19T16:21:58-07:00,2,12
src/constants/index.js,65,js,d7a0ed78,anirudh9280,2025-04-19,16:21:58,-07:00,2025-04-19T16:21:58-07:00,1,0
src/constants/index.js,66,js,928790b7,anirudh428,2023-10-07,00:24:45,-07:00,2023-10-07T00:24:45-07:00,0,0
src/constants/index.js,67,js,928790b7,anirudh428,2023-10-07,00:24:45,-07:00,2023-10-07T00:24:45-07:00,0,0
src/constants/index.js,68,js,928790b7,anirudh428,2023-10-07,00:24:45,-07:00,2023-10-07T00:24:45-07:00,0,20
src/constants/index.js,69,js,d7a0ed78,anirudh9280,2025-04-19,16:21:58,-07:00,2025-04-19T16:21:58-07:00,1,0
src/constants/index.js,70,js,d7a0ed78,anirudh9280,2025-04-19,16:21:58,-07:00,2025-04-19T16:21:58-07:00,2,13
src/constants/index.js,71,js,d7a0ed78,anirudh9280,2025-04-19,16:21:58,-07:00,2025-04-19T16:21:58-07:00,2,9
src/constants/index.js,72,js,d7a0ed78,anirudh9280,2025-04-19,16:21:58,-07:00,2025-04-19T16:21:58-07:00,1,0
src/constants/index.js,73,js,d7a0ed78,anirudh9280,2025-04-19,16:21:58,-07:00,2025-04-19T16:21:58-07:00,1,0
src/constants/index.js,74,js,d7a0ed78,anirudh9280,2025-04-19,16:21:58,-07:00,2025-04-19T16:21:58-07:00,2,17
src/constants/index.js,75,js,d7a0ed78,anirudh9280,2025-04-19,16:21:58,-07:00,2025-04-19T16:21:58-07:00,2,9
src/constants/index.js,76,js,d7a0ed78,anirudh9280,2025-04-19,16:21:58,-07:00,2025-04-19T16:21:58-07:00,1,0
src/constants/index.js,77,js,d7a0ed78,anirudh9280,2025-04-19,16:21:58,-07:00,2025-04-19T16:21:58-07:00,1,0
src/constants/index.js,78,js,d7a0ed78,anirudh9280,2025-04-19,16:21:58,-07:00,2025-04-19T16:21:58-07:00,2,12
src/constants/index.js,79,js,d7a0ed78,anirudh9280,2025-04-19,16:21:58,-07:00,2025-04-19T16:21:58-07:00,2,9
src/constants/index.js,80,js,d7a0ed78,anirudh9280,2025-04-19,16:21:58,-07:00,2025-04-19T16:21:58-07:00,1,0
src/constants/index.js,81,js,d7a0ed78,anirudh9280,2025-04-19,16:21:58,-07:00,2025-04-19T16:21:58-07:00,1,0
src/constants/index.js,82,js,d7a0ed78,anirudh9280,2025-04-19,16:21:58,-07:00,2025-04-19T16:21:58-07:00,2,17
src/constants/index.js,83,js,d7a0ed78,anirudh9280,2025-04-19,16:21:58,-07:00,2025-04-19T16:21:58-07:00,2,9
src/constants/index.js,84,js,d7a0ed78,anirudh9280,2025-04-19,16:21:58,-07:00,2025-04-19T16:21:58-07:00,1,0
src/constants/index.js,85,js,d7a0ed78,anirudh9280,2025-04-19,16:21:58,-07:00,2025-04-19T16:21:58-07:00,1,0
src/constants/index.js,86,js,d7a0ed78,anirudh9280,2025-04-19,16:21:58,-07:00,2025-04-19T16:21:58-07:00,2,14
src/constants/index.js,87,js,d7a0ed78,anirudh9280,2025-04-19,16:21:58,-07:00,2025-04-19T16:21:58-07:00,2,9
src/constants/index.js,88,js,d7a0ed78,anirudh9280,2025-04-19,16:21:58,-07:00,2025-04-19T16:21:58-07:00,1,0
src/constants/index.js,89,js,d7a0ed78,anirudh9280,2025-04-19,16:21:58,-07:00,2025-04-19T16:21:58-07:00,1,0
src/constants/index.js,90,js,d7a0ed78,anirudh9280,2025-04-19,16:21:58,-07:00,2025-04-19T16:21:58-07:00,2,11
src/constants/index.js,91,js,d7a0ed78,anirudh9280,2025-04-19,16:21:58,-07:00,2025-04-19T16:21:58-07:00,2,8
src/constants/index.js,92,js,d7a0ed78,anirudh9280,2025-04-19,16:21:58,-07:00,2025-04-19T16:21:58-07:00,1,0
src/constants/index.js,93,js,d7a0ed78,anirudh9280,2025-04-19,16:21:58,-07:00,2025-04-19T16:21:58-07:00,1,0
src/constants/index.js,94,js,d7a0ed78,anirudh9280,2025-04-19,16:21:58,-07:00,2025-04-19T16:21:58-07:00,2,17
src/constants/index.js,95,js,d7a0ed78,anirudh9280,2025-04-19,16:21:58,-07:00,2025-04-19T16:21:58-07:00,2,15
src/constants/index.js,96,js,d7a0ed78,anirudh9280,2025-04-19,16:21:58,-07:00,2025-04-19T16:21:58-07:00,1,0
src/constants/index.js,97,js,d7a0ed78,anirudh9280,2025-04-19,16:21:58,-07:00,2025-04-19T16:21:58-07:00,1,0
src/constants/index.js,98,js,d7a0ed78,anirudh9280,2025-04-19,16:21:58,-07:00,2025-04-19T16:21:58-07:00,2,13
src/constants/index.js,99,js,d7a0ed78,anirudh9280,2025-04-19,16:21:58,-07:00,2025-04-19T16:21:58-07:00,2,9
src/constants/index.js,100,js,d7a0ed78,anirudh9280,2025-04-19,16:21:58,-07:00,2025-04-19T16:21:58-07:00,1,0
src/constants/index.js,101,js,d7a0ed78,anirudh9280,2025-04-19,16:21:58,-07:00,2025-04-19T16:21:58-07:00,1,0
src/constants/index.js,102,js,d7a0ed78,anirudh9280,2025-04-19,16:21:58,-07:00,2025-04-19T16:21:58-07:00,2,17
src/constants/index.js,103,js,d7a0ed78,anirudh9280,2025-04-19,16:21:58,-07:00,2025-04-19T16:21:58-07:00,2,15
src/constants/index.js,104,js,d7a0ed78,anirudh9280,2025-04-19,16:21:58,-07:00,2025-04-19T16:21:58-07:00,1,0
src/constants/index.js,105,js,d7a0ed78,anirudh9280,2025-04-19,16:21:58,-07:00,2025-04-19T16:21:58-07:00,1,0
src/constants/index.js,106,js,d7a0ed78,anirudh9280,2025-04-19,16:21:58,-07:00,2025-04-19T16:21:58-07:00,2,15
src/constants/index.js,107,js,d7a0ed78,anirudh9280,2025-04-19,16:21:58,-07:00,2025-04-19T16:21:58-07:00,2,12
src/constants/index.js,108,js,d7a0ed78,anirudh9280,2025-04-19,16:21:58,-07:00,2025-04-19T16:21:58-07:00,1,0
src/constants/index.js,109,js,d7a0ed78,anirudh9280,2025-04-19,16:21:58,-07:00,2025-04-19T16:21:58-07:00,1,0
src/constants/index.js,110,js,d7a0ed78,anirudh9280,2025-04-19,16:21:58,-07:00,2025-04-19T16:21:58-07:00,2,19
src/constants/index.js,111,js,d7a0ed78,anirudh9280,2025-04-19,16:21:58,-07:00,2025-04-19T16:21:58-07:00,2,13
src/constants/index.js,112,js,d7a0ed78,anirudh9280,2025-04-19,16:21:58,-07:00,2025-04-19T16:21:58-07:00,1,0
src/constants/index.js,113,js,d7a0ed78,anirudh9280,2025-04-19,16:21:58,-07:00,2025-04-19T16:21:58-07:00,1,0
src/constants/index.js,114,js,d7a0ed78,anirudh9280,2025-04-19,16:21:58,-07:00,2025-04-19T16:21:58-07:00,2,14
src/constants/index.js,115,js,d7a0ed78,anirudh9280,2025-04-19,16:21:58,-07:00,2025-04-19T16:21:58-07:00,2,11
src/constants/index.js,116,js,d7a0ed78,anirudh9280,2025-04-19,16:21:58,-07:00,2025-04-19T16:21:58-07:00,1,0
src/constants/index.js,117,js,d7a0ed78,anirudh9280,2025-04-19,16:21:58,-07:00,2025-04-19T16:21:58-07:00,1,0
src/constants/index.js,118,js,d7a0ed78,anirudh9280,2025-04-19,16:21:58,-07:00,2025-04-19T16:21:58-07:00,2,14
src/constants/index.js,119,js,d7a0ed78,anirudh9280,2025-04-19,16:21:58,-07:00,2025-04-19T16:21:58-07:00,2,12
src/constants/index.js,120,js,d7a0ed78,anirudh9280,2025-04-19,16:21:58,-07:00,2025-04-19T16:21:58-07:00,1,0
src/constants/index.js,121,js,d7a0ed78,anirudh9280,2025-04-19,16:21:58,-07:00,2025-04-19T16:21:58-07:00,1,0
src/constants/index.js,122,js,d7a0ed78,anirudh9280,2025-04-19,16:21:58,-07:00,2025-04-19T16:21:58-07:00,2,15
src/constants/index.js,123,js,d7a0ed78,anirudh9280,2025-04-19,16:21:58,-07:00,2025-04-19T16:21:58-07:00,2,12
src/constants/index.js,124,js,d7a0ed78,anirudh9280,2025-04-19,16:21:58,-07:00,2025-04-19T16:21:58-07:00,1,0
src/constants/index.js,125,js,d7a0ed78,anirudh9280,2025-04-19,16:21:58,-07:00,2025-04-19T16:21:58-07:00,1,0
src/constants/index.js,126,js,d7a0ed78,anirudh9280,2025-04-19,16:21:58,-07:00,2025-04-19T16:21:58-07:00,2,13
src/constants/index.js,127,js,d7a0ed78,anirudh9280,2025-04-19,16:21:58,-07:00,2025-04-19T16:21:58-07:00,2,11
src/constants/index.js,128,js,d7a0ed78,anirudh9280,2025-04-19,16:21:58,-07:00,2025-04-19T16:21:58-07:00,1,0
src/constants/index.js,129,js,d7a0ed78,anirudh9280,2025-04-19,16:21:58,-07:00,2025-04-19T16:21:58-07:00,1,0
src/constants/index.js,130,js,d7a0ed78,anirudh9280,2025-04-19,16:21:58,-07:00,2025-04-19T16:21:58-07:00,2,10
src/constants/index.js,131,js,d7a0ed78,anirudh9280,2025-04-19,16:21:58,-07:00,2025-04-19T16:21:58-07:00,2,8
src/constants/index.js,132,js,d7a0ed78,anirudh9280,2025-04-19,16:21:58,-07:00,2025-04-19T16:21:58-07:00,1,0
src/constants/index.js,133,js,d7a0ed78,anirudh9280,2025-04-19,16:21:58,-07:00,2025-04-19T16:21:58-07:00,1,0
src/constants/index.js,134,js,d7a0ed78,anirudh9280,2025-04-19,16:21:58,-07:00,2025-04-19T16:21:58-07:00,2,12
src/constants/index.js,135,js,d7a0ed78,anirudh9280,2025-04-19,16:21:58,-07:00,2025-04-19T16:21:58-07:00,2,10
src/constants/index.js,136,js,d7a0ed78,anirudh9280,2025-04-19,16:21:58,-07:00,2025-04-19T16:21:58-07:00,1,0
src/constants/index.js,137,js,d7a0ed78,anirudh9280,2025-04-19,16:21:58,-07:00,2025-04-19T16:21:58-07:00,1,0
src/constants/index.js,138,js,d7a0ed78,anirudh9280,2025-04-19,16:21:58,-07:00,2025-04-19T16:21:58-07:00,2,13
src/constants/index.js,139,js,d7a0ed78,anirudh9280,2025-04-19,16:21:58,-07:00,2025-04-19T16:21:58-07:00,2,11
src/constants/index.js,140,js,d7a0ed78,anirudh9280,2025-04-19,16:21:58,-07:00,2025-04-19T16:21:58-07:00,1,0
src/constants/index.js,141,js,d7a0ed78,anirudh9280,2025-04-19,16:21:58,-07:00,2025-04-19T16:21:58-07:00,1,0
src/constants/index.js,142,js,d7a0ed78,anirudh9280,2025-04-19,16:21:58,-07:00,2025-04-19T16:21:58-07:00,2,11
src/constants/index.js,143,js,d7a0ed78,anirudh9280,2025-04-19,16:21:58,-07:00,2025-04-19T16:21:58-07:00,2,11
src/constants/index.js,144,js,d7a0ed78,anirudh9280,2025-04-19,16:21:58,-07:00,2025-04-19T16:21:58-07:00,1,0
src/constants/index.js,145,js,d7a0ed78,anirudh9280,2025-04-19,16:21:58,-07:00,2025-04-19T16:21:58-07:00,1,0
src/constants/index.js,146,js,d7a0ed78,anirudh9280,2025-04-19,16:21:58,-07:00,2025-04-19T16:21:58-07:00,2,8
src/constants/index.js,147,js,d7a0ed78,anirudh9280,2025-04-19,16:21:58,-07:00,2025-04-19T16:21:58-07:00,2,11
src/constants/index.js,148,js,d7a0ed78,anirudh9280,2025-04-19,16:21:58,-07:00,2025-04-19T16:21:58-07:00,1,0
src/constants/index.js,149,js,d7a0ed78,anirudh9280,2025-04-19,16:21:58,-07:00,2025-04-19T16:21:58-07:00,1,0
src/constants/index.js,150,js,d7a0ed78,anirudh9280,2025-04-19,16:21:58,-07:00,2025-04-19T16:21:58-07:00,2,10
src/constants/index.js,151,js,d7a0ed78,anirudh9280,2025-04-19,16:21:58,-07:00,2025-04-19T16:21:58-07:00,2,11
src/constants/index.js,152,js,d7a0ed78,anirudh9280,2025-04-19,16:21:58,-07:00,2025-04-19T16:21:58-07:00,1,0
src/constants/index.js,153,js,928790b7,anirudh428,2023-10-07,00:24:45,-07:00,2023-10-07T00:24:45-07:00,0,0
src/constants/index.js,154,js,928790b7,anirudh428,2023-10-07,00:24:45,-07:00,2023-10-07T00:24:45-07:00,0,0
src/constants/index.js,155,js,928790b7,anirudh428,2023-10-07,00:24:45,-07:00,2023-10-07T00:24:45-07:00,0,19
src/constants/index.js,156,js,d7a0ed78,anirudh9280,2025-04-19,16:21:58,-07:00,2025-04-19T16:21:58-07:00,1,0
src/constants/index.js,157,js,00000000,Not Committed Yet,2025-05-29,14:23:17,-07:00,2025-05-29T14:23:17-07:00,2,28
src/constants/index.js,158,js,00000000,Not Committed Yet,2025-05-29,14:23:17,-07:00,2025-05-29T14:23:17-07:00,2,19
src/constants/index.js,159,js,00000000,Not Committed Yet,2025-05-29,14:23:17,-07:00,2025-05-29T14:23:17-07:00,2,9
src/constants/index.js,160,js,d7a0ed78,anirudh9280,2025-04-19,16:21:58,-07:00,2025-04-19T16:21:58-07:00,2,16
src/constants/index.js,161,js,00000000,Not Committed Yet,2025-05-29,14:23:17,-07:00,2025-05-29T14:23:17-07:00,2,27
src/constants/index.js,162,js,00000000,Not Committed Yet,2025-05-29,14:23:17,-07:00,2025-05-29T14:23:17-07:00,2,27
src/constants/index.js,163,js,00000000,Not Committed Yet,2025-05-29,14:23:17,-07:00,2025-05-29T14:23:17-07:00,2,59
src/constants/index.js,164,js,202347a4,anirudh9280,2025-01-21,18:15:20,-08:00,2025-01-21T18:15:20-08:00,1,0
src/constants/index.js,165,js,202347a4,anirudh9280,2025-01-21,18:15:20,-08:00,2025-01-21T18:15:20-08:00,1,0
src/constants/index.js,166,js,202347a4,anirudh9280,2025-01-21,18:15:20,-08:00,2025-01-21T18:15:20-08:00,2,32
src/constants/index.js,167,js,202347a4,anirudh9280,2025-01-21,18:15:20,-08:00,2025-01-21T18:15:20-08:00,2,47
src/constants/index.js,168,js,202347a4,anirudh9280,2025-01-21,18:15:20,-08:00,2025-01-21T18:15:20-08:00,2,13
src/constants/index.js,169,js,202347a4,anirudh9280,2025-01-21,18:15:20,-08:00,2025-01-21T18:15:20-08:00,2,16
src/constants/index.js,170,js,202347a4,anirudh9280,2025-01-21,18:15:20,-08:00,2025-01-21T18:15:20-08:00,2,25
src/constants/index.js,171,js,00000000,Not Committed Yet,2025-05-29,14:23:17,-07:00,2025-05-29T14:23:17-07:00,2,39
src/constants/index.js,172,js,202347a4,anirudh9280,2025-01-21,18:15:20,-08:00,2025-01-21T18:15:20-08:00,2,7
src/constants/index.js,173,js,d7a0ed78,anirudh9280,2025-04-19,16:21:58,-07:00,2025-04-19T16:21:58-07:00,3,144
src/constants/index.js,174,js,d7a0ed78,anirudh9280,2025-04-19,16:21:58,-07:00,2025-04-19T16:21:58-07:00,3,140
src/constants/index.js,175,js,d7a0ed78,anirudh9280,2025-04-19,16:21:58,-07:00,2025-04-19T16:21:58-07:00,3,57
src/constants/index.js,176,js,d7a0ed78,anirudh9280,2025-04-19,16:21:58,-07:00,2025-04-19T16:21:58-07:00,3,11
src/constants/index.js,177,js,d7a0ed78,anirudh9280,2025-04-19,16:21:58,-07:00,2025-04-19T16:21:58-07:00,3,153
src/constants/index.js,178,js,d7a0ed78,anirudh9280,2025-04-19,16:21:58,-07:00,2025-04-19T16:21:58-07:00,3,141
src/constants/index.js,179,js,d7a0ed78,anirudh9280,2025-04-19,16:21:58,-07:00,2025-04-19T16:21:58-07:00,3,51
src/constants/index.js,180,js,202347a4,anirudh9280,2025-01-21,18:15:20,-08:00,2025-01-21T18:15:20-08:00,2,0
src/constants/index.js,181,js,202347a4,anirudh9280,2025-01-21,18:15:20,-08:00,2025-01-21T18:15:20-08:00,1,0
src/constants/index.js,182,js,202347a4,anirudh9280,2025-01-21,18:15:20,-08:00,2025-01-21T18:15:20-08:00,1,0
src/constants/index.js,183,js,00000000,Not Committed Yet,2025-05-29,14:23:17,-07:00,2025-05-29T14:23:17-07:00,2,33
src/constants/index.js,184,js,00000000,Not Committed Yet,2025-05-29,14:23:17,-07:00,2025-05-29T14:23:17-07:00,2,20
src/constants/index.js,185,js,00000000,Not Committed Yet,2025-05-29,14:23:17,-07:00,2025-05-29T14:23:17-07:00,2,10
src/constants/index.js,186,js,00000000,Not Committed Yet,2025-05-29,14:23:17,-07:00,2025-05-29T14:23:17-07:00,2,16
src/constants/index.js,187,js,00000000,Not Committed Yet,2025-05-29,14:23:17,-07:00,2025-05-29T14:23:17-07:00,2,31
src/constants/index.js,188,js,00000000,Not Committed Yet,2025-05-29,14:23:17,-07:00,2025-05-29T14:23:17-07:00,2,32
src/constants/index.js,189,js,202347a4,anirudh9280,2025-01-21,18:15:20,-08:00,2025-01-21T18:15:20-08:00,2,7
src/constants/index.js,190,js,00000000,Not Committed Yet,2025-05-29,14:23:17,-07:00,2025-05-29T14:23:17-07:00,3,81
src/constants/index.js,191,js,00000000,Not Committed Yet,2025-05-29,14:23:17,-07:00,2025-05-29T14:23:17-07:00,3,89
src/constants/index.js,192,js,00000000,Not Committed Yet,2025-05-29,14:23:17,-07:00,2025-05-29T14:23:17-07:00,3,112
src/constants/index.js,193,js,202347a4,anirudh9280,2025-01-21,18:15:20,-08:00,2025-01-21T18:15:20-08:00,2,0
src/constants/index.js,194,js,202347a4,anirudh9280,2025-01-21,18:15:20,-08:00,2025-01-21T18:15:20-08:00,1,0
src/constants/index.js,195,js,202347a4,anirudh9280,2025-01-21,18:15:20,-08:00,2025-01-21T18:15:20-08:00,1,0
src/constants/index.js,196,js,202347a4,anirudh9280,2025-01-21,18:15:20,-08:00,2025-01-21T18:15:20-08:00,2,26
src/constants/index.js,197,js,202347a4,anirudh9280,2025-01-21,18:15:20,-08:00,2025-01-21T18:15:20-08:00,2,48
src/constants/index.js,198,js,202347a4,anirudh9280,2025-01-21,18:15:20,-08:00,2025-01-21T18:15:20-08:00,2,8
src/constants/index.js,199,js,202347a4,anirudh9280,2025-01-21,18:15:20,-08:00,2025-01-21T18:15:20-08:00,2,16
src/constants/index.js,200,js,202347a4,anirudh9280,2025-01-21,18:15:20,-08:00,2025-01-21T18:15:20-08:00,2,25
src/constants/index.js,201,js,00000000,Not Committed Yet,2025-05-29,14:23:17,-07:00,2025-05-29T14:23:17-07:00,2,37
src/constants/index.js,202,js,202347a4,anirudh9280,2025-01-21,18:15:20,-08:00,2025-01-21T18:15:20-08:00,2,7
src/constants/index.js,203,js,202347a4,anirudh9280,2025-01-21,18:15:20,-08:00,2025-01-21T18:15:20-08:00,3,102
src/constants/index.js,204,js,202347a4,anirudh9280,2025-01-21,18:15:20,-08:00,2025-01-21T18:15:20-08:00,3,94
src/constants/index.js,205,js,202347a4,anirudh9280,2025-01-21,18:15:20,-08:00,2025-01-21T18:15:20-08:00,3,105
src/constants/index.js,206,js,202347a4,anirudh9280,2025-01-21,18:15:20,-08:00,2025-01-21T18:15:20-08:00,2,0
src/constants/index.js,207,js,202347a4,anirudh9280,2025-01-21,18:15:20,-08:00,2025-01-21T18:15:20-08:00,1,0
src/constants/index.js,208,js,00000000,Not Committed Yet,2025-05-29,14:23:17,-07:00,2025-05-29T14:23:17-07:00,1,0
src/constants/index.js,209,js,00000000,Not Committed Yet,2025-05-29,14:23:17,-07:00,2025-05-29T14:23:17-07:00,2,55
src/constants/index.js,210,js,00000000,Not Committed Yet,2025-05-29,14:23:17,-07:00,2025-05-29T14:23:17-07:00,2,50
src/constants/index.js,211,js,00000000,Not Committed Yet,2025-05-29,14:23:17,-07:00,2025-05-29T14:23:17-07:00,2,8
src/constants/index.js,212,js,00000000,Not Committed Yet,2025-05-29,14:23:17,-07:00,2025-05-29T14:23:17-07:00,2,16
src/constants/index.js,213,js,00000000,Not Committed Yet,2025-05-29,14:23:17,-07:00,2025-05-29T14:23:17-07:00,2,25
src/constants/index.js,214,js,00000000,Not Committed Yet,2025-05-29,14:23:17,-07:00,2025-05-29T14:23:17-07:00,2,53
src/constants/index.js,215,js,00000000,Not Committed Yet,2025-05-29,14:23:17,-07:00,2025-05-29T14:23:17-07:00,2,7
src/constants/index.js,216,js,00000000,Not Committed Yet,2025-05-29,14:23:17,-07:00,2025-05-29T14:23:17-07:00,3,72
src/constants/index.js,217,js,00000000,Not Committed Yet,2025-05-29,14:23:17,-07:00,2025-05-29T14:23:17-07:00,3,90
src/constants/index.js,218,js,00000000,Not Committed Yet,2025-05-29,14:23:17,-07:00,2025-05-29T14:23:17-07:00,3,100
src/constants/index.js,219,js,00000000,Not Committed Yet,2025-05-29,14:23:17,-07:00,2025-05-29T14:23:17-07:00,2,0
src/constants/index.js,220,js,00000000,Not Committed Yet,2025-05-29,14:23:17,-07:00,2025-05-29T14:23:17-07:00,1,0
src/constants/index.js,221,js,00000000,Not Committed Yet,2025-05-29,14:23:17,-07:00,2025-05-29T14:23:17-07:00,1,0
src/constants/index.js,222,js,00000000,Not Committed Yet,2025-05-29,14:23:17,-07:00,2025-05-29T14:23:17-07:00,2,32
src/constants/index.js,223,js,00000000,Not Committed Yet,2025-05-29,14:23:17,-07:00,2025-05-29T14:23:17-07:00,2,29
src/constants/index.js,224,js,00000000,Not Committed Yet,2025-05-29,14:23:17,-07:00,2025-05-29T14:23:17-07:00,2,19
src/constants/index.js,225,js,00000000,Not Committed Yet,2025-05-29,14:23:17,-07:00,2025-05-29T14:23:17-07:00,2,16
src/constants/index.js,226,js,00000000,Not Committed Yet,2025-05-29,14:23:17,-07:00,2025-05-29T14:23:17-07:00,2,26
src/constants/index.js,227,js,00000000,Not Committed Yet,2025-05-29,14:23:17,-07:00,2025-05-29T14:23:17-07:00,2,37
src/constants/index.js,228,js,00000000,Not Committed Yet,2025-05-29,14:23:17,-07:00,2025-05-29T14:23:17-07:00,2,7
src/constants/index.js,229,js,00000000,Not Committed Yet,2025-05-29,14:23:17,-07:00,2025-05-29T14:23:17-07:00,3,111
src/constants/index.js,230,js,00000000,Not Committed Yet,2025-05-29,14:23:17,-07:00,2025-05-29T14:23:17-07:00,3,103
src/constants/index.js,231,js,00000000,Not Committed Yet,2025-05-29,14:23:17,-07:00,2025-05-29T14:23:17-07:00,3,91
src/constants/index.js,232,js,00000000,Not Committed Yet,2025-05-29,14:23:17,-07:00,2025-05-29T14:23:17-07:00,2,0
src/constants/index.js,233,js,00000000,Not Committed Yet,2025-05-29,14:23:17,-07:00,2025-05-29T14:23:17-07:00,1,0
src/constants/index.js,234,js,202347a4,anirudh9280,2025-01-21,18:15:20,-08:00,2025-01-21T18:15:20-08:00,1,0
src/constants/index.js,235,js,202347a4,anirudh9280,2025-01-21,18:15:20,-08:00,2025-01-21T18:15:20-08:00,2,20
src/constants/index.js,236,js,202347a4,anirudh9280,2025-01-21,18:15:20,-08:00,2025-01-21T18:15:20-08:00,2,31
src/constants/index.js,237,js,202347a4,anirudh9280,2025-01-21,18:15:20,-08:00,2025-01-21T18:15:20-08:00,2,10
src/constants/index.js,238,js,202347a4,anirudh9280,2025-01-21,18:15:20,-08:00,2025-01-21T18:15:20-08:00,2,16
src/constants/index.js,239,js,202347a4,anirudh9280,2025-01-21,18:15:20,-08:00,2025-01-21T18:15:20-08:00,2,30
src/constants/index.js,240,js,00000000,Not Committed Yet,2025-05-29,14:23:17,-07:00,2025-05-29T14:23:17-07:00,2,59
src/constants/index.js,241,js,202347a4,anirudh9280,2025-01-21,18:15:20,-08:00,2025-01-21T18:15:20-08:00,2,7
src/constants/index.js,242,js,202347a4,anirudh9280,2025-01-21,18:15:20,-08:00,2025-01-21T18:15:20-08:00,3,108
src/constants/index.js,243,js,202347a4,anirudh9280,2025-01-21,18:15:20,-08:00,2025-01-21T18:15:20-08:00,3,125
src/constants/index.js,244,js,202347a4,anirudh9280,2025-01-21,18:15:20,-08:00,2025-01-21T18:15:20-08:00,3,87
src/constants/index.js,245,js,202347a4,anirudh9280,2025-01-21,18:15:20,-08:00,2025-01-21T18:15:20-08:00,2,0
src/constants/index.js,246,js,202347a4,anirudh9280,2025-01-21,18:15:20,-08:00,2025-01-21T18:15:20-08:00,1,0
src/constants/index.js,247,js,202347a4,anirudh9280,2025-01-21,18:15:20,-08:00,2025-01-21T18:15:20-08:00,1,1
src/constants/index.js,248,js,202347a4,anirudh9280,2025-01-21,18:15:20,-08:00,2025-01-21T18:15:20-08:00,1,30
src/constants/index.js,249,js,202347a4,anirudh9280,2025-01-21,18:15:20,-08:00,2025-01-21T18:15:20-08:00,1,21
src/constants/index.js,250,js,202347a4,anirudh9280,2025-01-21,18:15:20,-08:00,2025-01-21T18:15:20-08:00,1,11
src/constants/index.js,251,js,202347a4,anirudh9280,2025-01-21,18:15:20,-08:00,2025-01-21T18:15:20-08:00,1,18
src/constants/index.js,252,js,202347a4,anirudh9280,2025-01-21,18:15:20,-08:00,2025-01-21T18:15:20-08:00,1,27
src/constants/index.js,253,js,202347a4,anirudh9280,2025-01-21,18:15:20,-08:00,2025-01-21T18:15:20-08:00,1,9
src/constants/index.js,254,js,202347a4,anirudh9280,2025-01-21,18:15:20,-08:00,2025-01-21T18:15:20-08:00,1,94
src/constants/index.js,255,js,202347a4,anirudh9280,2025-01-21,18:15:20,-08:00,2025-01-21T18:15:20-08:00,1,138
src/constants/index.js,256,js,202347a4,anirudh9280,2025-01-21,18:15:20,-08:00,2025-01-21T18:15:20-08:00,1,75
src/constants/index.js,257,js,202347a4,anirudh9280,2025-01-21,18:15:20,-08:00,2025-01-21T18:15:20-08:00,1,90
src/constants/index.js,258,js,202347a4,anirudh9280,2025-01-21,18:15:20,-08:00,2025-01-21T18:15:20-08:00,1,2
src/constants/index.js,259,js,202347a4,anirudh9280,2025-01-21,18:15:20,-08:00,2025-01-21T18:15:20-08:00,1,3
src/constants/index.js,260,js,928790b7,anirudh428,2023-10-07,00:24:45,-07:00,2023-10-07T00:24:45-07:00,0,0
src/constants/index.js,261,js,928790b7,anirudh428,2023-10-07,00:24:45,-07:00,2023-10-07T00:24:45-07:00,0,0
src/constants/index.js,262,js,928790b7,anirudh428,2023-10-07,00:24:45,-07:00,2023-10-07T00:24:45-07:00,0,20
src/constants/index.js,263,js,d7a0ed78,anirudh9280,2025-04-19,16:21:58,-07:00,2025-04-19T16:21:58-07:00,1,0
src/constants/index.js,264,js,d7a0ed78,anirudh9280,2025-04-19,16:21:58,-07:00,2025-04-19T16:21:58-07:00,2,10
src/constants/index.js,265,js,d7a0ed78,anirudh9280,2025-04-19,16:21:58,-07:00,2025-04-19T16:21:58-07:00,3,101
src/constants/index.js,266,js,d7a0ed78,anirudh9280,2025-04-19,16:21:58,-07:00,2025-04-19T16:21:58-07:00,2,15
src/constants/index.js,267,js,d7a0ed78,anirudh9280,2025-04-19,16:21:58,-07:00,2025-04-19T16:21:58-07:00,2,17
src/constants/index.js,268,js,d7a0ed78,anirudh9280,2025-04-19,16:21:58,-07:00,2025-04-19T16:21:58-07:00,2,17
src/constants/index.js,269,js,d7a0ed78,anirudh9280,2025-04-19,16:21:58,-07:00,2025-04-19T16:21:58-07:00,2,55
src/constants/index.js,270,js,d7a0ed78,anirudh9280,2025-04-19,16:21:58,-07:00,2025-04-19T16:21:58-07:00,1,0
src/constants/index.js,271,js,d7a0ed78,anirudh9280,2025-04-19,16:21:58,-07:00,2025-04-19T16:21:58-07:00,1,0
src/constants/index.js,272,js,d7a0ed78,anirudh9280,2025-04-19,16:21:58,-07:00,2025-04-19T16:21:58-07:00,2,10
src/constants/index.js,273,js,d7a0ed78,anirudh9280,2025-04-19,16:21:58,-07:00,2025-04-19T16:21:58-07:00,3,92
src/constants/index.js,274,js,d7a0ed78,anirudh9280,2025-04-19,16:21:58,-07:00,2025-04-19T16:21:58-07:00,2,18
src/constants/index.js,275,js,d7a0ed78,anirudh9280,2025-04-19,16:21:58,-07:00,2025-04-19T16:21:58-07:00,2,17
src/constants/index.js,276,js,d7a0ed78,anirudh9280,2025-04-19,16:21:58,-07:00,2025-04-19T16:21:58-07:00,2,18
src/constants/index.js,277,js,d7a0ed78,anirudh9280,2025-04-19,16:21:58,-07:00,2025-04-19T16:21:58-07:00,2,53
src/constants/index.js,278,js,d7a0ed78,anirudh9280,2025-04-19,16:21:58,-07:00,2025-04-19T16:21:58-07:00,1,0
src/constants/index.js,279,js,d7a0ed78,anirudh9280,2025-04-19,16:21:58,-07:00,2025-04-19T16:21:58-07:00,1,0
src/constants/index.js,280,js,d7a0ed78,anirudh9280,2025-04-19,16:21:58,-07:00,2025-04-19T16:21:58-07:00,2,10
src/constants/index.js,281,js,d7a0ed78,anirudh9280,2025-04-19,16:21:58,-07:00,2025-04-19T16:21:58-07:00,3,92
src/constants/index.js,282,js,d7a0ed78,anirudh9280,2025-04-19,16:21:58,-07:00,2025-04-19T16:21:58-07:00,2,16
src/constants/index.js,283,js,d7a0ed78,anirudh9280,2025-04-19,16:21:58,-07:00,2025-04-19T16:21:58-07:00,2,17
src/constants/index.js,284,js,d7a0ed78,anirudh9280,2025-04-19,16:21:58,-07:00,2025-04-19T16:21:58-07:00,2,25
src/constants/index.js,285,js,d7a0ed78,anirudh9280,2025-04-19,16:21:58,-07:00,2025-04-19T16:21:58-07:00,2,55
src/constants/index.js,286,js,d7a0ed78,anirudh9280,2025-04-19,16:21:58,-07:00,2025-04-19T16:21:58-07:00,1,0
src/constants/index.js,287,js,928790b7,anirudh428,2023-10-07,00:24:45,-07:00,2023-10-07T00:24:45-07:00,0,0
src/constants/index.js,288,js,928790b7,anirudh428,2023-10-07,00:24:45,-07:00,2023-10-07T00:24:45-07:00,0,0
src/constants/index.js,289,js,928790b7,anirudh428,2023-10-07,00:24:45,-07:00,2023-10-07T00:24:45-07:00,0,16
src/constants/index.js,290,js,d7a0ed78,anirudh9280,2025-04-19,16:21:58,-07:00,2025-04-19T16:21:58-07:00,1,0
src/constants/index.js,291,js,d7a0ed78,anirudh9280,2025-04-19,16:21:58,-07:00,2025-04-19T16:21:58-07:00,2,34
src/constants/index.js,292,js,d7a0ed78,anirudh9280,2025-04-19,16:21:58,-07:00,2025-04-19T16:21:58-07:00,2,10
src/constants/index.js,293,js,d7a0ed78,anirudh9280,2025-04-19,16:21:58,-07:00,2025-04-19T16:21:58-07:00,3,244
src/constants/index.js,294,js,d7a0ed78,anirudh9280,2025-04-19,16:21:58,-07:00,2025-04-19T16:21:58-07:00,2,5
src/constants/index.js,295,js,d7a0ed78,anirudh9280,2025-04-19,16:21:58,-07:00,2025-04-19T16:21:58-07:00,3,0
src/constants/index.js,296,js,d7a0ed78,anirudh9280,2025-04-19,16:21:58,-07:00,2025-04-19T16:21:58-07:00,4,13
src/constants/index.js,297,js,d7a0ed78,anirudh9280,2025-04-19,16:21:58,-07:00,2025-04-19T16:21:58-07:00,4,25
src/constants/index.js,298,js,d7a0ed78,anirudh9280,2025-04-19,16:21:58,-07:00,2025-04-19T16:21:58-07:00,3,0
src/constants/index.js,299,js,d7a0ed78,anirudh9280,2025-04-19,16:21:58,-07:00,2025-04-19T16:21:58-07:00,3,0
src/constants/index.js,300,js,d7a0ed78,anirudh9280,2025-04-19,16:21:58,-07:00,2025-04-19T16:21:58-07:00,4,13
src/constants/index.js,301,js,d7a0ed78,anirudh9280,2025-04-19,16:21:58,-07:00,2025-04-19T16:21:58-07:00,4,28
src/constants/index.js,302,js,d7a0ed78,anirudh9280,2025-04-19,16:21:58,-07:00,2025-04-19T16:21:58-07:00,3,0
src/constants/index.js,303,js,d7a0ed78,anirudh9280,2025-04-19,16:21:58,-07:00,2025-04-19T16:21:58-07:00,3,0
src/constants/index.js,304,js,d7a0ed78,anirudh9280,2025-04-19,16:21:58,-07:00,2025-04-19T16:21:58-07:00,4,12
src/constants/index.js,305,js,d7a0ed78,anirudh9280,2025-04-19,16:21:58,-07:00,2025-04-19T16:21:58-07:00,4,26
src/constants/index.js,306,js,d7a0ed78,anirudh9280,2025-04-19,16:21:58,-07:00,2025-04-19T16:21:58-07:00,3,0
src/constants/index.js,307,js,d7a0ed78,anirudh9280,2025-04-19,16:21:58,-07:00,2025-04-19T16:21:58-07:00,2,0
src/constants/index.js,308,js,d7a0ed78,anirudh9280,2025-04-19,16:21:58,-07:00,2025-04-19T16:21:58-07:00,2,18
src/constants/index.js,309,js,d7a0ed78,anirudh9280,2025-04-19,16:21:58,-07:00,2025-04-19T16:21:58-07:00,2,70
src/constants/index.js,310,js,d7a0ed78,anirudh9280,2025-04-19,16:21:58,-07:00,2025-04-19T16:21:58-07:00,2,67
src/constants/index.js,311,js,d97c883d,anirudh9280,2025-05-09,23:33:41,-07:00,2025-05-09T23:33:41-07:00,2,9
src/constants/index.js,312,js,d7a0ed78,anirudh9280,2025-04-19,16:21:58,-07:00,2025-04-19T16:21:58-07:00,1,0
src/constants/index.js,313,js,d7a0ed78,anirudh9280,2025-04-19,16:21:58,-07:00,2025-04-19T16:21:58-07:00,1,0
src/constants/index.js,314,js,d7a0ed78,anirudh9280,2025-04-19,16:21:58,-07:00,2025-04-19T16:21:58-07:00,2,14
src/constants/index.js,315,js,d7a0ed78,anirudh9280,2025-04-19,16:21:58,-07:00,2025-04-19T16:21:58-07:00,2,10
src/constants/index.js,316,js,d7a0ed78,anirudh9280,2025-04-19,16:21:58,-07:00,2025-04-19T16:21:58-07:00,3,173
src/constants/index.js,317,js,d7a0ed78,anirudh9280,2025-04-19,16:21:58,-07:00,2025-04-19T16:21:58-07:00,2,5
src/constants/index.js,318,js,d7a0ed78,anirudh9280,2025-04-19,16:21:58,-07:00,2025-04-19T16:21:58-07:00,3,0
src/constants/index.js,319,js,d7a0ed78,anirudh9280,2025-04-19,16:21:58,-07:00,2025-04-19T16:21:58-07:00,4,12
src/constants/index.js,320,js,d7a0ed78,anirudh9280,2025-04-19,16:21:58,-07:00,2025-04-19T16:21:58-07:00,4,26
src/constants/index.js,321,js,d7a0ed78,anirudh9280,2025-04-19,16:21:58,-07:00,2025-04-19T16:21:58-07:00,3,0
src/constants/index.js,322,js,d7a0ed78,anirudh9280,2025-04-19,16:21:58,-07:00,2025-04-19T16:21:58-07:00,3,0
src/constants/index.js,323,js,d7a0ed78,anirudh9280,2025-04-19,16:21:58,-07:00,2025-04-19T16:21:58-07:00,4,15
src/constants/index.js,324,js,d7a0ed78,anirudh9280,2025-04-19,16:21:58,-07:00,2025-04-19T16:21:58-07:00,4,27
src/constants/index.js,325,js,d7a0ed78,anirudh9280,2025-04-19,16:21:58,-07:00,2025-04-19T16:21:58-07:00,3,0
src/constants/index.js,326,js,d7a0ed78,anirudh9280,2025-04-19,16:21:58,-07:00,2025-04-19T16:21:58-07:00,3,0
src/constants/index.js,327,js,d7a0ed78,anirudh9280,2025-04-19,16:21:58,-07:00,2025-04-19T16:21:58-07:00,4,21
src/constants/index.js,328,js,d7a0ed78,anirudh9280,2025-04-19,16:21:58,-07:00,2025-04-19T16:21:58-07:00,4,26
src/constants/index.js,329,js,d7a0ed78,anirudh9280,2025-04-19,16:21:58,-07:00,2025-04-19T16:21:58-07:00,3,0
src/constants/index.js,330,js,d7a0ed78,anirudh9280,2025-04-19,16:21:58,-07:00,2025-04-19T16:21:58-07:00,2,0
src/constants/index.js,331,js,d7a0ed78,anirudh9280,2025-04-19,16:21:58,-07:00,2025-04-19T16:21:58-07:00,2,9
src/constants/index.js,332,js,d7a0ed78,anirudh9280,2025-04-19,16:21:58,-07:00,2025-04-19T16:21:58-07:00,2,64
src/constants/index.js,333,js,d7a0ed78,anirudh9280,2025-04-19,16:21:58,-07:00,2025-04-19T16:21:58-07:00,2,65
src/constants/index.js,334,js,d97c883d,anirudh9280,2025-05-09,23:33:41,-07:00,2025-05-09T23:33:41-07:00,2,9
src/constants/index.js,335,js,d7a0ed78,anirudh9280,2025-04-19,16:21:58,-07:00,2025-04-19T16:21:58-07:00,1,0
src/constants/index.js,336,js,d7a0ed78,anirudh9280,2025-04-19,16:21:58,-07:00,2025-04-19T16:21:58-07:00,1,0
src/constants/index.js,337,js,d7a0ed78,anirudh9280,2025-04-19,16:21:58,-07:00,2025-04-19T16:21:58-07:00,2,21
src/constants/index.js,338,js,d7a0ed78,anirudh9280,2025-04-19,16:21:58,-07:00,2025-04-19T16:21:58-07:00,2,10
src/constants/index.js,339,js,d7a0ed78,anirudh9280,2025-04-19,16:21:58,-07:00,2025-04-19T16:21:58-07:00,3,76
src/constants/index.js,340,js,d7a0ed78,anirudh9280,2025-04-19,16:21:58,-07:00,2025-04-19T16:21:58-07:00,2,5
src/constants/index.js,341,js,d7a0ed78,anirudh9280,2025-04-19,16:21:58,-07:00,2025-04-19T16:21:58-07:00,3,0
src/constants/index.js,342,js,d7a0ed78,anirudh9280,2025-04-19,16:21:58,-07:00,2025-04-19T16:21:58-07:00,4,12
src/constants/index.js,343,js,d7a0ed78,anirudh9280,2025-04-19,16:21:58,-07:00,2025-04-19T16:21:58-07:00,4,25
src/constants/index.js,344,js,d7a0ed78,anirudh9280,2025-04-19,16:21:58,-07:00,2025-04-19T16:21:58-07:00,3,0
src/constants/index.js,345,js,d7a0ed78,anirudh9280,2025-04-19,16:21:58,-07:00,2025-04-19T16:21:58-07:00,3,0
src/constants/index.js,346,js,d7a0ed78,anirudh9280,2025-04-19,16:21:58,-07:00,2025-04-19T16:21:58-07:00,4,14
src/constants/index.js,347,js,d7a0ed78,anirudh9280,2025-04-19,16:21:58,-07:00,2025-04-19T16:21:58-07:00,4,28
src/constants/index.js,348,js,d7a0ed78,anirudh9280,2025-04-19,16:21:58,-07:00,2025-04-19T16:21:58-07:00,3,0
src/constants/index.js,349,js,d7a0ed78,anirudh9280,2025-04-19,16:21:58,-07:00,2025-04-19T16:21:58-07:00,3,0
src/constants/index.js,350,js,d7a0ed78,anirudh9280,2025-04-19,16:21:58,-07:00,2025-04-19T16:21:58-07:00,4,15
src/constants/index.js,351,js,d7a0ed78,anirudh9280,2025-04-19,16:21:58,-07:00,2025-04-19T16:21:58-07:00,4,26
src/constants/index.js,352,js,d7a0ed78,anirudh9280,2025-04-19,16:21:58,-07:00,2025-04-19T16:21:58-07:00,3,0
src/constants/index.js,353,js,d7a0ed78,anirudh9280,2025-04-19,16:21:58,-07:00,2025-04-19T16:21:58-07:00,2,0
src/constants/index.js,354,js,d7a0ed78,anirudh9280,2025-04-19,16:21:58,-07:00,2025-04-19T16:21:58-07:00,2,15
src/constants/index.js,355,js,d7a0ed78,anirudh9280,2025-04-19,16:21:58,-07:00,2025-04-19T16:21:58-07:00,2,51
src/constants/index.js,356,js,d7a0ed78,anirudh9280,2025-04-19,16:21:58,-07:00,2025-04-19T16:21:58-07:00,2,69
src/constants/index.js,357,js,d97c883d,anirudh9280,2025-05-09,23:33:41,-07:00,2025-05-09T23:33:41-07:00,2,9
src/constants/index.js,358,js,d7a0ed78,anirudh9280,2025-04-19,16:21:58,-07:00,2025-04-19T16:21:58-07:00,1,0
src/constants/index.js,359,js,d7a0ed78,anirudh9280,2025-04-19,16:21:58,-07:00,2025-04-19T16:21:58-07:00,1,0
src/constants/index.js,360,js,d7a0ed78,anirudh9280,2025-04-19,16:21:58,-07:00,2025-04-19T16:21:58-07:00,2,30
src/constants/index.js,361,js,d7a0ed78,anirudh9280,2025-04-19,16:21:58,-07:00,2025-04-19T16:21:58-07:00,2,10
src/constants/index.js,362,js,d7a0ed78,anirudh9280,2025-04-19,16:21:58,-07:00,2025-04-19T16:21:58-07:00,3,185
src/constants/index.js,363,js,d7a0ed78,anirudh9280,2025-04-19,16:21:58,-07:00,2025-04-19T16:21:58-07:00,2,5
src/constants/index.js,364,js,d7a0ed78,anirudh9280,2025-04-19,16:21:58,-07:00,2025-04-19T16:21:58-07:00,3,0
src/constants/index.js,365,js,d7a0ed78,anirudh9280,2025-04-19,16:21:58,-07:00,2025-04-19T16:21:58-07:00,4,11
src/constants/index.js,366,js,d7a0ed78,anirudh9280,2025-04-19,16:21:58,-07:00,2025-04-19T16:21:58-07:00,4,28
src/constants/index.js,367,js,d7a0ed78,anirudh9280,2025-04-19,16:21:58,-07:00,2025-04-19T16:21:58-07:00,3,0
src/constants/index.js,368,js,d7a0ed78,anirudh9280,2025-04-19,16:21:58,-07:00,2025-04-19T16:21:58-07:00,3,0
src/constants/index.js,369,js,d7a0ed78,anirudh9280,2025-04-19,16:21:58,-07:00,2025-04-19T16:21:58-07:00,4,20
src/constants/index.js,370,js,d7a0ed78,anirudh9280,2025-04-19,16:21:58,-07:00,2025-04-19T16:21:58-07:00,4,27
src/constants/index.js,371,js,d7a0ed78,anirudh9280,2025-04-19,16:21:58,-07:00,2025-04-19T16:21:58-07:00,3,0
src/constants/index.js,372,js,d7a0ed78,anirudh9280,2025-04-19,16:21:58,-07:00,2025-04-19T16:21:58-07:00,3,0
src/constants/index.js,373,js,d7a0ed78,anirudh9280,2025-04-19,16:21:58,-07:00,2025-04-19T16:21:58-07:00,4,22
src/constants/index.js,374,js,d7a0ed78,anirudh9280,2025-04-19,16:21:58,-07:00,2025-04-19T16:21:58-07:00,4,28
src/constants/index.js,375,js,d7a0ed78,anirudh9280,2025-04-19,16:21:58,-07:00,2025-04-19T16:21:58-07:00,3,0
src/constants/index.js,376,js,d7a0ed78,anirudh9280,2025-04-19,16:21:58,-07:00,2025-04-19T16:21:58-07:00,2,0
src/constants/index.js,377,js,d7a0ed78,anirudh9280,2025-04-19,16:21:58,-07:00,2025-04-19T16:21:58-07:00,2,17
src/constants/index.js,378,js,d7a0ed78,anirudh9280,2025-04-19,16:21:58,-07:00,2025-04-19T16:21:58-07:00,2,68
src/constants/index.js,379,js,d7a0ed78,anirudh9280,2025-04-19,16:21:58,-07:00,2025-04-19T16:21:58-07:00,2,68
src/constants/index.js,380,js,d97c883d,anirudh9280,2025-05-09,23:33:41,-07:00,2025-05-09T23:33:41-07:00,2,9
src/constants/index.js,381,js,d7a0ed78,anirudh9280,2025-04-19,16:21:58,-07:00,2025-04-19T16:21:58-07:00,1,0
src/constants/index.js,382,js,febb5fab,anirudh9280,2025-04-25,21:37:33,-07:00,2025-04-25T21:37:33-07:00,1,0
src/constants/index.js,383,js,febb5fab,anirudh9280,2025-04-25,21:37:33,-07:00,2025-04-25T21:37:33-07:00,2,26
src/constants/index.js,384,js,febb5fab,anirudh9280,2025-04-25,21:37:33,-07:00,2025-04-25T21:37:33-07:00,2,10
src/constants/index.js,385,js,febb5fab,anirudh9280,2025-04-25,21:37:33,-07:00,2025-04-25T21:37:33-07:00,3,194
src/constants/index.js,386,js,febb5fab,anirudh9280,2025-04-25,21:37:33,-07:00,2025-04-25T21:37:33-07:00,2,5
src/constants/index.js,387,js,febb5fab,anirudh9280,2025-04-25,21:37:33,-07:00,2025-04-25T21:37:33-07:00,3,0
src/constants/index.js,388,js,febb5fab,anirudh9280,2025-04-25,21:37:33,-07:00,2025-04-25T21:37:33-07:00,4,12
src/constants/index.js,389,js,febb5fab,anirudh9280,2025-04-25,21:37:33,-07:00,2025-04-25T21:37:33-07:00,4,26
src/constants/index.js,390,js,febb5fab,anirudh9280,2025-04-25,21:37:33,-07:00,2025-04-25T21:37:33-07:00,3,0
src/constants/index.js,391,js,febb5fab,anirudh9280,2025-04-25,21:37:33,-07:00,2025-04-25T21:37:33-07:00,3,0
src/constants/index.js,392,js,febb5fab,anirudh9280,2025-04-25,21:37:33,-07:00,2025-04-25T21:37:33-07:00,4,13
src/constants/index.js,393,js,febb5fab,anirudh9280,2025-04-25,21:37:33,-07:00,2025-04-25T21:37:33-07:00,4,27
src/constants/index.js,394,js,febb5fab,anirudh9280,2025-04-25,21:37:33,-07:00,2025-04-25T21:37:33-07:00,3,0
src/constants/index.js,395,js,febb5fab,anirudh9280,2025-04-25,21:37:33,-07:00,2025-04-25T21:37:33-07:00,3,0
src/constants/index.js,396,js,febb5fab,anirudh9280,2025-04-25,21:37:33,-07:00,2025-04-25T21:37:33-07:00,4,15
src/constants/index.js,397,js,febb5fab,anirudh9280,2025-04-25,21:37:33,-07:00,2025-04-25T21:37:33-07:00,4,26
src/constants/index.js,398,js,febb5fab,anirudh9280,2025-04-25,21:37:33,-07:00,2025-04-25T21:37:33-07:00,3,0
src/constants/index.js,399,js,febb5fab,anirudh9280,2025-04-25,21:37:33,-07:00,2025-04-25T21:37:33-07:00,2,0
src/constants/index.js,400,js,febb5fab,anirudh9280,2025-04-25,21:37:33,-07:00,2025-04-25T21:37:33-07:00,2,47
src/constants/index.js,401,js,febb5fab,anirudh9280,2025-04-25,21:37:33,-07:00,2025-04-25T21:37:33-07:00,2,38
src/constants/index.js,402,js,febb5fab,anirudh9280,2025-04-25,21:37:33,-07:00,2025-04-25T21:37:33-07:00,2,38
src/constants/index.js,403,js,d97c883d,anirudh9280,2025-05-09,23:33:41,-07:00,2025-05-09T23:33:41-07:00,2,9
src/constants/index.js,404,js,febb5fab,anirudh9280,2025-04-25,21:37:33,-07:00,2025-04-25T21:37:33-07:00,1,0
src/constants/index.js,405,js,febb5fab,anirudh9280,2025-04-25,21:37:33,-07:00,2025-04-25T21:37:33-07:00,1,0
src/constants/index.js,406,js,febb5fab,anirudh9280,2025-04-25,21:37:33,-07:00,2025-04-25T21:37:33-07:00,2,35
src/constants/index.js,407,js,febb5fab,anirudh9280,2025-04-25,21:37:33,-07:00,2025-04-25T21:37:33-07:00,2,10
src/constants/index.js,408,js,febb5fab,anirudh9280,2025-04-25,21:37:33,-07:00,2025-04-25T21:37:33-07:00,3,194
src/constants/index.js,409,js,febb5fab,anirudh9280,2025-04-25,21:37:33,-07:00,2025-04-25T21:37:33-07:00,2,5
src/constants/index.js,410,js,febb5fab,anirudh9280,2025-04-25,21:37:33,-07:00,2025-04-25T21:37:33-07:00,3,0
src/constants/index.js,411,js,febb5fab,anirudh9280,2025-04-25,21:37:33,-07:00,2025-04-25T21:37:33-07:00,4,12
src/constants/index.js,412,js,febb5fab,anirudh9280,2025-04-25,21:37:33,-07:00,2025-04-25T21:37:33-07:00,4,28
src/constants/index.js,413,js,febb5fab,anirudh9280,2025-04-25,21:37:33,-07:00,2025-04-25T21:37:33-07:00,3,0
src/constants/index.js,414,js,febb5fab,anirudh9280,2025-04-25,21:37:33,-07:00,2025-04-25T21:37:33-07:00,3,0
src/constants/index.js,415,js,febb5fab,anirudh9280,2025-04-25,21:37:33,-07:00,2025-04-25T21:37:33-07:00,4,12
src/constants/index.js,416,js,febb5fab,anirudh9280,2025-04-25,21:37:33,-07:00,2025-04-25T21:37:33-07:00,4,26
src/constants/index.js,417,js,febb5fab,anirudh9280,2025-04-25,21:37:33,-07:00,2025-04-25T21:37:33-07:00,3,0
src/constants/index.js,418,js,febb5fab,anirudh9280,2025-04-25,21:37:33,-07:00,2025-04-25T21:37:33-07:00,3,0
src/constants/index.js,419,js,febb5fab,anirudh9280,2025-04-25,21:37:33,-07:00,2025-04-25T21:37:33-07:00,4,17
src/constants/index.js,420,js,febb5fab,anirudh9280,2025-04-25,21:37:33,-07:00,2025-04-25T21:37:33-07:00,4,27
src/constants/index.js,421,js,febb5fab,anirudh9280,2025-04-25,21:37:33,-07:00,2025-04-25T21:37:33-07:00,3,0
src/constants/index.js,422,js,febb5fab,anirudh9280,2025-04-25,21:37:33,-07:00,2025-04-25T21:37:33-07:00,2,0
src/constants/index.js,423,js,febb5fab,anirudh9280,2025-04-25,21:37:33,-07:00,2025-04-25T21:37:33-07:00,2,49
src/constants/index.js,424,js,febb5fab,anirudh9280,2025-04-25,21:37:33,-07:00,2025-04-25T21:37:33-07:00,2,38
src/constants/index.js,425,js,febb5fab,anirudh9280,2025-04-25,21:37:33,-07:00,2025-04-25T21:37:33-07:00,2,38
src/constants/index.js,426,js,d97c883d,anirudh9280,2025-05-09,23:33:41,-07:00,2025-05-09T23:33:41-07:00,2,9
src/constants/index.js,427,js,febb5fab,anirudh9280,2025-04-25,21:37:33,-07:00,2025-04-25T21:37:33-07:00,1,0
src/constants/index.js,428,js,febb5fab,anirudh9280,2025-04-25,21:37:33,-07:00,2025-04-25T21:37:33-07:00,1,0
src/constants/index.js,429,js,febb5fab,anirudh9280,2025-04-25,21:37:33,-07:00,2025-04-25T21:37:33-07:00,2,32
src/constants/index.js,430,js,febb5fab,anirudh9280,2025-04-25,21:37:33,-07:00,2025-04-25T21:37:33-07:00,2,10
src/constants/index.js,431,js,febb5fab,anirudh9280,2025-04-25,21:37:33,-07:00,2025-04-25T21:37:33-07:00,3,196
src/constants/index.js,432,js,febb5fab,anirudh9280,2025-04-25,21:37:33,-07:00,2025-04-25T21:37:33-07:00,2,5
src/constants/index.js,433,js,febb5fab,anirudh9280,2025-04-25,21:37:33,-07:00,2025-04-25T21:37:33-07:00,3,0
src/constants/index.js,434,js,febb5fab,anirudh9280,2025-04-25,21:37:33,-07:00,2025-04-25T21:37:33-07:00,4,13
src/constants/index.js,435,js,febb5fab,anirudh9280,2025-04-25,21:37:33,-07:00,2025-04-25T21:37:33-07:00,4,26
src/constants/index.js,436,js,febb5fab,anirudh9280,2025-04-25,21:37:33,-07:00,2025-04-25T21:37:33-07:00,3,0
src/constants/index.js,437,js,febb5fab,anirudh9280,2025-04-25,21:37:33,-07:00,2025-04-25T21:37:33-07:00,3,0
src/constants/index.js,438,js,febb5fab,anirudh9280,2025-04-25,21:37:33,-07:00,2025-04-25T21:37:33-07:00,4,19
src/constants/index.js,439,js,febb5fab,anirudh9280,2025-04-25,21:37:33,-07:00,2025-04-25T21:37:33-07:00,4,27
src/constants/index.js,440,js,febb5fab,anirudh9280,2025-04-25,21:37:33,-07:00,2025-04-25T21:37:33-07:00,3,0
src/constants/index.js,441,js,febb5fab,anirudh9280,2025-04-25,21:37:33,-07:00,2025-04-25T21:37:33-07:00,3,0
src/constants/index.js,442,js,febb5fab,anirudh9280,2025-04-25,21:37:33,-07:00,2025-04-25T21:37:33-07:00,4,13
src/constants/index.js,443,js,febb5fab,anirudh9280,2025-04-25,21:37:33,-07:00,2025-04-25T21:37:33-07:00,4,26
src/constants/index.js,444,js,febb5fab,anirudh9280,2025-04-25,21:37:33,-07:00,2025-04-25T21:37:33-07:00,3,0
src/constants/index.js,445,js,febb5fab,anirudh9280,2025-04-25,21:37:33,-07:00,2025-04-25T21:37:33-07:00,2,0
src/constants/index.js,446,js,febb5fab,anirudh9280,2025-04-25,21:37:33,-07:00,2025-04-25T21:37:33-07:00,2,50
src/constants/index.js,447,js,febb5fab,anirudh9280,2025-04-25,21:37:33,-07:00,2025-04-25T21:37:33-07:00,2,38
src/constants/index.js,448,js,febb5fab,anirudh9280,2025-04-25,21:37:33,-07:00,2025-04-25T21:37:33-07:00,2,38
src/constants/index.js,449,js,d97c883d,anirudh9280,2025-05-09,23:33:41,-07:00,2025-05-09T23:33:41-07:00,2,9
src/constants/index.js,450,js,d97c883d,anirudh9280,2025-05-09,23:33:41,-07:00,2025-05-09T23:33:41-07:00,1,0
src/constants/index.js,451,js,d97c883d,anirudh9280,2025-05-09,23:33:41,-07:00,2025-05-09T23:33:41-07:00,1,0
src/constants/index.js,452,js,d97c883d,anirudh9280,2025-05-09,23:33:41,-07:00,2025-05-09T23:33:41-07:00,2,34
src/constants/index.js,453,js,d97c883d,anirudh9280,2025-05-09,23:33:41,-07:00,2025-05-09T23:33:41-07:00,2,10
src/constants/index.js,454,js,d97c883d,anirudh9280,2025-05-09,23:33:41,-07:00,2025-05-09T23:33:41-07:00,3,192
src/constants/index.js,455,js,d97c883d,anirudh9280,2025-05-09,23:33:41,-07:00,2025-05-09T23:33:41-07:00,2,5
src/constants/index.js,456,js,d97c883d,anirudh9280,2025-05-09,23:33:41,-07:00,2025-05-09T23:33:41-07:00,3,0
src/constants/index.js,457,js,d97c883d,anirudh9280,2025-05-09,23:33:41,-07:00,2025-05-09T23:33:41-07:00,4,13
src/constants/index.js,458,js,d97c883d,anirudh9280,2025-05-09,23:33:41,-07:00,2025-05-09T23:33:41-07:00,4,26
src/constants/index.js,459,js,d97c883d,anirudh9280,2025-05-09,23:33:41,-07:00,2025-05-09T23:33:41-07:00,3,0
src/constants/index.js,460,js,d97c883d,anirudh9280,2025-05-09,23:33:41,-07:00,2025-05-09T23:33:41-07:00,3,0
src/constants/index.js,461,js,d97c883d,anirudh9280,2025-05-09,23:33:41,-07:00,2025-05-09T23:33:41-07:00,4,12
src/constants/index.js,462,js,d97c883d,anirudh9280,2025-05-09,23:33:41,-07:00,2025-05-09T23:33:41-07:00,4,27
src/constants/index.js,463,js,d97c883d,anirudh9280,2025-05-09,23:33:41,-07:00,2025-05-09T23:33:41-07:00,3,0
src/constants/index.js,464,js,d97c883d,anirudh9280,2025-05-09,23:33:41,-07:00,2025-05-09T23:33:41-07:00,3,0
src/constants/index.js,465,js,d97c883d,anirudh9280,2025-05-09,23:33:41,-07:00,2025-05-09T23:33:41-07:00,4,22
src/constants/index.js,466,js,d97c883d,anirudh9280,2025-05-09,23:33:41,-07:00,2025-05-09T23:33:41-07:00,4,26
src/constants/index.js,467,js,d97c883d,anirudh9280,2025-05-09,23:33:41,-07:00,2025-05-09T23:33:41-07:00,3,0
src/constants/index.js,468,js,d97c883d,anirudh9280,2025-05-09,23:33:41,-07:00,2025-05-09T23:33:41-07:00,2,0
src/constants/index.js,469,js,d97c883d,anirudh9280,2025-05-09,23:33:41,-07:00,2025-05-09T23:33:41-07:00,2,18
src/constants/index.js,470,js,d97c883d,anirudh9280,2025-05-09,23:33:41,-07:00,2025-05-09T23:33:41-07:00,2,38
src/constants/index.js,471,js,d97c883d,anirudh9280,2025-05-09,23:33:41,-07:00,2025-05-09T23:33:41-07:00,2,38
src/constants/index.js,472,js,d97c883d,anirudh9280,2025-05-09,23:33:41,-07:00,2025-05-09T23:33:41-07:00,2,9
src/constants/index.js,473,js,d97c883d,anirudh9280,2025-05-09,23:33:41,-07:00,2025-05-09T23:33:41-07:00,1,0
src/constants/index.js,474,js,d97c883d,anirudh9280,2025-05-09,23:33:41,-07:00,2025-05-09T23:33:41-07:00,1,0
src/constants/index.js,475,js,d97c883d,anirudh9280,2025-05-09,23:33:41,-07:00,2025-05-09T23:33:41-07:00,2,30
src/constants/index.js,476,js,d97c883d,anirudh9280,2025-05-09,23:33:41,-07:00,2025-05-09T23:33:41-07:00,2,10
src/constants/index.js,477,js,d97c883d,anirudh9280,2025-05-09,23:33:41,-07:00,2025-05-09T23:33:41-07:00,3,186
src/constants/index.js,478,js,d97c883d,anirudh9280,2025-05-09,23:33:41,-07:00,2025-05-09T23:33:41-07:00,2,5
src/constants/index.js,479,js,d97c883d,anirudh9280,2025-05-09,23:33:41,-07:00,2025-05-09T23:33:41-07:00,3,0
src/constants/index.js,480,js,d97c883d,anirudh9280,2025-05-09,23:33:41,-07:00,2025-05-09T23:33:41-07:00,4,10
src/constants/index.js,481,js,d97c883d,anirudh9280,2025-05-09,23:33:41,-07:00,2025-05-09T23:33:41-07:00,4,26
src/constants/index.js,482,js,d97c883d,anirudh9280,2025-05-09,23:33:41,-07:00,2025-05-09T23:33:41-07:00,3,0
src/constants/index.js,483,js,d97c883d,anirudh9280,2025-05-09,23:33:41,-07:00,2025-05-09T23:33:41-07:00,3,0
src/constants/index.js,484,js,d97c883d,anirudh9280,2025-05-09,23:33:41,-07:00,2025-05-09T23:33:41-07:00,4,14
src/constants/index.js,485,js,d97c883d,anirudh9280,2025-05-09,23:33:41,-07:00,2025-05-09T23:33:41-07:00,4,27
src/constants/index.js,486,js,d97c883d,anirudh9280,2025-05-09,23:33:41,-07:00,2025-05-09T23:33:41-07:00,3,0
src/constants/index.js,487,js,d97c883d,anirudh9280,2025-05-09,23:33:41,-07:00,2025-05-09T23:33:41-07:00,3,0
src/constants/index.js,488,js,d97c883d,anirudh9280,2025-05-09,23:33:41,-07:00,2025-05-09T23:33:41-07:00,4,18
src/constants/index.js,489,js,d97c883d,anirudh9280,2025-05-09,23:33:41,-07:00,2025-05-09T23:33:41-07:00,4,26
src/constants/index.js,490,js,d97c883d,anirudh9280,2025-05-09,23:33:41,-07:00,2025-05-09T23:33:41-07:00,3,0
src/constants/index.js,491,js,d97c883d,anirudh9280,2025-05-09,23:33:41,-07:00,2025-05-09T23:33:41-07:00,2,0
src/constants/index.js,492,js,d97c883d,anirudh9280,2025-05-09,23:33:41,-07:00,2025-05-09T23:33:41-07:00,2,9
src/constants/index.js,493,js,d97c883d,anirudh9280,2025-05-09,23:33:41,-07:00,2025-05-09T23:33:41-07:00,2,38
src/constants/index.js,494,js,d97c883d,anirudh9280,2025-05-09,23:33:41,-07:00,2025-05-09T23:33:41-07:00,2,38
src/constants/index.js,495,js,d97c883d,anirudh9280,2025-05-09,23:33:41,-07:00,2025-05-09T23:33:41-07:00,2,9
src/constants/index.js,496,js,febb5fab,anirudh9280,2025-04-25,21:37:33,-07:00,2025-04-25T21:37:33-07:00,1,0
src/constants/index.js,497,js,928790b7,anirudh428,2023-10-07,00:24:45,-07:00,2023-10-07T00:24:45-07:00,0,0
src/constants/index.js,498,js,928790b7,anirudh428,2023-10-07,00:24:45,-07:00,2023-10-07T00:24:45-07:00,0,0
src/constants/index.js,499,js,d7a0ed78,anirudh9280,2025-04-19,16:21:58,-07:00,2025-04-19T16:21:58-07:00,0,69
src/components/index.js,1,js,00000000,Not Committed Yet,2025-05-29,14:23:17,-07:00,2025-05-29T14:23:17-07:00,0,6
src/components/index.js,2,js,00000000,Not Committed Yet,2025-05-29,14:23:17,-07:00,2025-05-29T14:23:17-07:00,1,10
src/components/index.js,3,js,00000000,Not Committed Yet,2025-05-29,14:23:17,-07:00,2025-05-29T14:23:17-07:00,1,9
src/components/index.js,4,js,00000000,Not Committed Yet,2025-05-29,14:23:17,-07:00,2025-05-29T14:23:17-07:00,1,14
src/components/index.js,5,js,00000000,Not Committed Yet,2025-05-29,14:23:17,-07:00,2025-05-29T14:23:17-07:00,1,10
src/components/index.js,6,js,00000000,Not Committed Yet,2025-05-29,14:23:17,-07:00,2025-05-29T14:23:17-07:00,0,16
src/components/index.js,7,js,00000000,Not Committed Yet,2025-05-29,14:23:17,-07:00,2025-05-29T14:23:17-07:00,0,24
src/components/index.js,8,js,00000000,Not Committed Yet,2025-05-29,14:23:17,-07:00,2025-05-29T14:23:17-07:00,0,28
src/components/index.js,9,js,00000000,Not Committed Yet,2025-05-29,14:23:17,-07:00,2025-05-29T14:23:17-07:00,0,26
src/components/index.js,10,js,00000000,Not Committed Yet,2025-05-29,14:23:17,-07:00,2025-05-29T14:23:17-07:00,0,24
src/components/index.js,11,js,00000000,Not Committed Yet,2025-05-29,14:23:17,-07:00,2025-05-29T14:23:17-07:00,0,36
src/components/index.js,12,js,00000000,Not Committed Yet,2025-05-29,14:23:17,-07:00,2025-05-29T14:23:17-07:00,0,26
src/components/index.js,13,js,00000000,Not Committed Yet,2025-05-29,14:23:17,-07:00,2025-05-29T14:23:17-07:00,0,34
src/components/index.js,14,js,00000000,Not Committed Yet,2025-05-29,14:23:17,-07:00,2025-05-29T14:23:17-07:00,0,30
src/components/index.js,15,js,00000000,Not Committed Yet,2025-05-29,14:23:17,-07:00,2025-05-29T14:23:17-07:00,0,28
src/components/index.js,16,js,00000000,Not Committed Yet,2025-05-29,14:23:17,-07:00,2025-05-29T14:23:17-07:00,0,34
src/components/index.js,17,js,00000000,Not Committed Yet,2025-05-29,14:23:17,-07:00,2025-05-29T14:23:17-07:00,0,38
src/components/index.js,18,js,928790b7,anirudh428,2023-10-07,00:24:45,-07:00,2023-10-07T00:24:45-07:00,0,0
src/components/index.js,19,js,928790b7,anirudh428,2023-10-07,00:24:45,-07:00,2023-10-07T00:24:45-07:00,0,6
src/components/index.js,20,js,928790b7,anirudh428,2023-10-07,00:24:45,-07:00,2023-10-07T00:24:45-07:00,1,3
src/components/index.js,21,js,928790b7,anirudh428,2023-10-07,00:24:45,-07:00,2023-10-07T00:24:45-07:00,1,5
src/components/index.js,22,js,928790b7,anirudh428,2023-10-07,00:24:45,-07:00,2023-10-07T00:24:45-07:00,1,4
src/components/index.js,23,js,928790b7,anirudh428,2023-10-07,00:24:45,-07:00,2023-10-07T00:24:45-07:00,1,3
src/components/index.js,24,js,928790b7,anirudh428,2023-10-07,00:24:45,-07:00,2023-10-07T00:24:45-07:00,1,9
src/components/index.js,25,js,928790b7,anirudh428,2023-10-07,00:24:45,-07:00,2023-10-07T00:24:45-07:00,1,4
src/components/index.js,26,js,00000000,Not Committed Yet,2025-05-29,14:23:17,-07:00,2025-05-29T14:23:17-07:00,1,8
src/components/index.js,27,js,928790b7,anirudh428,2023-10-07,00:24:45,-07:00,2023-10-07T00:24:45-07:00,1,6
src/components/index.js,28,js,00000000,Not Committed Yet,2025-05-29,14:23:17,-07:00,2025-05-29T14:23:17-07:00,1,5
src/components/index.js,29,js,00000000,Not Committed Yet,2025-05-29,14:23:17,-07:00,2025-05-29T14:23:17-07:00,1,8
src/components/index.js,30,js,00000000,Not Committed Yet,2025-05-29,14:23:17,-07:00,2025-05-29T14:23:17-07:00,1,10
src/components/index.js,31,js,00000000,Not Committed Yet,2025-05-29,14:23:17,-07:00,2025-05-29T14:23:17-07:00,1,10
src/components/index.js,32,js,00000000,Not Committed Yet,2025-05-29,14:23:17,-07:00,2025-05-29T14:23:17-07:00,1,9
src/components/index.js,33,js,00000000,Not Committed Yet,2025-05-29,14:23:17,-07:00,2025-05-29T14:23:17-07:00,1,14
src/components/index.js,34,js,00000000,Not Committed Yet,2025-05-29,14:23:17,-07:00,2025-05-29T14:23:17-07:00,1,10
src/components/index.js,35,js,00000000,Not Committed Yet,2025-05-29,14:23:17,-07:00,2025-05-29T14:23:17-07:00,0,0
src/components/canvas/index.js,1,js,928790b7,anirudh428,2023-10-07,00:24:45,-07:00,2023-10-07T00:24:45-07:00,0,32
src/components/canvas/index.js,2,js,928790b7,anirudh428,2023-10-07,00:24:45,-07:00,2023-10-07T00:24:45-07:00,0,30
src/components/canvas/index.js,3,js,928790b7,anirudh428,2023-10-07,00:24:45,-07:00,2023-10-07T00:24:45-07:00,0,40
src/components/canvas/index.js,4,js,928790b7,anirudh428,2023-10-07,00:24:45,-07:00,2023-10-07T00:24:45-07:00,0,32
src/components/canvas/index.js,5,js,928790b7,anirudh428,2023-10-07,00:24:45,-07:00,2023-10-07T00:24:45-07:00,0,0
src/components/canvas/index.js,6,js,928790b7,anirudh428,2023-10-07,00:24:45,-07:00,2023-10-07T00:24:45-07:00,0,63
src/assets/index.js,1,js,928790b7,anirudh428,2023-10-07,00:24:45,-07:00,2023-10-07T00:24:45-07:00,0,28
src/assets/index.js,2,js,d7a0ed78,anirudh9280,2025-04-19,16:21:58,-07:00,2025-04-19T16:21:58-07:00,0,49
src/assets/index.js,3,js,928790b7,anirudh428,2023-10-07,00:24:45,-07:00,2023-10-07T00:24:45-07:00,0,34
src/assets/index.js,4,js,928790b7,anirudh428,2023-10-07,00:24:45,-07:00,2023-10-07T00:24:45-07:00,0,34
src/assets/index.js,5,js,928790b7,anirudh428,2023-10-07,00:24:45,-07:00,2023-10-07T00:24:45-07:00,0,32
src/assets/index.js,6,js,928790b7,anirudh428,2023-10-07,00:24:45,-07:00,2023-10-07T00:24:45-07:00,0,26
src/assets/index.js,7,js,928790b7,anirudh428,2023-10-07,00:24:45,-07:00,2023-10-07T00:24:45-07:00,0,32
src/assets/index.js,8,js,928790b7,anirudh428,2023-10-07,00:24:45,-07:00,2023-10-07T00:24:45-07:00,0,28
src/assets/index.js,9,js,d7a0ed78,anirudh9280,2025-04-19,16:21:58,-07:00,2025-04-19T16:21:58-07:00,0,42
src/assets/index.js,10,js,928790b7,anirudh428,2023-10-07,00:24:45,-07:00,2023-10-07T00:24:45-07:00,0,30
src/assets/index.js,11,js,d7a0ed78,anirudh9280,2025-04-19,16:21:58,-07:00,2025-04-19T16:21:58-07:00,0,38
src/assets/index.js,12,js,d7a0ed78,anirudh9280,2025-04-19,16:21:58,-07:00,2025-04-19T16:21:58-07:00,0,38
src/assets/index.js,13,js,928790b7,anirudh428,2023-10-07,00:24:45,-07:00,2023-10-07T00:24:45-07:00,0,31
src/assets/index.js,14,js,928790b7,anirudh428,2023-10-07,00:24:45,-07:00,2023-10-07T00:24:45-07:00,0,37
src/assets/index.js,15,js,928790b7,anirudh428,2023-10-07,00:24:45,-07:00,2023-10-07T00:24:45-07:00,0,35
src/assets/index.js,16,js,928790b7,anirudh428,2023-10-07,00:24:45,-07:00,2023-10-07T00:24:45-07:00,0,31
src/assets/index.js,17,js,928790b7,anirudh428,2023-10-07,00:24:45,-07:00,2023-10-07T00:24:45-07:00,0,33
src/assets/index.js,18,js,928790b7,anirudh428,2023-10-07,00:24:45,-07:00,2023-10-07T00:24:45-07:00,0,45
src/assets/index.js,19,js,928790b7,anirudh428,2023-10-07,00:24:45,-07:00,2023-10-07T00:24:45-07:00,0,39
src/assets/index.js,20,js,928790b7,anirudh428,2023-10-07,00:24:45,-07:00,2023-10-07T00:24:45-07:00,0,37
src/assets/index.js,21,js,928790b7,anirudh428,2023-10-07,00:24:45,-07:00,2023-10-07T00:24:45-07:00,0,39
src/assets/index.js,22,js,928790b7,anirudh428,2023-10-07,00:24:45,-07:00,2023-10-07T00:24:45-07:00,0,35
src/assets/index.js,23,js,928790b7,anirudh428,2023-10-07,00:24:45,-07:00,2023-10-07T00:24:45-07:00,0,41
src/assets/index.js,24,js,928790b7,anirudh428,2023-10-07,00:24:45,-07:00,2023-10-07T00:24:45-07:00,0,45
src/assets/index.js,25,js,928790b7,anirudh428,2023-10-07,00:24:45,-07:00,2023-10-07T00:24:45-07:00,0,39
src/assets/index.js,26,js,928790b7,anirudh428,2023-10-07,00:24:45,-07:00,2023-10-07T00:24:45-07:00,0,0
src/assets/index.js,27,js,928790b7,anirudh428,2023-10-07,00:24:45,-07:00,2023-10-07T00:24:45-07:00,0,36
src/assets/index.js,28,js,928790b7,anirudh428,2023-10-07,00:24:45,-07:00,2023-10-07T00:24:45-07:00,0,42
src/assets/index.js,29,js,928790b7,anirudh428,2023-10-07,00:24:45,-07:00,2023-10-07T00:24:45-07:00,0,46
src/assets/index.js,30,js,928790b7,anirudh428,2023-10-07,00:24:45,-07:00,2023-10-07T00:24:45-07:00,0,38
src/assets/index.js,31,js,928790b7,anirudh428,2023-10-07,00:24:45,-07:00,2023-10-07T00:24:45-07:00,0,0
src/assets/index.js,32,js,d7a0ed78,anirudh9280,2025-04-19,16:21:58,-07:00,2025-04-19T16:21:58-07:00,0,26
src/assets/index.js,33,js,d7a0ed78,anirudh9280,2025-04-19,16:21:58,-07:00,2025-04-19T16:21:58-07:00,0,34
src/assets/index.js,34,js,928790b7,anirudh428,2023-10-07,00:24:45,-07:00,2023-10-07T00:24:45-07:00,0,34
src/assets/index.js,35,js,d7a0ed78,anirudh9280,2025-04-19,16:21:58,-07:00,2025-04-19T16:21:58-07:00,0,48
src/assets/index.js,36,js,d7a0ed78,anirudh9280,2025-04-19,16:21:58,-07:00,2025-04-19T16:21:58-07:00,0,26
src/assets/index.js,37,js,d7a0ed78,anirudh9280,2025-04-19,16:21:58,-07:00,2025-04-19T16:21:58-07:00,0,26
src/assets/index.js,38,js,928790b7,anirudh428,2023-10-07,00:24:45,-07:00,2023-10-07T00:24:45-07:00,0,30
src/assets/index.js,39,js,928790b7,anirudh428,2023-10-07,00:24:45,-07:00,2023-10-07T00:24:45-07:00,0,38
src/assets/index.js,40,js,d7a0ed78,anirudh9280,2025-04-19,16:21:58,-07:00,2025-04-19T16:21:58-07:00,0,36
src/assets/index.js,41,js,d7a0ed78,anirudh9280,2025-04-19,16:21:58,-07:00,2025-04-19T16:21:58-07:00,0,30
src/assets/index.js,42,js,00000000,Not Committed Yet,2025-05-29,14:23:17,-07:00,2025-05-29T14:23:17-07:00,0,28
src/assets/index.js,43,js,00000000,Not Committed Yet,2025-05-29,14:23:17,-07:00,2025-05-29T14:23:17-07:00,0,48
src/assets/index.js,44,js,00000000,Not Committed Yet,2025-05-29,14:23:17,-07:00,2025-05-29T14:23:17-07:00,0,42
src/assets/index.js,45,js,00000000,Not Committed Yet,2025-05-29,14:23:17,-07:00,2025-05-29T14:23:17-07:00,0,46
src/assets/index.js,46,js,928790b7,anirudh428,2023-10-07,00:24:45,-07:00,2023-10-07T00:24:45-07:00,0,0
src/assets/index.js,47,js,928790b7,anirudh428,2023-10-07,00:24:45,-07:00,2023-10-07T00:24:45-07:00,0,6
src/assets/index.js,48,js,202347a4,anirudh9280,2025-01-21,18:15:20,-08:00,2025-01-21T18:15:20-08:00,1,2
src/assets/index.js,49,js,d7a0ed78,anirudh9280,2025-04-19,16:21:58,-07:00,2025-04-19T16:21:58-07:00,1,2
src/assets/index.js,50,js,202347a4,anirudh9280,2025-01-21,18:15:20,-08:00,2025-01-21T18:15:20-08:00,1,13
src/assets/index.js,51,js,09562622,anirudh9280,2024-10-02,12:55:00,-07:00,2024-10-02T12:55:00-07:00,1,7
src/assets/index.js,52,js,928790b7,anirudh428,2023-10-07,00:24:45,-07:00,2023-10-07T00:24:45-07:00,1,3
src/assets/index.js,53,js,09562622,anirudh9280,2024-10-02,12:55:00,-07:00,2024-10-02T12:55:00-07:00,1,6
src/assets/index.js,54,js,9f942219,anirudh428,2023-10-07,11:36:27,-07:00,2023-10-07T11:36:27-07:00,1,2
src/assets/index.js,55,js,928790b7,anirudh428,2023-10-07,00:24:45,-07:00,2023-10-07T00:24:45-07:00,1,4
src/assets/index.js,56,js,928790b7,anirudh428,2023-10-07,00:24:45,-07:00,2023-10-07T00:24:45-07:00,1,6
src/assets/index.js,57,js,928790b7,anirudh428,2023-10-07,00:24:45,-07:00,2023-10-07T00:24:45-07:00,1,6
src/assets/index.js,58,js,928790b7,anirudh428,2023-10-07,00:24:45,-07:00,2023-10-07T00:24:45-07:00,1,5
src/assets/index.js,59,js,928790b7,anirudh428,2023-10-07,00:24:45,-07:00,2023-10-07T00:24:45-07:00,1,2
src/assets/index.js,60,js,928790b7,anirudh428,2023-10-07,00:24:45,-07:00,2023-10-07T00:24:45-07:00,1,5
src/assets/index.js,61,js,d17df515,anirudh9280,2024-07-23,14:50:01,-07:00,2024-07-23T14:50:01-07:00,1,10
src/assets/index.js,62,js,928790b7,anirudh428,2023-10-07,00:24:45,-07:00,2023-10-07T00:24:45-07:00,1,3
src/assets/index.js,63,js,d17df515,anirudh9280,2024-07-23,14:50:01,-07:00,2024-07-23T14:50:01-07:00,1,8
src/assets/index.js,64,js,928790b7,anirudh428,2023-10-07,00:24:45,-07:00,2023-10-07T00:24:45-07:00,1,4
src/assets/index.js,65,js,928790b7,anirudh428,2023-10-07,00:24:45,-07:00,2023-10-07T00:24:45-07:00,1,2
src/assets/index.js,66,js,928790b7,anirudh428,2023-10-07,00:24:45,-07:00,2023-10-07T00:24:45-07:00,1,5
src/assets/index.js,67,js,928790b7,anirudh428,2023-10-07,00:24:45,-07:00,2023-10-07T00:24:45-07:00,1,4
src/assets/index.js,68,js,928790b7,anirudh428,2023-10-07,00:24:45,-07:00,2023-10-07T00:24:45-07:00,1,2
src/assets/index.js,69,js,928790b7,anirudh428,2023-10-07,00:24:45,-07:00,2023-10-07T00:24:45-07:00,1,3
src/assets/index.js,70,js,928790b7,anirudh428,2023-10-07,00:24:45,-07:00,2023-10-07T00:24:45-07:00,1,9
src/assets/index.js,71,js,928790b7,anirudh428,2023-10-07,00:24:45,-07:00,2023-10-07T00:24:45-07:00,1,6
src/assets/index.js,72,js,928790b7,anirudh428,2023-10-07,00:24:45,-07:00,2023-10-07T00:24:45-07:00,1,5
src/assets/index.js,73,js,928790b7,anirudh428,2023-10-07,00:24:45,-07:00,2023-10-07T00:24:45-07:00,1,6
src/assets/index.js,74,js,928790b7,anirudh428,2023-10-07,00:24:45,-07:00,2023-10-07T00:24:45-07:00,1,4
src/assets/index.js,75,js,928790b7,anirudh428,2023-10-07,00:24:45,-07:00,2023-10-07T00:24:45-07:00,1,7
src/assets/index.js,76,js,00000000,Not Committed Yet,2025-05-29,14:23:17,-07:00,2025-05-29T14:23:17-07:00,1,3
src/assets/index.js,77,js,928790b7,anirudh428,2023-10-07,00:24:45,-07:00,2023-10-07T00:24:45-07:00,1,9
src/assets/index.js,78,js,928790b7,anirudh428,2023-10-07,00:24:45,-07:00,2023-10-07T00:24:45-07:00,1,6
src/assets/index.js,79,js,928790b7,anirudh428,2023-10-07,00:24:45,-07:00,2023-10-07T00:24:45-07:00,1,3
src/assets/index.js,80,js,928790b7,anirudh428,2023-10-07,00:24:45,-07:00,2023-10-07T00:24:45-07:00,1,6
src/assets/index.js,81,js,928790b7,anirudh428,2023-10-07,00:24:45,-07:00,2023-10-07T00:24:45-07:00,1,8
src/assets/index.js,82,js,928790b7,anirudh428,2023-10-07,00:24:45,-07:00,2023-10-07T00:24:45-07:00,1,4
src/assets/index.js,83,js,928790b7,anirudh428,2023-10-07,00:24:45,-07:00,2023-10-07T00:24:45-07:00,1,6
src/assets/index.js,84,js,928790b7,anirudh428,2023-10-07,00:24:45,-07:00,2023-10-07T00:24:45-07:00,1,4
src/assets/index.js,85,js,928790b7,anirudh428,2023-10-07,00:24:45,-07:00,2023-10-07T00:24:45-07:00,1,8
src/assets/index.js,86,js,09562622,anirudh9280,2024-10-02,12:55:00,-07:00,2024-10-02T12:55:00-07:00,1,11
src/assets/index.js,87,js,d7a0ed78,anirudh9280,2025-04-19,16:21:58,-07:00,2025-04-19T16:21:58-07:00,1,4
src/assets/index.js,88,js,00000000,Not Committed Yet,2025-05-29,14:23:17,-07:00,2025-05-29T14:23:17-07:00,1,13
src/assets/index.js,89,js,00000000,Not Committed Yet,2025-05-29,14:23:17,-07:00,2025-05-29T14:23:17-07:00,1,10
src/assets/index.js,90,js,00000000,Not Committed Yet,2025-05-29,14:23:17,-07:00,2025-05-29T14:23:17-07:00,1,12
src/assets/index.js,91,js,928790b7,anirudh428,2023-10-07,00:24:45,-07:00,2023-10-07T00:24:45-07:00,0,0
public/meta/styles.css,1,css,d97c883d,anirudh9280,2025-05-09,23:33:41,-07:00,2025-05-09T23:33:41-07:00,0,1
public/meta/styles.css,2,css,d97c883d,anirudh9280,2025-05-09,23:33:41,-07:00,2025-05-09T23:33:41-07:00,1,8
public/meta/styles.css,3,css,d97c883d,anirudh9280,2025-05-09,23:33:41,-07:00,2025-05-09T23:33:41-07:00,1,9
public/meta/styles.css,4,css,d97c883d,anirudh9280,2025-05-09,23:33:41,-07:00,2025-05-09T23:33:41-07:00,1,21
public/meta/styles.css,5,css,d97c883d,anirudh9280,2025-05-09,23:33:41,-07:00,2025-05-09T23:33:41-07:00,0,0
public/meta/styles.css,6,css,d97c883d,anirudh9280,2025-05-09,23:33:41,-07:00,2025-05-09T23:33:41-07:00,0,0
public/meta/styles.css,7,css,d97c883d,anirudh9280,2025-05-09,23:33:41,-07:00,2025-05-09T23:33:41-07:00,0,4
public/meta/styles.css,8,css,d97c883d,anirudh9280,2025-05-09,23:33:41,-07:00,2025-05-09T23:33:41-07:00,1,59
public/meta/styles.css,9,css,d97c883d,anirudh9280,2025-05-09,23:33:41,-07:00,2025-05-09T23:33:41-07:00,1,15
public/meta/styles.css,10,css,d97c883d,anirudh9280,2025-05-09,23:33:41,-07:00,2025-05-09T23:33:41-07:00,1,10
public/meta/styles.css,11,css,d97c883d,anirudh9280,2025-05-09,23:33:41,-07:00,2025-05-09T23:33:41-07:00,1,24
public/meta/styles.css,12,css,d97c883d,anirudh9280,2025-05-09,23:33:41,-07:00,2025-05-09T23:33:41-07:00,1,12
public/meta/styles.css,13,css,d97c883d,anirudh9280,2025-05-09,23:33:41,-07:00,2025-05-09T23:33:41-07:00,0,0
public/meta/styles.css,14,css,d97c883d,anirudh9280,2025-05-09,23:33:41,-07:00,2025-05-09T23:33:41-07:00,0,0
public/meta/styles.css,15,css,d97c883d,anirudh9280,2025-05-09,23:33:41,-07:00,2025-05-09T23:33:41-07:00,0,10
public/meta/styles.css,16,css,d97c883d,anirudh9280,2025-05-09,23:33:41,-07:00,2025-05-09T23:33:41-07:00,1,16
public/meta/styles.css,17,css,d97c883d,anirudh9280,2025-05-09,23:33:41,-07:00,2025-05-09T23:33:41-07:00,1,13
public/meta/styles.css,18,css,d97c883d,anirudh9280,2025-05-09,23:33:41,-07:00,2025-05-09T23:33:41-07:00,1,22
public/meta/styles.css,19,css,d97c883d,anirudh9280,2025-05-09,23:33:41,-07:00,2025-05-09T23:33:41-07:00,1,17
public/meta/styles.css,20,css,d97c883d,anirudh9280,2025-05-09,23:33:41,-07:00,2025-05-09T23:33:41-07:00,1,40
public/meta/styles.css,21,css,d97c883d,anirudh9280,2025-05-09,23:33:41,-07:00,2025-05-09T23:33:41-07:00,1,12
public/meta/styles.css,22,css,d97c883d,anirudh9280,2025-05-09,23:33:41,-07:00,2025-05-09T23:33:41-07:00,0,0
public/meta/styles.css,23,css,d97c883d,anirudh9280,2025-05-09,23:33:41,-07:00,2025-05-09T23:33:41-07:00,0,0
public/meta/styles.css,24,css,d97c883d,anirudh9280,2025-05-09,23:33:41,-07:00,2025-05-09T23:33:41-07:00,0,2
public/meta/styles.css,25,css,d97c883d,anirudh9280,2025-05-09,23:33:41,-07:00,2025-05-09T23:33:41-07:00,1,13
public/meta/styles.css,26,css,d97c883d,anirudh9280,2025-05-09,23:33:41,-07:00,2025-05-09T23:33:41-07:00,1,18
public/meta/styles.css,27,css,d97c883d,anirudh9280,2025-05-09,23:33:41,-07:00,2025-05-09T23:33:41-07:00,1,15
public/meta/styles.css,28,css,d97c883d,anirudh9280,2025-05-09,23:33:41,-07:00,2025-05-09T23:33:41-07:00,0,0
public/meta/styles.css,29,css,d97c883d,anirudh9280,2025-05-09,23:33:41,-07:00,2025-05-09T23:33:41-07:00,0,0
public/meta/styles.css,30,css,d97c883d,anirudh9280,2025-05-09,23:33:41,-07:00,2025-05-09T23:33:41-07:00,0,2
public/meta/styles.css,31,css,d97c883d,anirudh9280,2025-05-09,23:33:41,-07:00,2025-05-09T23:33:41-07:00,1,13
public/meta/styles.css,32,css,d97c883d,anirudh9280,2025-05-09,23:33:41,-07:00,2025-05-09T23:33:41-07:00,1,18
public/meta/styles.css,33,css,d97c883d,anirudh9280,2025-05-09,23:33:41,-07:00,2025-05-09T23:33:41-07:00,1,15
public/meta/styles.css,34,css,d97c883d,anirudh9280,2025-05-09,23:33:41,-07:00,2025-05-09T23:33:41-07:00,0,0
public/meta/styles.css,35,css,d97c883d,anirudh9280,2025-05-09,23:33:41,-07:00,2025-05-09T23:33:41-07:00,0,0
public/meta/styles.css,36,css,d97c883d,anirudh9280,2025-05-09,23:33:41,-07:00,2025-05-09T23:33:41-07:00,0,9
public/meta/styles.css,37,css,d97c883d,anirudh9280,2025-05-09,23:33:41,-07:00,2025-05-09T23:33:41-07:00,1,13
public/meta/styles.css,38,css,d97c883d,anirudh9280,2025-05-09,23:33:41,-07:00,2025-05-09T23:33:41-07:00,1,18
public/meta/styles.css,39,css,d97c883d,anirudh9280,2025-05-09,23:33:41,-07:00,2025-05-09T23:33:41-07:00,1,16
public/meta/styles.css,40,css,d97c883d,anirudh9280,2025-05-09,23:33:41,-07:00,2025-05-09T23:33:41-07:00,0,0
public/meta/styles.css,41,css,d97c883d,anirudh9280,2025-05-09,23:33:41,-07:00,2025-05-09T23:33:41-07:00,0,0
public/meta/styles.css,42,css,d97c883d,anirudh9280,2025-05-09,23:33:41,-07:00,2025-05-09T23:33:41-07:00,0,16
public/meta/styles.css,43,css,d97c883d,anirudh9280,2025-05-09,23:33:41,-07:00,2025-05-09T23:33:41-07:00,1,12
public/meta/styles.css,44,css,d97c883d,anirudh9280,2025-05-09,23:33:41,-07:00,2025-05-09T23:33:41-07:00,1,59
public/meta/styles.css,45,css,d97c883d,anirudh9280,2025-05-09,23:33:41,-07:00,2025-05-09T23:33:41-07:00,1,8
public/meta/styles.css,46,css,d97c883d,anirudh9280,2025-05-09,23:33:41,-07:00,2025-05-09T23:33:41-07:00,1,18
public/meta/styles.css,47,css,d97c883d,anirudh9280,2025-05-09,23:33:41,-07:00,2025-05-09T23:33:41-07:00,0,0
public/meta/styles.css,48,css,d97c883d,anirudh9280,2025-05-09,23:33:41,-07:00,2025-05-09T23:33:41-07:00,0,0
public/meta/styles.css,49,css,d97c883d,anirudh9280,2025-05-09,23:33:41,-07:00,2025-05-09T23:33:41-07:00,0,16
public/meta/styles.css,50,css,d97c883d,anirudh9280,2025-05-09,23:33:41,-07:00,2025-05-09T23:33:41-07:00,1,10
public/meta/styles.css,51,css,d97c883d,anirudh9280,2025-05-09,23:33:41,-07:00,2025-05-09T23:33:41-07:00,1,12
public/meta/styles.css,52,css,d97c883d,anirudh9280,2025-05-09,23:33:41,-07:00,2025-05-09T23:33:41-07:00,1,13
public/meta/styles.css,53,css,d97c883d,anirudh9280,2025-05-09,23:33:41,-07:00,2025-05-09T23:33:41-07:00,0,0
public/meta/styles.css,54,css,d97c883d,anirudh9280,2025-05-09,23:33:41,-07:00,2025-05-09T23:33:41-07:00,0,0
public/meta/styles.css,55,css,d97c883d,anirudh9280,2025-05-09,23:33:41,-07:00,2025-05-09T23:33:41-07:00,0,20
public/meta/styles.css,56,css,d97c883d,anirudh9280,2025-05-09,23:33:41,-07:00,2025-05-09T23:33:41-07:00,0,8
public/meta/styles.css,57,css,d97c883d,anirudh9280,2025-05-09,23:33:41,-07:00,2025-05-09T23:33:41-07:00,1,12
public/meta/styles.css,58,css,d97c883d,anirudh9280,2025-05-09,23:33:41,-07:00,2025-05-09T23:33:41-07:00,1,37
public/meta/styles.css,59,css,d97c883d,anirudh9280,2025-05-09,23:33:41,-07:00,2025-05-09T23:33:41-07:00,1,17
public/meta/styles.css,60,css,d97c883d,anirudh9280,2025-05-09,23:33:41,-07:00,2025-05-09T23:33:41-07:00,1,18
public/meta/styles.css,61,css,d97c883d,anirudh9280,2025-05-09,23:33:41,-07:00,2025-05-09T23:33:41-07:00,1,24
public/meta/styles.css,62,css,d97c883d,anirudh9280,2025-05-09,23:33:41,-07:00,2025-05-09T23:33:41-07:00,1,12
public/meta/styles.css,63,css,d97c883d,anirudh9280,2025-05-09,23:33:41,-07:00,2025-05-09T23:33:41-07:00,1,17
public/meta/styles.css,64,css,d97c883d,anirudh9280,2025-05-09,23:33:41,-07:00,2025-05-09T23:33:41-07:00,1,24
public/meta/styles.css,65,css,d97c883d,anirudh9280,2025-05-09,23:33:41,-07:00,2025-05-09T23:33:41-07:00,0,0
public/meta/styles.css,66,css,d97c883d,anirudh9280,2025-05-09,23:33:41,-07:00,2025-05-09T23:33:41-07:00,0,0
public/meta/styles.css,67,css,d97c883d,anirudh9280,2025-05-09,23:33:41,-07:00,2025-05-09T23:33:41-07:00,0,11
public/meta/styles.css,68,css,d97c883d,anirudh9280,2025-05-09,23:33:41,-07:00,2025-05-09T23:33:41-07:00,1,15
public/meta/styles.css,69,css,d97c883d,anirudh9280,2025-05-09,23:33:41,-07:00,2025-05-09T23:33:41-07:00,1,13
public/meta/styles.css,70,css,d97c883d,anirudh9280,2025-05-09,23:33:41,-07:00,2025-05-09T23:33:41-07:00,0,0
public/meta/styles.css,71,css,d97c883d,anirudh9280,2025-05-09,23:33:41,-07:00,2025-05-09T23:33:41-07:00,0,0
public/meta/styles.css,72,css,d97c883d,anirudh9280,2025-05-09,23:33:41,-07:00,2025-05-09T23:33:41-07:00,0,11
public/meta/styles.css,73,css,d97c883d,anirudh9280,2025-05-09,23:33:41,-07:00,2025-05-09T23:33:41-07:00,1,15
public/meta/styles.css,74,css,d97c883d,anirudh9280,2025-05-09,23:33:41,-07:00,2025-05-09T23:33:41-07:00,1,13
public/meta/styles.css,75,css,d97c883d,anirudh9280,2025-05-09,23:33:41,-07:00,2025-05-09T23:33:41-07:00,0,0
public/meta/styles.css,76,css,d97c883d,anirudh9280,2025-05-09,23:33:41,-07:00,2025-05-09T23:33:41-07:00,0,0
public/meta/styles.css,77,css,d97c883d,anirudh9280,2025-05-09,23:33:41,-07:00,2025-05-09T23:33:41-07:00,0,19
public/meta/styles.css,78,css,d97c883d,anirudh9280,2025-05-09,23:33:41,-07:00,2025-05-09T23:33:41-07:00,0,8
public/meta/styles.css,79,css,d97c883d,anirudh9280,2025-05-09,23:33:41,-07:00,2025-05-09T23:33:41-07:00,1,14
public/meta/styles.css,80,css,d97c883d,anirudh9280,2025-05-09,23:33:41,-07:00,2025-05-09T23:33:41-07:00,1,42
public/meta/styles.css,81,css,d97c883d,anirudh9280,2025-05-09,23:33:41,-07:00,2025-05-09T23:33:41-07:00,1,17
public/meta/styles.css,82,css,d97c883d,anirudh9280,2025-05-09,23:33:41,-07:00,2025-05-09T23:33:41-07:00,1,41
public/meta/styles.css,83,css,d97c883d,anirudh9280,2025-05-09,23:33:41,-07:00,2025-05-09T23:33:41-07:00,1,12
public/meta/styles.css,84,css,d97c883d,anirudh9280,2025-05-09,23:33:41,-07:00,2025-05-09T23:33:41-07:00,1,24
public/meta/styles.css,85,css,d97c883d,anirudh9280,2025-05-09,23:33:41,-07:00,2025-05-09T23:33:41-07:00,1,12
public/meta/styles.css,86,css,d97c883d,anirudh9280,2025-05-09,23:33:41,-07:00,2025-05-09T23:33:41-07:00,1,15
public/meta/styles.css,87,css,d97c883d,anirudh9280,2025-05-09,23:33:41,-07:00,2025-05-09T23:33:41-07:00,1,25
public/meta/styles.css,88,css,d97c883d,anirudh9280,2025-05-09,23:33:41,-07:00,2025-05-09T23:33:41-07:00,1,25
public/meta/styles.css,89,css,d97c883d,anirudh9280,2025-05-09,23:33:41,-07:00,2025-05-09T23:33:41-07:00,1,39
public/meta/styles.css,90,css,d97c883d,anirudh9280,2025-05-09,23:33:41,-07:00,2025-05-09T23:33:41-07:00,0,0
public/meta/styles.css,91,css,d97c883d,anirudh9280,2025-05-09,23:33:41,-07:00,2025-05-09T23:33:41-07:00,0,0
public/meta/styles.css,92,css,d97c883d,anirudh9280,2025-05-09,23:33:41,-07:00,2025-05-09T23:33:41-07:00,0,11
public/meta/styles.css,93,css,d97c883d,anirudh9280,2025-05-09,23:33:41,-07:00,2025-05-09T23:33:41-07:00,1,15
public/meta/styles.css,94,css,d97c883d,anirudh9280,2025-05-09,23:33:41,-07:00,2025-05-09T23:33:41-07:00,1,13
public/meta/styles.css,95,css,d97c883d,anirudh9280,2025-05-09,23:33:41,-07:00,2025-05-09T23:33:41-07:00,1,16
public/meta/styles.css,96,css,d97c883d,anirudh9280,2025-05-09,23:33:41,-07:00,2025-05-09T23:33:41-07:00,0,0
public/meta/styles.css,97,css,d97c883d,anirudh9280,2025-05-09,23:33:41,-07:00,2025-05-09T23:33:41-07:00,0,0
public/meta/styles.css,98,css,d97c883d,anirudh9280,2025-05-09,23:33:41,-07:00,2025-05-09T23:33:41-07:00,0,11
public/meta/styles.css,99,css,d97c883d,anirudh9280,2025-05-09,23:33:41,-07:00,2025-05-09T23:33:41-07:00,1,17
public/meta/styles.css,100,css,d97c883d,anirudh9280,2025-05-09,23:33:41,-07:00,2025-05-09T23:33:41-07:00,1,13
public/meta/styles.css,101,css,d97c883d,anirudh9280,2025-05-09,23:33:41,-07:00,2025-05-09T23:33:41-07:00,1,15
public/meta/styles.css,102,css,d97c883d,anirudh9280,2025-05-09,23:33:41,-07:00,2025-05-09T23:33:41-07:00,0,0
public/meta/styles.css,103,css,d97c883d,anirudh9280,2025-05-09,23:33:41,-07:00,2025-05-09T23:33:41-07:00,0,0
public/meta/styles.css,104,css,d97c883d,anirudh9280,2025-05-09,23:33:41,-07:00,2025-05-09T23:33:41-07:00,0,10
public/meta/styles.css,105,css,d97c883d,anirudh9280,2025-05-09,23:33:41,-07:00,2025-05-09T23:33:41-07:00,1,13
public/meta/styles.css,106,css,d97c883d,anirudh9280,2025-05-09,23:33:41,-07:00,2025-05-09T23:33:41-07:00,1,20
public/meta/styles.css,107,css,d97c883d,anirudh9280,2025-05-09,23:33:41,-07:00,2025-05-09T23:33:41-07:00,0,0
public/meta/styles.css,108,css,d97c883d,anirudh9280,2025-05-09,23:33:41,-07:00,2025-05-09T23:33:41-07:00,0,0
public/meta/styles.css,109,css,d97c883d,anirudh9280,2025-05-09,23:33:41,-07:00,2025-05-09T23:33:41-07:00,0,16
public/meta/styles.css,110,css,d97c883d,anirudh9280,2025-05-09,23:33:41,-07:00,2025-05-09T23:33:41-07:00,1,25
public/meta/styles.css,111,css,d97c883d,anirudh9280,2025-05-09,23:33:41,-07:00,2025-05-09T23:33:41-07:00,0,0
public/meta/styles.css,112,css,d97c883d,anirudh9280,2025-05-09,23:33:41,-07:00,2025-05-09T23:33:41-07:00,0,0
public/meta/styles.css,113,css,d97c883d,anirudh9280,2025-05-09,23:33:41,-07:00,2025-05-09T23:33:41-07:00,0,43
public/meta/styles.css,114,css,d97c883d,anirudh9280,2025-05-09,23:33:41,-07:00,2025-05-09T23:33:41-07:00,1,9
public/meta/styles.css,115,css,d97c883d,anirudh9280,2025-05-09,23:33:41,-07:00,2025-05-09T23:33:41-07:00,1,17
public/meta/styles.css,116,css,d97c883d,anirudh9280,2025-05-09,23:33:41,-07:00,2025-05-09T23:33:41-07:00,0,0
public/meta/styles.css,117,css,d97c883d,anirudh9280,2025-05-09,23:33:41,-07:00,2025-05-09T23:33:41-07:00,0,0
public/meta/styles.css,118,css,d97c883d,anirudh9280,2025-05-09,23:33:41,-07:00,2025-05-09T23:33:41-07:00,0,18
public/meta/styles.css,119,css,d97c883d,anirudh9280,2025-05-09,23:33:41,-07:00,2025-05-09T23:33:41-07:00,0,6
public/meta/styles.css,120,css,d97c883d,anirudh9280,2025-05-09,23:33:41,-07:00,2025-05-09T23:33:41-07:00,1,16
public/meta/styles.css,121,css,d97c883d,anirudh9280,2025-05-09,23:33:41,-07:00,2025-05-09T23:33:41-07:00,1,23
public/meta/styles.css,122,css,d97c883d,anirudh9280,2025-05-09,23:33:41,-07:00,2025-05-09T23:33:41-07:00,1,22
public/meta/styles.css,123,css,d97c883d,anirudh9280,2025-05-09,23:33:41,-07:00,2025-05-09T23:33:41-07:00,1,14
public/meta/styles.css,124,css,d97c883d,anirudh9280,2025-05-09,23:33:41,-07:00,2025-05-09T23:33:41-07:00,0,0
public/meta/styles.css,125,css,d97c883d,anirudh9280,2025-05-09,23:33:41,-07:00,2025-05-09T23:33:41-07:00,0,0
public/meta/styles.css,126,css,d97c883d,anirudh9280,2025-05-09,23:33:41,-07:00,2025-05-09T23:33:41-07:00,0,12
public/meta/styles.css,127,css,d97c883d,anirudh9280,2025-05-09,23:33:41,-07:00,2025-05-09T23:33:41-07:00,1,20
public/meta/styles.css,128,css,d97c883d,anirudh9280,2025-05-09,23:33:41,-07:00,2025-05-09T23:33:41-07:00,0,0
public/meta/styles.css,129,css,d97c883d,anirudh9280,2025-05-09,23:33:41,-07:00,2025-05-09T23:33:41-07:00,0,0
public/meta/styles.css,130,css,d97c883d,anirudh9280,2025-05-09,23:33:41,-07:00,2025-05-09T23:33:41-07:00,0,15
public/meta/styles.css,131,css,d97c883d,anirudh9280,2025-05-09,23:33:41,-07:00,2025-05-09T23:33:41-07:00,1,12
public/meta/styles.css,132,css,d97c883d,anirudh9280,2025-05-09,23:33:41,-07:00,2025-05-09T23:33:41-07:00,0,0
public/meta/styles.css,133,css,d97c883d,anirudh9280,2025-05-09,23:33:41,-07:00,2025-05-09T23:33:41-07:00,0,0
public/meta/styles.css,134,css,d97c883d,anirudh9280,2025-05-09,23:33:41,-07:00,2025-05-09T23:33:41-07:00,0,18
public/meta/styles.css,135,css,d97c883d,anirudh9280,2025-05-09,23:33:41,-07:00,2025-05-09T23:33:41-07:00,0,10
public/meta/styles.css,136,css,d97c883d,anirudh9280,2025-05-09,23:33:41,-07:00,2025-05-09T23:33:41-07:00,1,16
public/meta/styles.css,137,css,d97c883d,anirudh9280,2025-05-09,23:33:41,-07:00,2025-05-09T23:33:41-07:00,1,12
public/meta/styles.css,138,css,d97c883d,anirudh9280,2025-05-09,23:33:41,-07:00,2025-05-09T23:33:41-07:00,1,18
public/meta/styles.css,139,css,d97c883d,anirudh9280,2025-05-09,23:33:41,-07:00,2025-05-09T23:33:41-07:00,1,20
public/meta/styles.css,140,css,d97c883d,anirudh9280,2025-05-09,23:33:41,-07:00,2025-05-09T23:33:41-07:00,1,42
public/meta/styles.css,141,css,d97c883d,anirudh9280,2025-05-09,23:33:41,-07:00,2025-05-09T23:33:41-07:00,0,0
public/meta/styles.css,142,css,d97c883d,anirudh9280,2025-05-09,23:33:41,-07:00,2025-05-09T23:33:41-07:00,0,0
public/meta/styles.css,143,css,d97c883d,anirudh9280,2025-05-09,23:33:41,-07:00,2025-05-09T23:33:41-07:00,0,24
public/meta/styles.css,144,css,d97c883d,anirudh9280,2025-05-09,23:33:41,-07:00,2025-05-09T23:33:41-07:00,1,2
public/meta/styles.css,145,css,d97c883d,anirudh9280,2025-05-09,23:33:41,-07:00,2025-05-09T23:33:41-07:00,2,20
public/meta/styles.css,146,css,d97c883d,anirudh9280,2025-05-09,23:33:41,-07:00,2025-05-09T23:33:41-07:00,1,0
public/meta/styles.css,147,css,d97c883d,anirudh9280,2025-05-09,23:33:41,-07:00,2025-05-09T23:33:41-07:00,0,0
public/meta/styles.css,148,css,d97c883d,anirudh9280,2025-05-09,23:33:41,-07:00,2025-05-09T23:33:41-07:00,0,0
public/meta/styles.css,149,css,d97c883d,anirudh9280,2025-05-09,23:33:41,-07:00,2025-05-09T23:33:41-07:00,0,15
public/meta/styles.css,150,css,d97c883d,anirudh9280,2025-05-09,23:33:41,-07:00,2025-05-09T23:33:41-07:00,1,15
public/meta/styles.css,151,css,d97c883d,anirudh9280,2025-05-09,23:33:41,-07:00,2025-05-09T23:33:41-07:00,1,12
public/meta/styles.css,152,css,d97c883d,anirudh9280,2025-05-09,23:33:41,-07:00,2025-05-09T23:33:41-07:00,1,24
public/meta/styles.css,153,css,d97c883d,anirudh9280,2025-05-09,23:33:41,-07:00,2025-05-09T23:33:41-07:00,1,17
public/meta/styles.css,154,css,d97c883d,anirudh9280,2025-05-09,23:33:41,-07:00,2025-05-09T23:33:41-07:00,1,24
public/meta/styles.css,155,css,d97c883d,anirudh9280,2025-05-09,23:33:41,-07:00,2025-05-09T23:33:41-07:00,0,0
public/meta/styles.css,156,css,d97c883d,anirudh9280,2025-05-09,23:33:41,-07:00,2025-05-09T23:33:41-07:00,0,0
public/meta/styles.css,157,css,d97c883d,anirudh9280,2025-05-09,23:33:41,-07:00,2025-05-09T23:33:41-07:00,0,16
public/meta/styles.css,158,css,d97c883d,anirudh9280,2025-05-09,23:33:41,-07:00,2025-05-09T23:33:41-07:00,1,16
public/meta/styles.css,159,css,d97c883d,anirudh9280,2025-05-09,23:33:41,-07:00,2025-05-09T23:33:41-07:00,1,15
public/meta/styles.css,160,css,d97c883d,anirudh9280,2025-05-09,23:33:41,-07:00,2025-05-09T23:33:41-07:00,1,13
public/meta/styles.css,161,css,d97c883d,anirudh9280,2025-05-09,23:33:41,-07:00,2025-05-09T23:33:41-07:00,1,18
public/meta/styles.css,162,css,d97c883d,anirudh9280,2025-05-09,23:33:41,-07:00,2025-05-09T23:33:41-07:00,0,0
public/meta/styles.css,163,css,d97c883d,anirudh9280,2025-05-09,23:33:41,-07:00,2025-05-09T23:33:41-07:00,0,0
public/meta/styles.css,164,css,d97c883d,anirudh9280,2025-05-09,23:33:41,-07:00,2025-05-09T23:33:41-07:00,0,14
public/meta/styles.css,165,css,d97c883d,anirudh9280,2025-05-09,23:33:41,-07:00,2025-05-09T23:33:41-07:00,0,15
public/meta/styles.css,166,css,d97c883d,anirudh9280,2025-05-09,23:33:41,-07:00,2025-05-09T23:33:41-07:00,1,14
public/meta/styles.css,167,css,d97c883d,anirudh9280,2025-05-09,23:33:41,-07:00,2025-05-09T23:33:41-07:00,1,18
public/meta/styles.css,168,css,d97c883d,anirudh9280,2025-05-09,23:33:41,-07:00,2025-05-09T23:33:41-07:00,0,0
public/meta/styles.css,169,css,d97c883d,anirudh9280,2025-05-09,23:33:41,-07:00,2025-05-09T23:33:41-07:00,0,0
public/meta/styles.css,170,css,d97c883d,anirudh9280,2025-05-09,23:33:41,-07:00,2025-05-09T23:33:41-07:00,0,26
public/meta/styles.css,171,css,d97c883d,anirudh9280,2025-05-09,23:33:41,-07:00,2025-05-09T23:33:41-07:00,0,25
public/meta/styles.css,172,css,d97c883d,anirudh9280,2025-05-09,23:33:41,-07:00,2025-05-09T23:33:41-07:00,1,10
public/meta/styles.css,173,css,d97c883d,anirudh9280,2025-05-09,23:33:41,-07:00,2025-05-09T23:33:41-07:00,2,12
public/meta/styles.css,174,css,d97c883d,anirudh9280,2025-05-09,23:33:41,-07:00,2025-05-09T23:33:41-07:00,1,0
public/meta/styles.css,175,css,d97c883d,anirudh9280,2025-05-09,23:33:41,-07:00,2025-05-09T23:33:41-07:00,0,0
public/meta/styles.css,176,css,d97c883d,anirudh9280,2025-05-09,23:33:41,-07:00,2025-05-09T23:33:41-07:00,1,16
public/meta/styles.css,177,css,d97c883d,anirudh9280,2025-05-09,23:33:41,-07:00,2025-05-09T23:33:41-07:00,2,25
public/meta/styles.css,178,css,d97c883d,anirudh9280,2025-05-09,23:33:41,-07:00,2025-05-09T23:33:41-07:00,1,0
public/meta/styles.css,179,css,d97c883d,anirudh9280,2025-05-09,23:33:41,-07:00,2025-05-09T23:33:41-07:00,0,0
public/meta/styles.css,180,css,d97c883d,anirudh9280,2025-05-09,23:33:41,-07:00,2025-05-09T23:33:41-07:00,1,16
public/meta/styles.css,181,css,d97c883d,anirudh9280,2025-05-09,23:33:41,-07:00,2025-05-09T23:33:41-07:00,2,12
public/meta/styles.css,182,css,d97c883d,anirudh9280,2025-05-09,23:33:41,-07:00,2025-05-09T23:33:41-07:00,1,0
public/meta/styles.css,183,css,d97c883d,anirudh9280,2025-05-09,23:33:41,-07:00,2025-05-09T23:33:41-07:00,0,0
public/meta/main.js,1,js,d97c883d,anirudh9280,2025-05-09,23:33:41,-07:00,2025-05-09T23:33:41-07:00,0,37
public/meta/main.js,2,js,d97c883d,anirudh9280,2025-05-09,23:33:41,-07:00,2025-05-09T23:33:41-07:00,0,25
public/meta/main.js,3,js,d97c883d,anirudh9280,2025-05-09,23:33:41,-07:00,2025-05-09T23:33:41-07:00,0,16
public/meta/main.js,4,js,d97c883d,anirudh9280,2025-05-09,23:33:41,-07:00,2025-05-09T23:33:41-07:00,0,11
public/meta/main.js,5,js,d97c883d,anirudh9280,2025-05-09,23:33:41,-07:00,2025-05-09T23:33:41-07:00,0,0
public/meta/main.js,6,js,d97c883d,anirudh9280,2025-05-09,23:33:41,-07:00,2025-05-09T23:33:41-07:00,0,22
public/meta/main.js,7,js,d97c883d,anirudh9280,2025-05-09,23:33:41,-07:00,2025-05-09T23:33:41-07:00,0,25
public/meta/main.js,8,js,d97c883d,anirudh9280,2025-05-09,23:33:41,-07:00,2025-05-09T23:33:41-07:00,1,46
public/meta/main.js,9,js,d97c883d,anirudh9280,2025-05-09,23:33:41,-07:00,2025-05-09T23:33:41-07:00,2,5
public/meta/main.js,10,js,d97c883d,anirudh9280,2025-05-09,23:33:41,-07:00,2025-05-09T23:33:41-07:00,2,21
public/meta/main.js,11,js,d97c883d,anirudh9280,2025-05-09,23:33:41,-07:00,2025-05-09T23:33:41-07:00,2,23
public/meta/main.js,12,js,d97c883d,anirudh9280,2025-05-09,23:33:41,-07:00,2025-05-09T23:33:41-07:00,2,25
public/meta/main.js,13,js,d97c883d,anirudh9280,2025-05-09,23:33:41,-07:00,2025-05-09T23:33:41-07:00,2,49
public/meta/main.js,14,js,d97c883d,anirudh9280,2025-05-09,23:33:41,-07:00,2025-05-09T23:33:41-07:00,2,31
public/meta/main.js,15,js,d97c883d,anirudh9280,2025-05-09,23:33:41,-07:00,2025-05-09T23:33:41-07:00,1,2
public/meta/main.js,16,js,d97c883d,anirudh9280,2025-05-09,23:33:41,-07:00,2025-05-09T23:33:41-07:00,0,0
public/meta/main.js,17,js,d97c883d,anirudh9280,2025-05-09,23:33:41,-07:00,2025-05-09T23:33:41-07:00,1,10
public/meta/main.js,18,js,d97c883d,anirudh9280,2025-05-09,23:33:41,-07:00,2025-05-09T23:33:41-07:00,0,0
public/meta/main.js,19,js,d97c883d,anirudh9280,2025-05-09,23:33:41,-07:00,2025-05-09T23:33:41-07:00,0,0
public/meta/main.js,20,js,d97c883d,anirudh9280,2025-05-09,23:33:41,-07:00,2025-05-09T23:33:41-07:00,0,26
public/meta/main.js,21,js,d97c883d,anirudh9280,2025-05-09,23:33:41,-07:00,2025-05-09T23:33:41-07:00,0,29
public/meta/main.js,22,js,d97c883d,anirudh9280,2025-05-09,23:33:41,-07:00,2025-05-09T23:33:41-07:00,1,7
public/meta/main.js,23,js,d97c883d,anirudh9280,2025-05-09,23:33:41,-07:00,2025-05-09T23:33:41-07:00,2,28
public/meta/main.js,24,js,d97c883d,anirudh9280,2025-05-09,23:33:41,-07:00,2025-05-09T23:33:41-07:00,2,25
public/meta/main.js,25,js,d97c883d,anirudh9280,2025-05-09,23:33:41,-07:00,2025-05-09T23:33:41-07:00,3,19
public/meta/main.js,26,js,d97c883d,anirudh9280,2025-05-09,23:33:41,-07:00,2025-05-09T23:33:41-07:00,3,53
public/meta/main.js,27,js,d97c883d,anirudh9280,2025-05-09,23:33:41,-07:00,2025-05-09T23:33:41-07:00,0,0
public/meta/main.js,28,js,d97c883d,anirudh9280,2025-05-09,23:33:41,-07:00,2025-05-09T23:33:41-07:00,3,11
public/meta/main.js,29,js,d97c883d,anirudh9280,2025-05-09,23:33:41,-07:00,2025-05-09T23:33:41-07:00,4,9
public/meta/main.js,30,js,d97c883d,anirudh9280,2025-05-09,23:33:41,-07:00,2025-05-09T23:33:41-07:00,4,63
public/meta/main.js,31,js,d97c883d,anirudh9280,2025-05-09,23:33:41,-07:00,2025-05-09T23:33:41-07:00,4,5
public/meta/main.js,32,js,d97c883d,anirudh9280,2025-05-09,23:33:41,-07:00,2025-05-09T23:33:41-07:00,4,3
public/meta/main.js,33,js,d97c883d,anirudh9280,2025-05-09,23:33:41,-07:00,2025-05-09T23:33:41-07:00,4,3
public/meta/main.js,34,js,d97c883d,anirudh9280,2025-05-09,23:33:41,-07:00,2025-05-09T23:33:41-07:00,4,7
public/meta/main.js,35,js,d97c883d,anirudh9280,2025-05-09,23:33:41,-07:00,2025-05-09T23:33:41-07:00,4,7
public/meta/main.js,36,js,d97c883d,anirudh9280,2025-05-09,23:33:41,-07:00,2025-05-09T23:33:41-07:00,4,57
public/meta/main.js,37,js,d97c883d,anirudh9280,2025-05-09,23:33:41,-07:00,2025-05-09T23:33:41-07:00,4,23
public/meta/main.js,38,js,d97c883d,anirudh9280,2025-05-09,23:33:41,-07:00,2025-05-09T23:33:41-07:00,3,0
public/meta/main.js,39,js,d97c883d,anirudh9280,2025-05-09,23:33:41,-07:00,2025-05-09T23:33:41-07:00,0,0
public/meta/main.js,40,js,d97c883d,anirudh9280,2025-05-09,23:33:41,-07:00,2025-05-09T23:33:41-07:00,3,51
public/meta/main.js,41,js,d97c883d,anirudh9280,2025-05-09,23:33:41,-07:00,2025-05-09T23:33:41-07:00,3,35
public/meta/main.js,42,js,d97c883d,anirudh9280,2025-05-09,23:33:41,-07:00,2025-05-09T23:33:41-07:00,4,11
public/meta/main.js,43,js,d97c883d,anirudh9280,2025-05-09,23:33:41,-07:00,2025-05-09T23:33:41-07:00,4,16
public/meta/main.js,44,js,d97c883d,anirudh9280,2025-05-09,23:33:41,-07:00,2025-05-09T23:33:41-07:00,4,17
public/meta/main.js,45,js,d97c883d,anirudh9280,2025-05-09,23:33:41,-07:00,2025-05-09T23:33:41-07:00,4,13
public/meta/main.js,46,js,d97c883d,anirudh9280,2025-05-09,23:33:41,-07:00,2025-05-09T23:33:41-07:00,3,1
public/meta/main.js,47,js,d97c883d,anirudh9280,2025-05-09,23:33:41,-07:00,2025-05-09T23:33:41-07:00,0,0
public/meta/main.js,48,js,d97c883d,anirudh9280,2025-05-09,23:33:41,-07:00,2025-05-09T23:33:41-07:00,3,9
public/meta/main.js,49,js,d97c883d,anirudh9280,2025-05-09,23:33:41,-07:00,2025-05-09T23:33:41-07:00,2,1
public/meta/main.js,50,js,d97c883d,anirudh9280,2025-05-09,23:33:41,-07:00,2025-05-09T23:33:41-07:00,0,0
public/meta/main.js,51,js,d97c883d,anirudh9280,2025-05-09,23:33:41,-07:00,2025-05-09T23:33:41-07:00,0,0
public/meta/main.js,52,js,d97c883d,anirudh9280,2025-05-09,23:33:41,-07:00,2025-05-09T23:33:41-07:00,0,27
public/meta/main.js,53,js,d97c883d,anirudh9280,2025-05-09,23:33:41,-07:00,2025-05-09T23:33:41-07:00,0,40
public/meta/main.js,54,js,d97c883d,anirudh9280,2025-05-09,23:33:41,-07:00,2025-05-09T23:33:41-07:00,1,22
public/meta/main.js,55,js,d97c883d,anirudh9280,2025-05-09,23:33:41,-07:00,2025-05-09T23:33:41-07:00,1,65
public/meta/main.js,56,js,d97c883d,anirudh9280,2025-05-09,23:33:41,-07:00,2025-05-09T23:33:41-07:00,0,0
public/meta/main.js,57,js,d97c883d,anirudh9280,2025-05-09,23:33:41,-07:00,2025-05-09T23:33:41-07:00,1,14
public/meta/main.js,58,js,d97c883d,anirudh9280,2025-05-09,23:33:41,-07:00,2025-05-09T23:33:41-07:00,1,67
public/meta/main.js,59,js,d97c883d,anirudh9280,2025-05-09,23:33:41,-07:00,2025-05-09T23:33:41-07:00,1,32
public/meta/main.js,60,js,d97c883d,anirudh9280,2025-05-09,23:33:41,-07:00,2025-05-09T23:33:41-07:00,0,0
public/meta/main.js,61,js,d97c883d,anirudh9280,2025-05-09,23:33:41,-07:00,2025-05-09T23:33:41-07:00,1,18
public/meta/main.js,62,js,d97c883d,anirudh9280,2025-05-09,23:33:41,-07:00,2025-05-09T23:33:41-07:00,1,36
public/meta/main.js,63,js,d97c883d,anirudh9280,2025-05-09,23:33:41,-07:00,2025-05-09T23:33:41-07:00,1,35
public/meta/main.js,64,js,d97c883d,anirudh9280,2025-05-09,23:33:41,-07:00,2025-05-09T23:33:41-07:00,0,0
public/meta/main.js,65,js,d97c883d,anirudh9280,2025-05-09,23:33:41,-07:00,2025-05-09T23:33:41-07:00,1,20
public/meta/main.js,66,js,d97c883d,anirudh9280,2025-05-09,23:33:41,-07:00,2025-05-09T23:33:41-07:00,1,51
public/meta/main.js,67,js,d97c883d,anirudh9280,2025-05-09,23:33:41,-07:00,2025-05-09T23:33:41-07:00,1,38
public/meta/main.js,68,js,d97c883d,anirudh9280,2025-05-09,23:33:41,-07:00,2025-05-09T23:33:41-07:00,1,30
public/meta/main.js,69,js,d97c883d,anirudh9280,2025-05-09,23:33:41,-07:00,2025-05-09T23:33:41-07:00,0,0
public/meta/main.js,70,js,d97c883d,anirudh9280,2025-05-09,23:33:41,-07:00,2025-05-09T23:33:41-07:00,1,24
public/meta/main.js,71,js,d97c883d,anirudh9280,2025-05-09,23:33:41,-07:00,2025-05-09T23:33:41-07:00,1,29
public/meta/main.js,72,js,d97c883d,anirudh9280,2025-05-09,23:33:41,-07:00,2025-05-09T23:33:41-07:00,2,3
public/meta/main.js,73,js,d97c883d,anirudh9280,2025-05-09,23:33:41,-07:00,2025-05-09T23:33:41-07:00,2,30
public/meta/main.js,74,js,d97c883d,anirudh9280,2025-05-09,23:33:41,-07:00,2025-05-09T23:33:41-07:00,2,11
public/meta/main.js,75,js,d97c883d,anirudh9280,2025-05-09,23:33:41,-07:00,2025-05-09T23:33:41-07:00,1,0
public/meta/main.js,76,js,d97c883d,anirudh9280,2025-05-09,23:33:41,-07:00,2025-05-09T23:33:41-07:00,1,66
public/meta/main.js,77,js,d97c883d,anirudh9280,2025-05-09,23:33:41,-07:00,2025-05-09T23:33:41-07:00,1,39
public/meta/main.js,78,js,d97c883d,anirudh9280,2025-05-09,23:33:41,-07:00,2025-05-09T23:33:41-07:00,1,45
public/meta/main.js,79,js,d97c883d,anirudh9280,2025-05-09,23:33:41,-07:00,2025-05-09T23:33:41-07:00,0,0
public/meta/main.js,80,js,d97c883d,anirudh9280,2025-05-09,23:33:41,-07:00,2025-05-09T23:33:41-07:00,1,21
public/meta/main.js,81,js,d97c883d,anirudh9280,2025-05-09,23:33:41,-07:00,2025-05-09T23:33:41-07:00,1,56
public/meta/main.js,82,js,d97c883d,anirudh9280,2025-05-09,23:33:41,-07:00,2025-05-09T23:33:41-07:00,1,35
public/meta/main.js,83,js,d97c883d,anirudh9280,2025-05-09,23:33:41,-07:00,2025-05-09T23:33:41-07:00,1,66
public/meta/main.js,84,js,d97c883d,anirudh9280,2025-05-09,23:33:41,-07:00,2025-05-09T23:33:41-07:00,0,0
public/meta/main.js,85,js,d97c883d,anirudh9280,2025-05-09,23:33:41,-07:00,2025-05-09T23:33:41-07:00,1,24
public/meta/main.js,86,js,d97c883d,anirudh9280,2025-05-09,23:33:41,-07:00,2025-05-09T23:33:41-07:00,1,63
public/meta/main.js,87,js,d97c883d,anirudh9280,2025-05-09,23:33:41,-07:00,2025-05-09T23:33:41-07:00,1,39
public/meta/main.js,88,js,d97c883d,anirudh9280,2025-05-09,23:33:41,-07:00,2025-05-09T23:33:41-07:00,1,45
public/meta/main.js,89,js,d97c883d,anirudh9280,2025-05-09,23:33:41,-07:00,2025-05-09T23:33:41-07:00,0,0
public/meta/main.js,90,js,d97c883d,anirudh9280,2025-05-09,23:33:41,-07:00,2025-05-09T23:33:41-07:00,0,0
public/meta/main.js,91,js,d97c883d,anirudh9280,2025-05-09,23:33:41,-07:00,2025-05-09T23:33:41-07:00,0,23
public/meta/main.js,92,js,d97c883d,anirudh9280,2025-05-09,23:33:41,-07:00,2025-05-09T23:33:41-07:00,0,37
public/meta/main.js,93,js,d97c883d,anirudh9280,2025-05-09,23:33:41,-07:00,2025-05-09T23:33:41-07:00,1,50
public/meta/main.js,94,js,d97c883d,anirudh9280,2025-05-09,23:33:41,-07:00,2025-05-09T23:33:41-07:00,1,50
public/meta/main.js,95,js,d97c883d,anirudh9280,2025-05-09,23:33:41,-07:00,2025-05-09T23:33:41-07:00,1,50
public/meta/main.js,96,js,d97c883d,anirudh9280,2025-05-09,23:33:41,-07:00,2025-05-09T23:33:41-07:00,1,54
public/meta/main.js,97,js,d97c883d,anirudh9280,2025-05-09,23:33:41,-07:00,2025-05-09T23:33:41-07:00,1,52
public/meta/main.js,98,js,d97c883d,anirudh9280,2025-05-09,23:33:41,-07:00,2025-05-09T23:33:41-07:00,0,0
public/meta/main.js,99,js,d97c883d,anirudh9280,2025-05-09,23:33:41,-07:00,2025-05-09T23:33:41-07:00,1,18
public/meta/main.js,100,js,d97c883d,anirudh9280,2025-05-09,23:33:41,-07:00,2025-05-09T23:33:41-07:00,0,0
public/meta/main.js,101,js,d97c883d,anirudh9280,2025-05-09,23:33:41,-07:00,2025-05-09T23:33:41-07:00,1,21
public/meta/main.js,102,js,d97c883d,anirudh9280,2025-05-09,23:33:41,-07:00,2025-05-09T23:33:41-07:00,1,43
public/meta/main.js,103,js,d97c883d,anirudh9280,2025-05-09,23:33:41,-07:00,2025-05-09T23:33:41-07:00,1,56
public/meta/main.js,104,js,d97c883d,anirudh9280,2025-05-09,23:33:41,-07:00,2025-05-09T23:33:41-07:00,2,16
public/meta/main.js,105,js,d97c883d,anirudh9280,2025-05-09,23:33:41,-07:00,2025-05-09T23:33:41-07:00,1,1
public/meta/main.js,106,js,d97c883d,anirudh9280,2025-05-09,23:33:41,-07:00,2025-05-09T23:33:41-07:00,1,56
public/meta/main.js,107,js,d97c883d,anirudh9280,2025-05-09,23:33:41,-07:00,2025-05-09T23:33:41-07:00,2,17
public/meta/main.js,108,js,d97c883d,anirudh9280,2025-05-09,23:33:41,-07:00,2025-05-09T23:33:41-07:00,1,1
public/meta/main.js,109,js,d97c883d,anirudh9280,2025-05-09,23:33:41,-07:00,2025-05-09T23:33:41-07:00,1,33
public/meta/main.js,110,js,d97c883d,anirudh9280,2025-05-09,23:33:41,-07:00,2025-05-09T23:33:41-07:00,1,49
public/meta/main.js,111,js,d97c883d,anirudh9280,2025-05-09,23:33:41,-07:00,2025-05-09T23:33:41-07:00,0,0
public/meta/main.js,112,js,d97c883d,anirudh9280,2025-05-09,23:33:41,-07:00,2025-05-09T23:33:41-07:00,0,0
public/meta/main.js,113,js,d97c883d,anirudh9280,2025-05-09,23:33:41,-07:00,2025-05-09T23:33:41-07:00,0,26
public/meta/main.js,114,js,d97c883d,anirudh9280,2025-05-09,23:33:41,-07:00,2025-05-09T23:33:41-07:00,0,43
public/meta/main.js,115,js,d97c883d,anirudh9280,2025-05-09,23:33:41,-07:00,2025-05-09T23:33:41-07:00,1,56
public/meta/main.js,116,js,d97c883d,anirudh9280,2025-05-09,23:33:41,-07:00,2025-05-09T23:33:41-07:00,1,26
public/meta/main.js,117,js,d97c883d,anirudh9280,2025-05-09,23:33:41,-07:00,2025-05-09T23:33:41-07:00,0,0
public/meta/main.js,118,js,d97c883d,anirudh9280,2025-05-09,23:33:41,-07:00,2025-05-09T23:33:41-07:00,0,0
public/meta/main.js,119,js,d97c883d,anirudh9280,2025-05-09,23:33:41,-07:00,2025-05-09T23:33:41-07:00,0,24
public/meta/main.js,120,js,d97c883d,anirudh9280,2025-05-09,23:33:41,-07:00,2025-05-09T23:33:41-07:00,0,37
public/meta/main.js,121,js,d97c883d,anirudh9280,2025-05-09,23:33:41,-07:00,2025-05-09T23:33:41-07:00,1,56
public/meta/main.js,122,js,d97c883d,anirudh9280,2025-05-09,23:33:41,-07:00,2025-05-09T23:33:41-07:00,1,17
public/meta/main.js,123,js,d97c883d,anirudh9280,2025-05-09,23:33:41,-07:00,2025-05-09T23:33:41-07:00,0,0
public/meta/main.js,124,js,d97c883d,anirudh9280,2025-05-09,23:33:41,-07:00,2025-05-09T23:33:41-07:00,1,40
public/meta/main.js,125,js,d97c883d,anirudh9280,2025-05-09,23:33:41,-07:00,2025-05-09T23:33:41-07:00,1,33
public/meta/main.js,126,js,d97c883d,anirudh9280,2025-05-09,23:33:41,-07:00,2025-05-09T23:33:41-07:00,1,32
public/meta/main.js,127,js,d97c883d,anirudh9280,2025-05-09,23:33:41,-07:00,2025-05-09T23:33:41-07:00,0,0
public/meta/main.js,128,js,d97c883d,anirudh9280,2025-05-09,23:33:41,-07:00,2025-05-09T23:33:41-07:00,1,43
public/meta/main.js,129,js,d97c883d,anirudh9280,2025-05-09,23:33:41,-07:00,2025-05-09T23:33:41-07:00,1,50
public/meta/main.js,130,js,d97c883d,anirudh9280,2025-05-09,23:33:41,-07:00,2025-05-09T23:33:41-07:00,1,38
public/meta/main.js,131,js,d97c883d,anirudh9280,2025-05-09,23:33:41,-07:00,2025-05-09T23:33:41-07:00,1,40
public/meta/main.js,132,js,d97c883d,anirudh9280,2025-05-09,23:33:41,-07:00,2025-05-09T23:33:41-07:00,0,0
public/meta/main.js,133,js,d97c883d,anirudh9280,2025-05-09,23:33:41,-07:00,2025-05-09T23:33:41-07:00,1,45
public/meta/main.js,134,js,d97c883d,anirudh9280,2025-05-09,23:33:41,-07:00,2025-05-09T23:33:41-07:00,2,49
public/meta/main.js,135,js,d97c883d,anirudh9280,2025-05-09,23:33:41,-07:00,2025-05-09T23:33:41-07:00,1,0
public/meta/main.js,136,js,d97c883d,anirudh9280,2025-05-09,23:33:41,-07:00,2025-05-09T23:33:41-07:00,0,0
public/meta/main.js,137,js,d97c883d,anirudh9280,2025-05-09,23:33:41,-07:00,2025-05-09T23:33:41-07:00,1,46
public/meta/main.js,138,js,d97c883d,anirudh9280,2025-05-09,23:33:41,-07:00,2025-05-09T23:33:41-07:00,2,49
public/meta/main.js,139,js,d97c883d,anirudh9280,2025-05-09,23:33:41,-07:00,2025-05-09T23:33:41-07:00,1,0
public/meta/main.js,140,js,d97c883d,anirudh9280,2025-05-09,23:33:41,-07:00,2025-05-09T23:33:41-07:00,0,0
public/meta/main.js,141,js,d97c883d,anirudh9280,2025-05-09,23:33:41,-07:00,2025-05-09T23:33:41-07:00,1,31
public/meta/main.js,142,js,d97c883d,anirudh9280,2025-05-09,23:33:41,-07:00,2025-05-09T23:33:41-07:00,1,29
public/meta/main.js,143,js,d97c883d,anirudh9280,2025-05-09,23:33:41,-07:00,2025-05-09T23:33:41-07:00,0,0
public/meta/main.js,144,js,d97c883d,anirudh9280,2025-05-09,23:33:41,-07:00,2025-05-09T23:33:41-07:00,0,0
public/meta/main.js,145,js,d97c883d,anirudh9280,2025-05-09,23:33:41,-07:00,2025-05-09T23:33:41-07:00,0,44
public/meta/main.js,146,js,d97c883d,anirudh9280,2025-05-09,23:33:41,-07:00,2025-05-09T23:33:41-07:00,0,44
public/meta/main.js,147,js,d97c883d,anirudh9280,2025-05-09,23:33:41,-07:00,2025-05-09T23:33:41-07:00,1,27
public/meta/main.js,148,js,d97c883d,anirudh9280,2025-05-09,23:33:41,-07:00,2025-05-09T23:33:41-07:00,0,0
public/meta/main.js,149,js,d97c883d,anirudh9280,2025-05-09,23:33:41,-07:00,2025-05-09T23:33:41-07:00,1,32
public/meta/main.js,150,js,d97c883d,anirudh9280,2025-05-09,23:33:41,-07:00,2025-05-09T23:33:41-07:00,1,32
public/meta/main.js,151,js,d97c883d,anirudh9280,2025-05-09,23:33:41,-07:00,2025-05-09T23:33:41-07:00,0,0
public/meta/main.js,152,js,d97c883d,anirudh9280,2025-05-09,23:33:41,-07:00,2025-05-09T23:33:41-07:00,1,6
public/meta/main.js,153,js,d97c883d,anirudh9280,2025-05-09,23:33:41,-07:00,2025-05-09T23:33:41-07:00,2,21
public/meta/main.js,154,js,d97c883d,anirudh9280,2025-05-09,23:33:41,-07:00,2025-05-09T23:33:41-07:00,2,21
public/meta/main.js,155,js,d97c883d,anirudh9280,2025-05-09,23:33:41,-07:00,2025-05-09T23:33:41-07:00,2,21
public/meta/main.js,156,js,d97c883d,anirudh9280,2025-05-09,23:33:41,-07:00,2025-05-09T23:33:41-07:00,2,18
public/meta/main.js,157,js,d97c883d,anirudh9280,2025-05-09,23:33:41,-07:00,2025-05-09T23:33:41-07:00,1,0
public/meta/main.js,158,js,d97c883d,anirudh9280,2025-05-09,23:33:41,-07:00,2025-05-09T23:33:41-07:00,0,0
public/meta/main.js,159,js,d97c883d,anirudh9280,2025-05-09,23:33:41,-07:00,2025-05-09T23:33:41-07:00,0,0
public/meta/main.js,160,js,d97c883d,anirudh9280,2025-05-09,23:33:41,-07:00,2025-05-09T23:33:41-07:00,0,23
public/meta/main.js,161,js,d97c883d,anirudh9280,2025-05-09,23:33:41,-07:00,2025-05-09T23:33:41-07:00,0,40
public/meta/main.js,162,js,d97c883d,anirudh9280,2025-05-09,23:33:41,-07:00,2025-05-09T23:33:41-07:00,1,31
public/meta/main.js,163,js,d97c883d,anirudh9280,2025-05-09,23:33:41,-07:00,2025-05-09T23:33:41-07:00,2,53
public/meta/main.js,164,js,d97c883d,anirudh9280,2025-05-09,23:33:41,-07:00,2025-05-09T23:33:41-07:00,2,3
public/meta/main.js,165,js,d97c883d,anirudh9280,2025-05-09,23:33:41,-07:00,2025-05-09T23:33:41-07:00,0,0
public/meta/main.js,166,js,d97c883d,anirudh9280,2025-05-09,23:33:41,-07:00,2025-05-09T23:33:41-07:00,1,62
public/meta/main.js,167,js,d97c883d,anirudh9280,2025-05-09,23:33:41,-07:00,2025-05-09T23:33:41-07:00,1,78
public/meta/main.js,168,js,d97c883d,anirudh9280,2025-05-09,23:33:41,-07:00,2025-05-09T23:33:41-07:00,0,0
public/meta/main.js,169,js,d97c883d,anirudh9280,2025-05-09,23:33:41,-07:00,2025-05-09T23:33:41-07:00,1,21
public/meta/main.js,170,js,d97c883d,anirudh9280,2025-05-09,23:33:41,-07:00,2025-05-09T23:33:41-07:00,0,0
public/meta/main.js,171,js,d97c883d,anirudh9280,2025-05-09,23:33:41,-07:00,2025-05-09T23:33:41-07:00,0,0
public/meta/main.js,172,js,d97c883d,anirudh9280,2025-05-09,23:33:41,-07:00,2025-05-09T23:33:41-07:00,0,48
public/meta/main.js,173,js,d97c883d,anirudh9280,2025-05-09,23:33:41,-07:00,2025-05-09T23:33:41-07:00,0,43
public/meta/main.js,174,js,d97c883d,anirudh9280,2025-05-09,23:33:41,-07:00,2025-05-09T23:33:41-07:00,1,31
public/meta/main.js,175,js,d97c883d,anirudh9280,2025-05-09,23:33:41,-07:00,2025-05-09T23:33:41-07:00,2,53
public/meta/main.js,176,js,d97c883d,anirudh9280,2025-05-09,23:33:41,-07:00,2025-05-09T23:33:41-07:00,2,3
public/meta/main.js,177,js,d97c883d,anirudh9280,2025-05-09,23:33:41,-07:00,2025-05-09T23:33:41-07:00,1,62
public/meta/main.js,178,js,d97c883d,anirudh9280,2025-05-09,23:33:41,-07:00,2025-05-09T23:33:41-07:00,0,0
public/meta/main.js,179,js,d97c883d,anirudh9280,2025-05-09,23:33:41,-07:00,2025-05-09T23:33:41-07:00,1,33
public/meta/main.js,180,js,d97c883d,anirudh9280,2025-05-09,23:33:41,-07:00,2025-05-09T23:33:41-07:00,2,23
public/meta/main.js,181,js,d97c883d,anirudh9280,2025-05-09,23:33:41,-07:00,2025-05-09T23:33:41-07:00,2,5
public/meta/main.js,182,js,d97c883d,anirudh9280,2025-05-09,23:33:41,-07:00,2025-05-09T23:33:41-07:00,1,0
public/meta/main.js,183,js,d97c883d,anirudh9280,2025-05-09,23:33:41,-07:00,2025-05-09T23:33:41-07:00,0,0
public/meta/main.js,184,js,d97c883d,anirudh9280,2025-05-09,23:33:41,-07:00,2025-05-09T23:33:41-07:00,1,52
public/meta/main.js,185,js,d97c883d,anirudh9280,2025-05-09,23:33:41,-07:00,2025-05-09T23:33:41-07:00,0,0
public/meta/main.js,186,js,d97c883d,anirudh9280,2025-05-09,23:33:41,-07:00,2025-05-09T23:33:41-07:00,1,23
public/meta/main.js,187,js,d97c883d,anirudh9280,2025-05-09,23:33:41,-07:00,2025-05-09T23:33:41-07:00,1,26
public/meta/main.js,188,js,d97c883d,anirudh9280,2025-05-09,23:33:41,-07:00,2025-05-09T23:33:41-07:00,2,4
public/meta/main.js,189,js,d97c883d,anirudh9280,2025-05-09,23:33:41,-07:00,2025-05-09T23:33:41-07:00,2,14
public/meta/main.js,190,js,d97c883d,anirudh9280,2025-05-09,23:33:41,-07:00,2025-05-09T23:33:41-07:00,2,24
public/meta/main.js,191,js,d97c883d,anirudh9280,2025-05-09,23:33:41,-07:00,2025-05-09T23:33:41-07:00,1,0
public/meta/main.js,192,js,d97c883d,anirudh9280,2025-05-09,23:33:41,-07:00,2025-05-09T23:33:41-07:00,0,0
public/meta/main.js,193,js,d97c883d,anirudh9280,2025-05-09,23:33:41,-07:00,2025-05-09T23:33:41-07:00,1,14
public/meta/main.js,194,js,d97c883d,anirudh9280,2025-05-09,23:33:41,-07:00,2025-05-09T23:33:41-07:00,1,59
public/meta/main.js,195,js,d97c883d,anirudh9280,2025-05-09,23:33:41,-07:00,2025-05-09T23:33:41-07:00,2,19
public/meta/main.js,196,js,d97c883d,anirudh9280,2025-05-09,23:33:41,-07:00,2025-05-09T23:33:41-07:00,1,0
public/meta/main.js,197,js,d97c883d,anirudh9280,2025-05-09,23:33:41,-07:00,2025-05-09T23:33:41-07:00,0,0
public/meta/main.js,198,js,d97c883d,anirudh9280,2025-05-09,23:33:41,-07:00,2025-05-09T23:33:41-07:00,1,26
public/meta/main.js,199,js,d97c883d,anirudh9280,2025-05-09,23:33:41,-07:00,2025-05-09T23:33:41-07:00,1,23
public/meta/main.js,200,js,d97c883d,anirudh9280,2025-05-09,23:33:41,-07:00,2025-05-09T23:33:41-07:00,0,0
public/meta/main.js,201,js,d97c883d,anirudh9280,2025-05-09,23:33:41,-07:00,2025-05-09T23:33:41-07:00,1,48
public/meta/main.js,202,js,d97c883d,anirudh9280,2025-05-09,23:33:41,-07:00,2025-05-09T23:33:41-07:00,2,38
public/meta/main.js,203,js,d97c883d,anirudh9280,2025-05-09,23:33:41,-07:00,2025-05-09T23:33:41-07:00,2,46
public/meta/main.js,204,js,d97c883d,anirudh9280,2025-05-09,23:33:41,-07:00,2025-05-09T23:33:41-07:00,0,0
public/meta/main.js,205,js,d97c883d,anirudh9280,2025-05-09,23:33:41,-07:00,2025-05-09T23:33:41-07:00,2,38
public/meta/main.js,206,js,d97c883d,anirudh9280,2025-05-09,23:33:41,-07:00,2025-05-09T23:33:41-07:00,2,24
public/meta/main.js,207,js,d97c883d,anirudh9280,2025-05-09,23:33:41,-07:00,2025-05-09T23:33:41-07:00,0,0
public/meta/main.js,208,js,d97c883d,anirudh9280,2025-05-09,23:33:41,-07:00,2025-05-09T23:33:41-07:00,2,38
public/meta/main.js,209,js,d97c883d,anirudh9280,2025-05-09,23:33:41,-07:00,2025-05-09T23:33:41-07:00,2,47
public/meta/main.js,210,js,d97c883d,anirudh9280,2025-05-09,23:33:41,-07:00,2025-05-09T23:33:41-07:00,0,0
public/meta/main.js,211,js,d97c883d,anirudh9280,2025-05-09,23:33:41,-07:00,2025-05-09T23:33:41-07:00,2,24
public/meta/main.js,212,js,d97c883d,anirudh9280,2025-05-09,23:33:41,-07:00,2025-05-09T23:33:41-07:00,2,24
public/meta/main.js,213,js,d97c883d,anirudh9280,2025-05-09,23:33:41,-07:00,2025-05-09T23:33:41-07:00,1,0
public/meta/main.js,214,js,d97c883d,anirudh9280,2025-05-09,23:33:41,-07:00,2025-05-09T23:33:41-07:00,0,0
public/meta/main.js,215,js,d97c883d,anirudh9280,2025-05-09,23:33:41,-07:00,2025-05-09T23:33:41-07:00,0,0
public/meta/main.js,216,js,d97c883d,anirudh9280,2025-05-09,23:33:41,-07:00,2025-05-09T23:33:41-07:00,0,20
public/meta/main.js,217,js,d97c883d,anirudh9280,2025-05-09,23:33:41,-07:00,2025-05-09T23:33:41-07:00,0,23
public/meta/main.js,218,js,d97c883d,anirudh9280,2025-05-09,23:33:41,-07:00,2025-05-09T23:33:41-07:00,1,32
public/meta/main.js,219,js,d97c883d,anirudh9280,2025-05-09,23:33:41,-07:00,2025-05-09T23:33:41-07:00,1,47
public/meta/main.js,220,js,d97c883d,anirudh9280,2025-05-09,23:33:41,-07:00,2025-05-09T23:33:41-07:00,2,28
public/meta/main.js,221,js,d97c883d,anirudh9280,2025-05-09,23:33:41,-07:00,2025-05-09T23:33:41-07:00,1,0
public/meta/main.js,222,js,d97c883d,anirudh9280,2025-05-09,23:33:41,-07:00,2025-05-09T23:33:41-07:00,1,30
public/meta/main.js,223,js,d97c883d,anirudh9280,2025-05-09,23:33:41,-07:00,2025-05-09T23:33:41-07:00,1,33
public/meta/main.js,224,js,d97c883d,anirudh9280,2025-05-09,23:33:41,-07:00,2025-05-09T23:33:41-07:00,0,0
public/meta/main.js,225,js,d97c883d,anirudh9280,2025-05-09,23:33:41,-07:00,2025-05-09T23:33:41-07:00,0,0
public/meta/main.js,226,js,d97c883d,anirudh9280,2025-05-09,23:33:41,-07:00,2025-05-09T23:33:41-07:00,0,24
public/meta/main.js,227,js,d97c883d,anirudh9280,2025-05-09,23:33:41,-07:00,2025-05-09T23:33:41-07:00,0,41
public/meta/main.js,228,js,d97c883d,anirudh9280,2025-05-09,23:33:41,-07:00,2025-05-09T23:33:41-07:00,1,17
public/meta/main.js,229,js,d97c883d,anirudh9280,2025-05-09,23:33:41,-07:00,2025-05-09T23:33:41-07:00,1,17
public/meta/main.js,230,js,d97c883d,anirudh9280,2025-05-09,23:33:41,-07:00,2025-05-09T23:33:41-07:00,1,58
public/meta/main.js,231,js,d97c883d,anirudh9280,2025-05-09,23:33:41,-07:00,2025-05-09T23:33:41-07:00,0,0
public/meta/main.js,232,js,d97c883d,anirudh9280,2025-05-09,23:33:41,-07:00,2025-05-09T23:33:41-07:00,1,43
public/meta/main.js,233,js,d97c883d,anirudh9280,2025-05-09,23:33:41,-07:00,2025-05-09T23:33:41-07:00,1,59
public/meta/main.js,234,js,d97c883d,anirudh9280,2025-05-09,23:33:41,-07:00,2025-05-09T23:33:41-07:00,0,0
public/meta/main.js,235,js,d97c883d,anirudh9280,2025-05-09,23:33:41,-07:00,2025-05-09T23:33:41-07:00,1,19
public/meta/main.js,236,js,d97c883d,anirudh9280,2025-05-09,23:33:41,-07:00,2025-05-09T23:33:41-07:00,1,18
public/meta/main.js,237,js,d97c883d,anirudh9280,2025-05-09,23:33:41,-07:00,2025-05-09T23:33:41-07:00,2,14
public/meta/main.js,238,js,d97c883d,anirudh9280,2025-05-09,23:33:41,-07:00,2025-05-09T23:33:41-07:00,2,26
public/meta/main.js,239,js,d97c883d,anirudh9280,2025-05-09,23:33:41,-07:00,2025-05-09T23:33:41-07:00,2,29
public/meta/main.js,240,js,d97c883d,anirudh9280,2025-05-09,23:33:41,-07:00,2025-05-09T23:33:41-07:00,2,16
public/meta/main.js,241,js,d97c883d,anirudh9280,2025-05-09,23:33:41,-07:00,2025-05-09T23:33:41-07:00,2,40
public/meta/main.js,242,js,d97c883d,anirudh9280,2025-05-09,23:33:41,-07:00,2025-05-09T23:33:41-07:00,2,42
public/meta/main.js,243,js,d97c883d,anirudh9280,2025-05-09,23:33:41,-07:00,2025-05-09T23:33:41-07:00,1,0
public/meta/main.js,244,js,d97c883d,anirudh9280,2025-05-09,23:33:41,-07:00,2025-05-09T23:33:41-07:00,0,0
public/meta/main.js,245,js,d97c883d,anirudh9280,2025-05-09,23:33:41,-07:00,2025-05-09T23:33:41-07:00,1,11
public/meta/main.js,246,js,d97c883d,anirudh9280,2025-05-09,23:33:41,-07:00,2025-05-09T23:33:41-07:00,1,11
public/meta/main.js,247,js,d97c883d,anirudh9280,2025-05-09,23:33:41,-07:00,2025-05-09T23:33:41-07:00,2,15
public/meta/main.js,248,js,d97c883d,anirudh9280,2025-05-09,23:33:41,-07:00,2025-05-09T23:33:41-07:00,2,12
public/meta/main.js,249,js,d97c883d,anirudh9280,2025-05-09,23:33:41,-07:00,2025-05-09T23:33:41-07:00,2,40
public/meta/main.js,250,js,d97c883d,anirudh9280,2025-05-09,23:33:41,-07:00,2025-05-09T23:33:41-07:00,2,27
public/meta/main.js,251,js,d97c883d,anirudh9280,2025-05-09,23:33:41,-07:00,2025-05-09T23:33:41-07:00,2,21
public/meta/main.js,252,js,d97c883d,anirudh9280,2025-05-09,23:33:41,-07:00,2025-05-09T23:33:41-07:00,2,23
public/meta/main.js,253,js,d97c883d,anirudh9280,2025-05-09,23:33:41,-07:00,2025-05-09T23:33:41-07:00,0,0
public/meta/main.js,254,js,d97c883d,anirudh9280,2025-05-09,23:33:41,-07:00,2025-05-09T23:33:41-07:00,1,14
public/meta/main.js,255,js,d97c883d,anirudh9280,2025-05-09,23:33:41,-07:00,2025-05-09T23:33:41-07:00,1,9
public/meta/main.js,256,js,d97c883d,anirudh9280,2025-05-09,23:33:41,-07:00,2025-05-09T23:33:41-07:00,2,10
public/meta/main.js,257,js,d97c883d,anirudh9280,2025-05-09,23:33:41,-07:00,2025-05-09T23:33:41-07:00,2,44
public/meta/main.js,258,js,d97c883d,anirudh9280,2025-05-09,23:33:41,-07:00,2025-05-09T23:33:41-07:00,2,41
public/meta/main.js,259,js,d97c883d,anirudh9280,2025-05-09,23:33:41,-07:00,2025-05-09T23:33:41-07:00,2,6
public/meta/main.js,260,js,d97c883d,anirudh9280,2025-05-09,23:33:41,-07:00,2025-05-09T23:33:41-07:00,0,0
public/meta/main.js,261,js,d97c883d,anirudh9280,2025-05-09,23:33:41,-07:00,2025-05-09T23:33:41-07:00,1,9
public/meta/main.js,262,js,d97c883d,anirudh9280,2025-05-09,23:33:41,-07:00,2025-05-09T23:33:41-07:00,2,12
public/meta/main.js,263,js,d97c883d,anirudh9280,2025-05-09,23:33:41,-07:00,2025-05-09T23:33:41-07:00,2,14
public/meta/main.js,264,js,d97c883d,anirudh9280,2025-05-09,23:33:41,-07:00,2025-05-09T23:33:41-07:00,2,42
public/meta/main.js,265,js,d97c883d,anirudh9280,2025-05-09,23:33:41,-07:00,2025-05-09T23:33:41-07:00,0,0
public/meta/main.js,266,js,d97c883d,anirudh9280,2025-05-09,23:33:41,-07:00,2025-05-09T23:33:41-07:00,1,64
public/meta/main.js,267,js,d97c883d,anirudh9280,2025-05-09,23:33:41,-07:00,2025-05-09T23:33:41-07:00,1,67
public/meta/main.js,268,js,d97c883d,anirudh9280,2025-05-09,23:33:41,-07:00,2025-05-09T23:33:41-07:00,1,66
public/meta/main.js,269,js,d97c883d,anirudh9280,2025-05-09,23:33:41,-07:00,2025-05-09T23:33:41-07:00,0,0
public/meta/main.js,270,js,d97c883d,anirudh9280,2025-05-09,23:33:41,-07:00,2025-05-09T23:33:41-07:00,1,25
public/meta/main.js,271,js,d97c883d,anirudh9280,2025-05-09,23:33:41,-07:00,2025-05-09T23:33:41-07:00,1,12
public/meta/main.js,272,js,d97c883d,anirudh9280,2025-05-09,23:33:41,-07:00,2025-05-09T23:33:41-07:00,2,0
public/meta/main.js,273,js,d97c883d,anirudh9280,2025-05-09,23:33:41,-07:00,2025-05-09T23:33:41-07:00,3,6
public/meta/main.js,274,js,d97c883d,anirudh9280,2025-05-09,23:33:41,-07:00,2025-05-09T23:33:41-07:00,3,7
public/meta/main.js,275,js,d97c883d,anirudh9280,2025-05-09,23:33:41,-07:00,2025-05-09T23:33:41-07:00,4,32
public/meta/main.js,276,js,d97c883d,anirudh9280,2025-05-09,23:33:41,-07:00,2025-05-09T23:33:41-07:00,4,36
public/meta/main.js,277,js,d97c883d,anirudh9280,2025-05-09,23:33:41,-07:00,2025-05-09T23:33:41-07:00,3,0
public/meta/main.js,278,js,d97c883d,anirudh9280,2025-05-09,23:33:41,-07:00,2025-05-09T23:33:41-07:00,3,29
public/meta/main.js,279,js,d97c883d,anirudh9280,2025-05-09,23:33:41,-07:00,2025-05-09T23:33:41-07:00,1,0
public/meta/main.js,280,js,d97c883d,anirudh9280,2025-05-09,23:33:41,-07:00,2025-05-09T23:33:41-07:00,0,0
public/meta/main.js,281,js,d97c883d,anirudh9280,2025-05-09,23:33:41,-07:00,2025-05-09T23:33:41-07:00,1,14
public/meta/main.js,282,js,d97c883d,anirudh9280,2025-05-09,23:33:41,-07:00,2025-05-09T23:33:41-07:00,1,24
public/meta/main.js,283,js,d97c883d,anirudh9280,2025-05-09,23:33:41,-07:00,2025-05-09T23:33:41-07:00,2,10
public/meta/main.js,284,js,d97c883d,anirudh9280,2025-05-09,23:33:41,-07:00,2025-05-09T23:33:41-07:00,2,25
public/meta/main.js,285,js,d97c883d,anirudh9280,2025-05-09,23:33:41,-07:00,2025-05-09T23:33:41-07:00,2,53
public/meta/main.js,286,js,d97c883d,anirudh9280,2025-05-09,23:33:41,-07:00,2025-05-09T23:33:41-07:00,0,0
public/meta/main.js,287,js,d97c883d,anirudh9280,2025-05-09,23:33:41,-07:00,2025-05-09T23:33:41-07:00,1,13
public/meta/main.js,288,js,d97c883d,anirudh9280,2025-05-09,23:33:41,-07:00,2025-05-09T23:33:41-07:00,2,0
public/meta/main.js,289,js,d97c883d,anirudh9280,2025-05-09,23:33:41,-07:00,2025-05-09T23:33:41-07:00,3,15
public/meta/main.js,290,js,d97c883d,anirudh9280,2025-05-09,23:33:41,-07:00,2025-05-09T23:33:41-07:00,3,13
public/meta/main.js,291,js,d97c883d,anirudh9280,2025-05-09,23:33:41,-07:00,2025-05-09T23:33:41-07:00,3,26
public/meta/main.js,292,js,d97c883d,anirudh9280,2025-05-09,23:33:41,-07:00,2025-05-09T23:33:41-07:00,3,46
public/meta/main.js,293,js,d97c883d,anirudh9280,2025-05-09,23:33:41,-07:00,2025-05-09T23:33:41-07:00,1,0
public/meta/main.js,294,js,d97c883d,anirudh9280,2025-05-09,23:33:41,-07:00,2025-05-09T23:33:41-07:00,0,0
public/meta/main.js,295,js,d97c883d,anirudh9280,2025-05-09,23:33:41,-07:00,2025-05-09T23:33:41-07:00,1,9
public/meta/main.js,296,js,d97c883d,anirudh9280,2025-05-09,23:33:41,-07:00,2025-05-09T23:33:41-07:00,1,54
public/meta/main.js,297,js,d97c883d,anirudh9280,2025-05-09,23:33:41,-07:00,2025-05-09T23:33:41-07:00,0,0
public/meta/main.js,298,js,d97c883d,anirudh9280,2025-05-09,23:33:41,-07:00,2025-05-09T23:33:41-07:00,1,2
public/meta/main.js,299,js,d97c883d,anirudh9280,2025-05-09,23:33:41,-07:00,2025-05-09T23:33:41-07:00,2,18
public/meta/main.js,300,js,d97c883d,anirudh9280,2025-05-09,23:33:41,-07:00,2025-05-09T23:33:41-07:00,2,18
public/meta/main.js,301,js,d97c883d,anirudh9280,2025-05-09,23:33:41,-07:00,2025-05-09T23:33:41-07:00,2,13
public/meta/main.js,302,js,d97c883d,anirudh9280,2025-05-09,23:33:41,-07:00,2025-05-09T23:33:41-07:00,2,36
public/meta/main.js,303,js,d97c883d,anirudh9280,2025-05-09,23:33:41,-07:00,2025-05-09T23:33:41-07:00,2,36
public/meta/main.js,304,js,d97c883d,anirudh9280,2025-05-09,23:33:41,-07:00,2025-05-09T23:33:41-07:00,2,37
public/meta/main.js,305,js,d97c883d,anirudh9280,2025-05-09,23:33:41,-07:00,2025-05-09T23:33:41-07:00,2,20
public/meta/main.js,306,js,d97c883d,anirudh9280,2025-05-09,23:33:41,-07:00,2025-05-09T23:33:41-07:00,3,27
public/meta/main.js,307,js,d97c883d,anirudh9280,2025-05-09,23:33:41,-07:00,2025-05-09T23:33:41-07:00,3,22
public/meta/main.js,308,js,d97c883d,anirudh9280,2025-05-09,23:33:41,-07:00,2025-05-09T23:33:41-07:00,3,63
public/meta/main.js,309,js,d97c883d,anirudh9280,2025-05-09,23:33:41,-07:00,2025-05-09T23:33:41-07:00,3,61
public/meta/main.js,310,js,d97c883d,anirudh9280,2025-05-09,23:33:41,-07:00,2025-05-09T23:33:41-07:00,3,65
public/meta/main.js,311,js,d97c883d,anirudh9280,2025-05-09,23:33:41,-07:00,2025-05-09T23:33:41-07:00,3,48
public/meta/main.js,312,js,d97c883d,anirudh9280,2025-05-09,23:33:41,-07:00,2025-05-09T23:33:41-07:00,2,0
public/meta/main.js,313,js,d97c883d,anirudh9280,2025-05-09,23:33:41,-07:00,2025-05-09T23:33:41-07:00,2,25
public/meta/main.js,314,js,d97c883d,anirudh9280,2025-05-09,23:33:41,-07:00,2025-05-09T23:33:41-07:00,2,36
public/meta/main.js,315,js,d97c883d,anirudh9280,2025-05-09,23:33:41,-07:00,2025-05-09T23:33:41-07:00,3,54
public/meta/main.js,316,js,d97c883d,anirudh9280,2025-05-09,23:33:41,-07:00,2025-05-09T23:33:41-07:00,3,27
public/meta/main.js,317,js,d97c883d,anirudh9280,2025-05-09,23:33:41,-07:00,2025-05-09T23:33:41-07:00,3,28
public/meta/main.js,318,js,d97c883d,anirudh9280,2025-05-09,23:33:41,-07:00,2025-05-09T23:33:41-07:00,3,27
public/meta/main.js,319,js,d97c883d,anirudh9280,2025-05-09,23:33:41,-07:00,2025-05-09T23:33:41-07:00,2,0
public/meta/main.js,320,js,d97c883d,anirudh9280,2025-05-09,23:33:41,-07:00,2025-05-09T23:33:41-07:00,2,27
public/meta/main.js,321,js,d97c883d,anirudh9280,2025-05-09,23:33:41,-07:00,2025-05-09T23:33:41-07:00,3,27
public/meta/main.js,322,js,d97c883d,anirudh9280,2025-05-09,23:33:41,-07:00,2025-05-09T23:33:41-07:00,2,0
public/meta/main.js,323,js,d97c883d,anirudh9280,2025-05-09,23:33:41,-07:00,2025-05-09T23:33:41-07:00,2,28
public/meta/main.js,324,js,d97c883d,anirudh9280,2025-05-09,23:33:41,-07:00,2025-05-09T23:33:41-07:00,3,56
public/meta/main.js,325,js,d97c883d,anirudh9280,2025-05-09,23:33:41,-07:00,2025-05-09T23:33:41-07:00,3,29
public/meta/main.js,326,js,d97c883d,anirudh9280,2025-05-09,23:33:41,-07:00,2025-05-09T23:33:41-07:00,2,1
public/meta/main.js,327,js,d97c883d,anirudh9280,2025-05-09,23:33:41,-07:00,2025-05-09T23:33:41-07:00,0,0
public/meta/main.js,328,js,d97c883d,anirudh9280,2025-05-09,23:33:41,-07:00,2025-05-09T23:33:41-07:00,1,35
public/meta/main.js,329,js,d97c883d,anirudh9280,2025-05-09,23:33:41,-07:00,2025-05-09T23:33:41-07:00,1,48
public/meta/main.js,330,js,d97c883d,anirudh9280,2025-05-09,23:33:41,-07:00,2025-05-09T23:33:41-07:00,0,0
public/meta/main.js,331,js,d97c883d,anirudh9280,2025-05-09,23:33:41,-07:00,2025-05-09T23:33:41-07:00,1,9
public/meta/main.js,332,js,d97c883d,anirudh9280,2025-05-09,23:33:41,-07:00,2025-05-09T23:33:41-07:00,1,34
public/meta/main.js,333,js,d97c883d,anirudh9280,2025-05-09,23:33:41,-07:00,2025-05-09T23:33:41-07:00,1,14
public/meta/main.js,334,js,d97c883d,anirudh9280,2025-05-09,23:33:41,-07:00,2025-05-09T23:33:41-07:00,2,15
public/meta/main.js,335,js,d97c883d,anirudh9280,2025-05-09,23:33:41,-07:00,2025-05-09T23:33:41-07:00,2,57
public/meta/main.js,336,js,d97c883d,anirudh9280,2025-05-09,23:33:41,-07:00,2025-05-09T23:33:41-07:00,2,47
public/meta/main.js,337,js,d97c883d,anirudh9280,2025-05-09,23:33:41,-07:00,2025-05-09T23:33:41-07:00,0,0
public/meta/main.js,338,js,d97c883d,anirudh9280,2025-05-09,23:33:41,-07:00,2025-05-09T23:33:41-07:00,1,11
public/meta/main.js,339,js,d97c883d,anirudh9280,2025-05-09,23:33:41,-07:00,2025-05-09T23:33:41-07:00,1,6
public/meta/main.js,340,js,d97c883d,anirudh9280,2025-05-09,23:33:41,-07:00,2025-05-09T23:33:41-07:00,2,10
public/meta/main.js,341,js,d97c883d,anirudh9280,2025-05-09,23:33:41,-07:00,2025-05-09T23:33:41-07:00,2,54
public/meta/main.js,342,js,d97c883d,anirudh9280,2025-05-09,23:33:41,-07:00,2025-05-09T23:33:41-07:00,2,10
public/meta/main.js,343,js,d97c883d,anirudh9280,2025-05-09,23:33:41,-07:00,2025-05-09T23:33:41-07:00,2,13
public/meta/main.js,344,js,d97c883d,anirudh9280,2025-05-09,23:33:41,-07:00,2025-05-09T23:33:41-07:00,2,48
public/meta/main.js,345,js,d97c883d,anirudh9280,2025-05-09,23:33:41,-07:00,2025-05-09T23:33:41-07:00,2,12
public/meta/main.js,346,js,d97c883d,anirudh9280,2025-05-09,23:33:41,-07:00,2025-05-09T23:33:41-07:00,2,27
public/meta/main.js,347,js,d97c883d,anirudh9280,2025-05-09,23:33:41,-07:00,2025-05-09T23:33:41-07:00,2,28
public/meta/main.js,348,js,d97c883d,anirudh9280,2025-05-09,23:33:41,-07:00,2025-05-09T23:33:41-07:00,2,12
public/meta/main.js,349,js,d97c883d,anirudh9280,2025-05-09,23:33:41,-07:00,2025-05-09T23:33:41-07:00,0,0
public/meta/main.js,350,js,d97c883d,anirudh9280,2025-05-09,23:33:41,-07:00,2025-05-09T23:33:41-07:00,1,11
public/meta/main.js,351,js,d97c883d,anirudh9280,2025-05-09,23:33:41,-07:00,2025-05-09T23:33:41-07:00,1,6
public/meta/main.js,352,js,d97c883d,anirudh9280,2025-05-09,23:33:41,-07:00,2025-05-09T23:33:41-07:00,2,10
public/meta/main.js,353,js,d97c883d,anirudh9280,2025-05-09,23:33:41,-07:00,2025-05-09T23:33:41-07:00,2,52
public/meta/main.js,354,js,d97c883d,anirudh9280,2025-05-09,23:33:41,-07:00,2025-05-09T23:33:41-07:00,2,10
public/meta/main.js,355,js,d97c883d,anirudh9280,2025-05-09,23:33:41,-07:00,2025-05-09T23:33:41-07:00,2,13
public/meta/main.js,356,js,d97c883d,anirudh9280,2025-05-09,23:33:41,-07:00,2025-05-09T23:33:41-07:00,2,31
public/meta/main.js,357,js,d97c883d,anirudh9280,2025-05-09,23:33:41,-07:00,2025-05-09T23:33:41-07:00,2,49
public/meta/main.js,358,js,d97c883d,anirudh9280,2025-05-09,23:33:41,-07:00,2025-05-09T23:33:41-07:00,2,13
public/meta/main.js,359,js,d97c883d,anirudh9280,2025-05-09,23:33:41,-07:00,2025-05-09T23:33:41-07:00,2,27
public/meta/main.js,360,js,d97c883d,anirudh9280,2025-05-09,23:33:41,-07:00,2025-05-09T23:33:41-07:00,2,28
public/meta/main.js,361,js,d97c883d,anirudh9280,2025-05-09,23:33:41,-07:00,2025-05-09T23:33:41-07:00,2,19
public/meta/main.js,362,js,d97c883d,anirudh9280,2025-05-09,23:33:41,-07:00,2025-05-09T23:33:41-07:00,0,0
public/meta/main.js,363,js,d97c883d,anirudh9280,2025-05-09,23:33:41,-07:00,2025-05-09T23:33:41-07:00,1,27
public/meta/main.js,364,js,d97c883d,anirudh9280,2025-05-09,23:33:41,-07:00,2025-05-09T23:33:41-07:00,1,26
public/meta/main.js,365,js,d97c883d,anirudh9280,2025-05-09,23:33:41,-07:00,2025-05-09T23:33:41-07:00,2,10
public/meta/main.js,366,js,d97c883d,anirudh9280,2025-05-09,23:33:41,-07:00,2025-05-09T23:33:41-07:00,2,22
public/meta/main.js,367,js,d97c883d,anirudh9280,2025-05-09,23:33:41,-07:00,2025-05-09T23:33:41-07:00,2,4
public/meta/main.js,368,js,d97c883d,anirudh9280,2025-05-09,23:33:41,-07:00,2025-05-09T23:33:41-07:00,3,10
public/meta/main.js,369,js,d97c883d,anirudh9280,2025-05-09,23:33:41,-07:00,2025-05-09T23:33:41-07:00,3,60
public/meta/main.js,370,js,d97c883d,anirudh9280,2025-05-09,23:33:41,-07:00,2025-05-09T23:33:41-07:00,2,0
public/meta/main.js,371,js,d97c883d,anirudh9280,2025-05-09,23:33:41,-07:00,2025-05-09T23:33:41-07:00,0,0
public/meta/main.js,372,js,d97c883d,anirudh9280,2025-05-09,23:33:41,-07:00,2025-05-09T23:33:41-07:00,1,9
public/meta/main.js,373,js,d97c883d,anirudh9280,2025-05-09,23:33:41,-07:00,2025-05-09T23:33:41-07:00,2,13
public/meta/main.js,374,js,d97c883d,anirudh9280,2025-05-09,23:33:41,-07:00,2025-05-09T23:33:41-07:00,2,11
public/meta/main.js,375,js,d97c883d,anirudh9280,2025-05-09,23:33:41,-07:00,2025-05-09T23:33:41-07:00,2,13
public/meta/main.js,376,js,d97c883d,anirudh9280,2025-05-09,23:33:41,-07:00,2025-05-09T23:33:41-07:00,2,27
public/meta/main.js,377,js,d97c883d,anirudh9280,2025-05-09,23:33:41,-07:00,2025-05-09T23:33:41-07:00,2,24
public/meta/main.js,378,js,d97c883d,anirudh9280,2025-05-09,23:33:41,-07:00,2025-05-09T23:33:41-07:00,2,21
public/meta/main.js,379,js,d97c883d,anirudh9280,2025-05-09,23:33:41,-07:00,2025-05-09T23:33:41-07:00,0,0
public/meta/main.js,380,js,d97c883d,anirudh9280,2025-05-09,23:33:41,-07:00,2025-05-09T23:33:41-07:00,1,72
public/meta/main.js,381,js,d97c883d,anirudh9280,2025-05-09,23:33:41,-07:00,2025-05-09T23:33:41-07:00,0,0
public/meta/main.js,382,js,d97c883d,anirudh9280,2025-05-09,23:33:41,-07:00,2025-05-09T23:33:41-07:00,1,26
public/meta/main.js,383,js,d97c883d,anirudh9280,2025-05-09,23:33:41,-07:00,2025-05-09T23:33:41-07:00,2,9
public/meta/main.js,384,js,d97c883d,anirudh9280,2025-05-09,23:33:41,-07:00,2025-05-09T23:33:41-07:00,3,15
public/meta/main.js,385,js,d97c883d,anirudh9280,2025-05-09,23:33:41,-07:00,2025-05-09T23:33:41-07:00,3,12
public/meta/main.js,386,js,d97c883d,anirudh9280,2025-05-09,23:33:41,-07:00,2025-05-09T23:33:41-07:00,3,17
public/meta/main.js,387,js,d97c883d,anirudh9280,2025-05-09,23:33:41,-07:00,2025-05-09T23:33:41-07:00,3,22
public/meta/main.js,388,js,d97c883d,anirudh9280,2025-05-09,23:33:41,-07:00,2025-05-09T23:33:41-07:00,3,19
public/meta/main.js,389,js,d97c883d,anirudh9280,2025-05-09,23:33:41,-07:00,2025-05-09T23:33:41-07:00,3,25
public/meta/main.js,390,js,d97c883d,anirudh9280,2025-05-09,23:33:41,-07:00,2025-05-09T23:33:41-07:00,0,0
public/meta/main.js,391,js,d97c883d,anirudh9280,2025-05-09,23:33:41,-07:00,2025-05-09T23:33:41-07:00,2,9
public/meta/main.js,392,js,d97c883d,anirudh9280,2025-05-09,23:33:41,-07:00,2025-05-09T23:33:41-07:00,3,13
public/meta/main.js,393,js,d97c883d,anirudh9280,2025-05-09,23:33:41,-07:00,2025-05-09T23:33:41-07:00,3,12
public/meta/main.js,394,js,d97c883d,anirudh9280,2025-05-09,23:33:41,-07:00,2025-05-09T23:33:41-07:00,3,20
public/meta/main.js,395,js,d97c883d,anirudh9280,2025-05-09,23:33:41,-07:00,2025-05-09T23:33:41-07:00,3,24
public/meta/main.js,396,js,d97c883d,anirudh9280,2025-05-09,23:33:41,-07:00,2025-05-09T23:33:41-07:00,3,10
public/meta/main.js,397,js,d97c883d,anirudh9280,2025-05-09,23:33:41,-07:00,2025-05-09T23:33:41-07:00,1,1
public/meta/main.js,398,js,d97c883d,anirudh9280,2025-05-09,23:33:41,-07:00,2025-05-09T23:33:41-07:00,0,0
public/meta/main.js,399,js,d97c883d,anirudh9280,2025-05-09,23:33:41,-07:00,2025-05-09T23:33:41-07:00,0,0
public/meta/main.js,400,js,d97c883d,anirudh9280,2025-05-09,23:33:41,-07:00,2025-05-09T23:33:41-07:00,0,29
public/meta/main.js,401,js,d97c883d,anirudh9280,2025-05-09,23:33:41,-07:00,2025-05-09T23:33:41-07:00,0,21
public/meta/main.js,402,js,d97c883d,anirudh9280,2025-05-09,23:33:41,-07:00,2025-05-09T23:33:41-07:00,1,22
public/meta/main.js,403,js,d97c883d,anirudh9280,2025-05-09,23:33:41,-07:00,2025-05-09T23:33:41-07:00,1,29
public/meta/main.js,404,js,d97c883d,anirudh9280,2025-05-09,23:33:41,-07:00,2025-05-09T23:33:41-07:00,0,0
public/meta/main.js,405,js,d97c883d,anirudh9280,2025-05-09,23:33:41,-07:00,2025-05-09T23:33:41-07:00,1,30
public/meta/main.js,406,js,d97c883d,anirudh9280,2025-05-09,23:33:41,-07:00,2025-05-09T23:33:41-07:00,1,31
public/meta/main.js,407,js,d97c883d,anirudh9280,2025-05-09,23:33:41,-07:00,2025-05-09T23:33:41-07:00,0,0
public/meta/main.js,408,js,d97c883d,anirudh9280,2025-05-09,23:33:41,-07:00,2025-05-09T23:33:41-07:00,0,0
public/meta/main.js,409,js,d97c883d,anirudh9280,2025-05-09,23:33:41,-07:00,2025-05-09T23:33:41-07:00,0,22
public/meta/main.js,410,js,d97c883d,anirudh9280,2025-05-09,23:33:41,-07:00,2025-05-09T23:33:41-07:00,0,5
public/meta/index.html,1,html,d97c883d,anirudh9280,2025-05-09,23:33:41,-07:00,2025-05-09T23:33:41-07:00,0,13
public/meta/index.html,2,html,d97c883d,anirudh9280,2025-05-09,23:33:41,-07:00,2025-05-09T23:33:41-07:00,0,14
public/meta/index.html,3,html,d97c883d,anirudh9280,2025-05-09,23:33:41,-07:00,2025-05-09T23:33:41-07:00,1,4
public/meta/index.html,4,html,d97c883d,anirudh9280,2025-05-09,23:33:41,-07:00,2025-05-09T23:33:41-07:00,2,22
public/meta/index.html,5,html,d97c883d,anirudh9280,2025-05-09,23:33:41,-07:00,2025-05-09T23:33:41-07:00,2,70
public/meta/index.html,6,html,d97c883d,anirudh9280,2025-05-09,23:33:41,-07:00,2025-05-09T23:33:41-07:00,2,38
public/meta/index.html,7,html,d97c883d,anirudh9280,2025-05-09,23:33:41,-07:00,2025-05-09T23:33:41-07:00,2,74
public/meta/index.html,8,html,d97c883d,anirudh9280,2025-05-09,23:33:41,-07:00,2025-05-09T23:33:41-07:00,2,41
public/meta/index.html,9,html,d97c883d,anirudh9280,2025-05-09,23:33:41,-07:00,2025-05-09T23:33:41-07:00,1,5
public/meta/index.html,10,html,d97c883d,anirudh9280,2025-05-09,23:33:41,-07:00,2025-05-09T23:33:41-07:00,1,4
public/meta/index.html,11,html,d97c883d,anirudh9280,2025-05-09,23:33:41,-07:00,2025-05-09T23:33:41-07:00,2,21
public/meta/index.html,12,html,d97c883d,anirudh9280,2025-05-09,23:33:41,-07:00,2025-05-09T23:33:41-07:00,3,32
public/meta/index.html,13,html,d97c883d,anirudh9280,2025-05-09,23:33:41,-07:00,2025-05-09T23:33:41-07:00,3,66
public/meta/index.html,14,html,d97c883d,anirudh9280,2025-05-09,23:33:41,-07:00,2025-05-09T23:33:41-07:00,0,0
public/meta/index.html,15,html,d97c883d,anirudh9280,2025-05-09,23:33:41,-07:00,2025-05-09T23:33:41-07:00,3,44
public/meta/index.html,16,html,d97c883d,anirudh9280,2025-05-09,23:33:41,-07:00,2025-05-09T23:33:41-07:00,0,0
public/meta/index.html,17,html,d97c883d,anirudh9280,2025-05-09,23:33:41,-07:00,2025-05-09T23:33:41-07:00,3,29
public/meta/index.html,18,html,d97c883d,anirudh9280,2025-05-09,23:33:41,-07:00,2025-05-09T23:33:41-07:00,3,44
public/meta/index.html,19,html,d97c883d,anirudh9280,2025-05-09,23:33:41,-07:00,2025-05-09T23:33:41-07:00,0,0
public/meta/index.html,20,html,d97c883d,anirudh9280,2025-05-09,23:33:41,-07:00,2025-05-09T23:33:41-07:00,3,50
public/meta/index.html,21,html,d97c883d,anirudh9280,2025-05-09,23:33:41,-07:00,2025-05-09T23:33:41-07:00,4,13
public/meta/index.html,22,html,d97c883d,anirudh9280,2025-05-09,23:33:41,-07:00,2025-05-09T23:33:41-07:00,4,2
public/meta/index.html,23,html,d97c883d,anirudh9280,2025-05-09,23:33:41,-07:00,2025-05-09T23:33:41-07:00,5,46
public/meta/index.html,24,html,d97c883d,anirudh9280,2025-05-09,23:33:41,-07:00,2025-05-09T23:33:41-07:00,4,3
public/meta/index.html,25,html,d97c883d,anirudh9280,2025-05-09,23:33:41,-07:00,2025-05-09T23:33:41-07:00,4,11
public/meta/index.html,26,html,d97c883d,anirudh9280,2025-05-09,23:33:41,-07:00,2025-05-09T23:33:41-07:00,4,24
public/meta/index.html,27,html,d97c883d,anirudh9280,2025-05-09,23:33:41,-07:00,2025-05-09T23:33:41-07:00,4,11
public/meta/index.html,28,html,d97c883d,anirudh9280,2025-05-09,23:33:41,-07:00,2025-05-09T23:33:41-07:00,4,24
public/meta/index.html,29,html,d97c883d,anirudh9280,2025-05-09,23:33:41,-07:00,2025-05-09T23:33:41-07:00,4,13
public/meta/index.html,30,html,d97c883d,anirudh9280,2025-05-09,23:33:41,-07:00,2025-05-09T23:33:41-07:00,4,26
public/meta/index.html,31,html,d97c883d,anirudh9280,2025-05-09,23:33:41,-07:00,2025-05-09T23:33:41-07:00,4,12
public/meta/index.html,32,html,d97c883d,anirudh9280,2025-05-09,23:33:41,-07:00,2025-05-09T23:33:41-07:00,4,25
public/meta/index.html,33,html,d97c883d,anirudh9280,2025-05-09,23:33:41,-07:00,2025-05-09T23:33:41-07:00,3,3
public/meta/index.html,34,html,d97c883d,anirudh9280,2025-05-09,23:33:41,-07:00,2025-05-09T23:33:41-07:00,0,0
public/meta/index.html,35,html,d97c883d,anirudh9280,2025-05-09,23:33:41,-07:00,2025-05-09T23:33:41-07:00,3,26
public/meta/index.html,36,html,d97c883d,anirudh9280,2025-05-09,23:33:41,-07:00,2025-05-09T23:33:41-07:00,4,45
public/meta/index.html,37,html,d97c883d,anirudh9280,2025-05-09,23:33:41,-07:00,2025-05-09T23:33:41-07:00,4,45
public/meta/index.html,38,html,d97c883d,anirudh9280,2025-05-09,23:33:41,-07:00,2025-05-09T23:33:41-07:00,3,4
public/meta/index.html,39,html,d97c883d,anirudh9280,2025-05-09,23:33:41,-07:00,2025-05-09T23:33:41-07:00,2,4
public/meta/index.html,40,html,d97c883d,anirudh9280,2025-05-09,23:33:41,-07:00,2025-05-09T23:33:41-07:00,0,0
public/meta/index.html,41,html,d97c883d,anirudh9280,2025-05-09,23:33:41,-07:00,2025-05-09T23:33:41-07:00,2,29
public/meta/index.html,42,html,d97c883d,anirudh9280,2025-05-09,23:33:41,-07:00,2025-05-09T23:33:41-07:00,1,5
public/meta/index.html,43,html,d97c883d,anirudh9280,2025-05-09,23:33:41,-07:00,2025-05-09T23:33:41-07:00,0,5
