file,line,type,commit,author,date,time,timezone,datetime,depth,length
vite.config.js,1,js,febb5fab,anirudh9280,2025-04-25,21:37:33,-07:00,2025-04-25T21:37:33-07:00,0,35
vite.config.js,2,js,febb5fab,anirudh9280,2025-04-25,21:37:33,-07:00,2025-04-25T21:37:33-07:00,0,40
vite.config.js,3,js,928790b7,anirudh428,2023-10-07,00:24:45,-07:00,2023-10-07T00:24:45-07:00,0,0
vite.config.js,4,js,928790b7,anirudh428,2023-10-07,00:24:45,-07:00,2023-10-07T00:24:45-07:00,0,28
vite.config.js,5,js,928790b7,anirudh428,2023-10-07,00:24:45,-07:00,2023-10-07T00:24:45-07:00,0,28
vite.config.js,6,js,928790b7,anirudh428,2023-10-07,00:24:45,-07:00,2023-10-07T00:24:45-07:00,0,18
vite.config.js,7,js,febb5fab,anirudh9280,2025-04-25,21:37:33,-07:00,2025-04-25T21:37:33-07:00,0,10
vite.config.js,8,js,febb5fab,anirudh9280,2025-04-25,21:37:33,-07:00,2025-04-25T21:37:33-07:00,0,7
vite.config.js,9,js,febb5fab,anirudh9280,2025-04-25,21:37:33,-07:00,2025-04-25T21:37:33-07:00,0,14
vite.config.js,10,js,febb5fab,anirudh9280,2025-04-25,21:37:33,-07:00,2025-04-25T21:37:33-07:00,0,19
vite.config.js,11,js,febb5fab,anirudh9280,2025-04-25,21:37:33,-07:00,2025-04-25T21:37:33-07:00,0,17
vite.config.js,12,js,febb5fab,anirudh9280,2025-04-25,21:37:33,-07:00,2025-04-25T21:37:33-07:00,0,16
vite.config.js,13,js,febb5fab,anirudh9280,2025-04-25,21:37:33,-07:00,2025-04-25T21:37:33-07:00,0,1
vite.config.js,14,js,febb5fab,anirudh9280,2025-04-25,21:37:33,-07:00,2025-04-25T21:37:33-07:00,0,2
tailwind.config.js,1,js,928790b7,anirudh428,2023-10-07,00:24:45,-07:00,2023-10-07T00:24:45-07:00,0,42
tailwind.config.js,2,js,928790b7,anirudh428,2023-10-07,00:24:45,-07:00,2023-10-07T00:24:45-07:00,0,17
tailwind.config.js,3,js,928790b7,anirudh428,2023-10-07,00:24:45,-07:00,2023-10-07T00:24:45-07:00,0,32
tailwind.config.js,4,js,928790b7,anirudh428,2023-10-07,00:24:45,-07:00,2023-10-07T00:24:45-07:00,0,11
tailwind.config.js,5,js,928790b7,anirudh428,2023-10-07,00:24:45,-07:00,2023-10-07T00:24:45-07:00,0,7
tailwind.config.js,6,js,928790b7,anirudh428,2023-10-07,00:24:45,-07:00,2023-10-07T00:24:45-07:00,0,8
tailwind.config.js,7,js,928790b7,anirudh428,2023-10-07,00:24:45,-07:00,2023-10-07T00:24:45-07:00,0,8
tailwind.config.js,8,js,928790b7,anirudh428,2023-10-07,00:24:45,-07:00,2023-10-07T00:24:45-07:00,0,18
tailwind.config.js,9,js,928790b7,anirudh428,2023-10-07,00:24:45,-07:00,2023-10-07T00:24:45-07:00,0,20
tailwind.config.js,10,js,928790b7,anirudh428,2023-10-07,00:24:45,-07:00,2023-10-07T00:24:45-07:00,0,19
tailwind.config.js,11,js,928790b7,anirudh428,2023-10-07,00:24:45,-07:00,2023-10-07T00:24:45-07:00,0,22
tailwind.config.js,12,js,928790b7,anirudh428,2023-10-07,00:24:45,-07:00,2023-10-07T00:24:45-07:00,0,22
tailwind.config.js,13,js,928790b7,anirudh428,2023-10-07,00:24:45,-07:00,2023-10-07T00:24:45-07:00,0,22
tailwind.config.js,14,js,928790b7,anirudh428,2023-10-07,00:24:45,-07:00,2023-10-07T00:24:45-07:00,0,1
tailwind.config.js,15,js,928790b7,anirudh428,2023-10-07,00:24:45,-07:00,2023-10-07T00:24:45-07:00,0,11
tailwind.config.js,16,js,928790b7,anirudh428,2023-10-07,00:24:45,-07:00,2023-10-07T00:24:45-07:00,0,36
tailwind.config.js,17,js,928790b7,anirudh428,2023-10-07,00:24:45,-07:00,2023-10-07T00:24:45-07:00,0,1
tailwind.config.js,18,js,928790b7,anirudh428,2023-10-07,00:24:45,-07:00,2023-10-07T00:24:45-07:00,0,9
tailwind.config.js,19,js,928790b7,anirudh428,2023-10-07,00:24:45,-07:00,2023-10-07T00:24:45-07:00,0,11
tailwind.config.js,20,js,928790b7,anirudh428,2023-10-07,00:24:45,-07:00,2023-10-07T00:24:45-07:00,0,1
tailwind.config.js,21,js,928790b7,anirudh428,2023-10-07,00:24:45,-07:00,2023-10-07T00:24:45-07:00,0,17
tailwind.config.js,22,js,928790b7,anirudh428,2023-10-07,00:24:45,-07:00,2023-10-07T00:24:45-07:00,0,47
tailwind.config.js,23,js,928790b7,anirudh428,2023-10-07,00:24:45,-07:00,2023-10-07T00:24:45-07:00,0,1
tailwind.config.js,24,js,928790b7,anirudh428,2023-10-07,00:24:45,-07:00,2023-10-07T00:24:45-07:00,0,1
tailwind.config.js,25,js,928790b7,anirudh428,2023-10-07,00:24:45,-07:00,2023-10-07T00:24:45-07:00,0,1
tailwind.config.js,26,js,928790b7,anirudh428,2023-10-07,00:24:45,-07:00,2023-10-07T00:24:45-07:00,0,11
tailwind.config.js,27,js,928790b7,anirudh428,2023-10-07,00:24:45,-07:00,2023-10-07T00:24:45-07:00,0,1
tailwind.config.js,28,js,928790b7,anirudh428,2023-10-07,00:24:45,-07:00,2023-10-07T00:24:45-07:00,0,0
postcss.config.js,1,js,928790b7,anirudh428,2023-10-07,00:24:45,-07:00,2023-10-07T00:24:45-07:00,0,15
postcss.config.js,2,js,928790b7,anirudh428,2023-10-07,00:24:45,-07:00,2023-10-07T00:24:45-07:00,0,9
postcss.config.js,3,js,928790b7,anirudh428,2023-10-07,00:24:45,-07:00,2023-10-07T00:24:45-07:00,0,15
postcss.config.js,4,js,928790b7,anirudh428,2023-10-07,00:24:45,-07:00,2023-10-07T00:24:45-07:00,0,16
postcss.config.js,5,js,928790b7,anirudh428,2023-10-07,00:24:45,-07:00,2023-10-07T00:24:45-07:00,0,1
postcss.config.js,6,js,928790b7,anirudh428,2023-10-07,00:24:45,-07:00,2023-10-07T00:24:45-07:00,0,0
index.html,1,html,928790b7,anirudh428,2023-10-07,00:24:45,-07:00,2023-10-07T00:24:45-07:00,0,14
index.html,2,html,928790b7,anirudh428,2023-10-07,00:24:45,-07:00,2023-10-07T00:24:45-07:00,0,15
index.html,3,html,928790b7,anirudh428,2023-10-07,00:24:45,-07:00,2023-10-07T00:24:45-07:00,0,5
index.html,4,html,928790b7,anirudh428,2023-10-07,00:24:45,-07:00,2023-10-07T00:24:45-07:00,0,23
index.html,5,html,928790b7,anirudh428,2023-10-07,00:24:45,-07:00,2023-10-07T00:24:45-07:00,0,67
index.html,6,html,928790b7,anirudh428,2023-10-07,00:24:45,-07:00,2023-10-07T00:24:45-07:00,0,71
index.html,7,html,928790b7,anirudh428,2023-10-07,00:24:45,-07:00,2023-10-07T00:24:45-07:00,0,33
index.html,8,html,928790b7,anirudh428,2023-10-07,00:24:45,-07:00,2023-10-07T00:24:45-07:00,0,6
index.html,9,html,928790b7,anirudh428,2023-10-07,00:24:45,-07:00,2023-10-07T00:24:45-07:00,0,5
index.html,10,html,928790b7,anirudh428,2023-10-07,00:24:45,-07:00,2023-10-07T00:24:45-07:00,0,20
index.html,11,html,928790b7,anirudh428,2023-10-07,00:24:45,-07:00,2023-10-07T00:24:45-07:00,0,50
index.html,12,html,928790b7,anirudh428,2023-10-07,00:24:45,-07:00,2023-10-07T00:24:45-07:00,0,6
index.html,13,html,928790b7,anirudh428,2023-10-07,00:24:45,-07:00,2023-10-07T00:24:45-07:00,0,6
src/styles.js,1,js,928790b7,anirudh428,2023-10-07,00:24:45,-07:00,2023-10-07T00:24:45-07:00,0,15
src/styles.js,2,js,928790b7,anirudh428,2023-10-07,00:24:45,-07:00,2023-10-07T00:24:45-07:00,0,25
src/styles.js,3,js,928790b7,anirudh428,2023-10-07,00:24:45,-07:00,2023-10-07T00:24:45-07:00,0,25
src/styles.js,4,js,928790b7,anirudh428,2023-10-07,00:24:45,-07:00,2023-10-07T00:24:45-07:00,0,39
src/styles.js,5,js,928790b7,anirudh428,2023-10-07,00:24:45,-07:00,2023-10-07T00:24:45-07:00,0,0
src/styles.js,6,js,928790b7,anirudh428,2023-10-07,00:24:45,-07:00,2023-10-07T00:24:45-07:00,0,12
src/styles.js,7,js,928790b7,anirudh428,2023-10-07,00:24:45,-07:00,2023-10-07T00:24:45-07:00,0,103
src/styles.js,8,js,928790b7,anirudh428,2023-10-07,00:24:45,-07:00,2023-10-07T00:24:45-07:00,0,11
src/styles.js,9,js,928790b7,anirudh428,2023-10-07,00:24:45,-07:00,2023-10-07T00:24:45-07:00,0,103
src/styles.js,10,js,928790b7,anirudh428,2023-10-07,00:24:45,-07:00,2023-10-07T00:24:45-07:00,0,0
src/styles.js,11,js,928790b7,anirudh428,2023-10-07,00:24:45,-07:00,2023-10-07T00:24:45-07:00,0,15
src/styles.js,12,js,928790b7,anirudh428,2023-10-07,00:24:45,-07:00,2023-10-07T00:24:45-07:00,0,80
src/styles.js,13,js,928790b7,anirudh428,2023-10-07,00:24:45,-07:00,2023-10-07T00:24:45-07:00,0,14
src/styles.js,14,js,928790b7,anirudh428,2023-10-07,00:24:45,-07:00,2023-10-07T00:24:45-07:00,0,68
src/styles.js,15,js,d17df515,anirudh9280,2024-07-23,14:50:01,-07:00,2024-07-23T14:50:01-07:00,0,10
src/styles.js,16,js,d17df515,anirudh9280,2024-07-23,14:50:01,-07:00,2024-07-23T14:50:01-07:00,0,96
src/styles.js,17,js,928790b7,anirudh428,2023-10-07,00:24:45,-07:00,2023-10-07T00:24:45-07:00,0,1
src/styles.js,18,js,928790b7,anirudh428,2023-10-07,00:24:45,-07:00,2023-10-07T00:24:45-07:00,0,0
src/styles.js,19,js,928790b7,anirudh428,2023-10-07,00:24:45,-07:00,2023-10-07T00:24:45-07:00,0,17
src/index.css,1,css,928790b7,anirudh428,2023-10-07,00:24:45,-07:00,2023-10-07T00:24:45-07:00,0,117
src/index.css,2,css,928790b7,anirudh428,2023-10-07,00:24:45,-07:00,2023-10-07T00:24:45-07:00,0,0
src/index.css,3,css,928790b7,anirudh428,2023-10-07,00:24:45,-07:00,2023-10-07T00:24:45-07:00,0,14
src/index.css,4,css,928790b7,anirudh428,2023-10-07,00:24:45,-07:00,2023-10-07T00:24:45-07:00,0,20
src/index.css,5,css,928790b7,anirudh428,2023-10-07,00:24:45,-07:00,2023-10-07T00:24:45-07:00,0,19
src/index.css,6,css,928790b7,anirudh428,2023-10-07,00:24:45,-07:00,2023-10-07T00:24:45-07:00,0,0
src/index.css,7,css,928790b7,anirudh428,2023-10-07,00:24:45,-07:00,2023-10-07T00:24:45-07:00,0,2
src/index.css,8,css,928790b7,anirudh428,2023-10-07,00:24:45,-07:00,2023-10-07T00:24:45-07:00,0,9
src/index.css,9,css,928790b7,anirudh428,2023-10-07,00:24:45,-07:00,2023-10-07T00:24:45-07:00,0,10
src/index.css,10,css,928790b7,anirudh428,2023-10-07,00:24:45,-07:00,2023-10-07T00:24:45-07:00,0,22
src/index.css,11,css,928790b7,anirudh428,2023-10-07,00:24:45,-07:00,2023-10-07T00:24:45-07:00,0,34
src/index.css,12,css,928790b7,anirudh428,2023-10-07,00:24:45,-07:00,2023-10-07T00:24:45-07:00,0,23
src/index.css,13,css,d7a0ed78,anirudh9280,2025-04-19,16:21:58,-07:00,2025-04-19T16:21:58-07:00,0,10
src/index.css,14,css,d7a0ed78,anirudh9280,2025-04-19,16:21:58,-07:00,2025-04-19T16:21:58-07:00,0,26
src/index.css,15,css,d7a0ed78,anirudh9280,2025-04-19,16:21:58,-07:00,2025-04-19T16:21:58-07:00,0,15
src/index.css,16,css,d7a0ed78,anirudh9280,2025-04-19,16:21:58,-07:00,2025-04-19T16:21:58-07:00,0,22
src/index.css,17,css,d7a0ed78,anirudh9280,2025-04-19,16:21:58,-07:00,2025-04-19T16:21:58-07:00,0,20
src/index.css,18,css,d7a0ed78,anirudh9280,2025-04-19,16:21:58,-07:00,2025-04-19T16:21:58-07:00,0,0
src/index.css,19,css,d7a0ed78,anirudh9280,2025-04-19,16:21:58,-07:00,2025-04-19T16:21:58-07:00,0,0
src/index.css,20,css,d7a0ed78,anirudh9280,2025-04-19,16:21:58,-07:00,2025-04-19T16:21:58-07:00,0,13
src/index.css,21,css,928790b7,anirudh428,2023-10-07,00:24:45,-07:00,2023-10-07T00:24:45-07:00,0,18
src/index.css,22,css,928790b7,anirudh428,2023-10-07,00:24:45,-07:00,2023-10-07T00:24:45-07:00,0,0
src/index.css,23,css,928790b7,anirudh428,2023-10-07,00:24:45,-07:00,2023-10-07T00:24:45-07:00,0,0
src/index.css,24,css,d7a0ed78,anirudh9280,2025-04-19,16:21:58,-07:00,2025-04-19T16:21:58-07:00,0,14
src/index.css,25,css,d7a0ed78,anirudh9280,2025-04-19,16:21:58,-07:00,2025-04-19T16:21:58-07:00,0,19
src/index.css,26,css,d7a0ed78,anirudh9280,2025-04-19,16:21:58,-07:00,2025-04-19T16:21:58-07:00,0,0
src/index.css,27,css,d7a0ed78,anirudh9280,2025-04-19,16:21:58,-07:00,2025-04-19T16:21:58-07:00,0,0
src/index.css,28,css,928790b7,anirudh428,2023-10-07,00:24:45,-07:00,2023-10-07T00:24:45-07:00,0,11
src/index.css,29,css,928790b7,anirudh428,2023-10-07,00:24:45,-07:00,2023-10-07T00:24:45-07:00,0,18
src/index.css,30,css,928790b7,anirudh428,2023-10-07,00:24:45,-07:00,2023-10-07T00:24:45-07:00,0,21
src/index.css,31,css,928790b7,anirudh428,2023-10-07,00:24:45,-07:00,2023-10-07T00:24:45-07:00,0,14
src/index.css,32,css,928790b7,anirudh428,2023-10-07,00:24:45,-07:00,2023-10-07T00:24:45-07:00,0,0
src/index.css,33,css,928790b7,anirudh428,2023-10-07,00:24:45,-07:00,2023-10-07T00:24:45-07:00,0,0
src/index.css,34,css,928790b7,anirudh428,2023-10-07,00:24:45,-07:00,2023-10-07T00:24:45-07:00,0,16
src/index.css,35,css,928790b7,anirudh428,2023-10-07,00:24:45,-07:00,2023-10-07T00:24:45-07:00,0,51
src/index.css,36,css,928790b7,anirudh428,2023-10-07,00:24:45,-07:00,2023-10-07T00:24:45-07:00,0,35
src/index.css,37,css,928790b7,anirudh428,2023-10-07,00:24:45,-07:00,2023-10-07T00:24:45-07:00,0,8
src/index.css,38,css,928790b7,anirudh428,2023-10-07,00:24:45,-07:00,2023-10-07T00:24:45-07:00,0,7
src/index.css,39,css,928790b7,anirudh428,2023-10-07,00:24:45,-07:00,2023-10-07T00:24:45-07:00,0,6
src/index.css,40,css,928790b7,anirudh428,2023-10-07,00:24:45,-07:00,2023-10-07T00:24:45-07:00,0,34
src/index.css,41,css,928790b7,anirudh428,2023-10-07,00:24:45,-07:00,2023-10-07T00:24:45-07:00,0,27
src/index.css,42,css,928790b7,anirudh428,2023-10-07,00:24:45,-07:00,2023-10-07T00:24:45-07:00,0,8
src/index.css,43,css,928790b7,anirudh428,2023-10-07,00:24:45,-07:00,2023-10-07T00:24:45-07:00,0,7
src/index.css,44,css,928790b7,anirudh428,2023-10-07,00:24:45,-07:00,2023-10-07T00:24:45-07:00,0,6
src/index.css,45,css,928790b7,anirudh428,2023-10-07,00:24:45,-07:00,2023-10-07T00:24:45-07:00,0,72
src/index.css,46,css,928790b7,anirudh428,2023-10-07,00:24:45,-07:00,2023-10-07T00:24:45-07:00,0,0
src/index.css,47,css,928790b7,anirudh428,2023-10-07,00:24:45,-07:00,2023-10-07T00:24:45-07:00,0,0
src/index.css,48,css,928790b7,anirudh428,2023-10-07,00:24:45,-07:00,2023-10-07T00:24:45-07:00,0,17
src/index.css,49,css,928790b7,anirudh428,2023-10-07,00:24:45,-07:00,2023-10-07T00:24:45-07:00,0,19
src/index.css,50,css,928790b7,anirudh428,2023-10-07,00:24:45,-07:00,2023-10-07T00:24:45-07:00,0,73
src/index.css,51,css,928790b7,anirudh428,2023-10-07,00:24:45,-07:00,2023-10-07T00:24:45-07:00,0,35
src/index.css,52,css,928790b7,anirudh428,2023-10-07,00:24:45,-07:00,2023-10-07T00:24:45-07:00,0,6
src/index.css,53,css,928790b7,anirudh428,2023-10-07,00:24:45,-07:00,2023-10-07T00:24:45-07:00,0,10
src/index.css,54,css,928790b7,anirudh428,2023-10-07,00:24:45,-07:00,2023-10-07T00:24:45-07:00,0,23
src/index.css,55,css,928790b7,anirudh428,2023-10-07,00:24:45,-07:00,2023-10-07T00:24:45-07:00,0,1
src/index.css,56,css,928790b7,anirudh428,2023-10-07,00:24:45,-07:00,2023-10-07T00:24:45-07:00,0,0
src/index.css,57,css,928790b7,anirudh428,2023-10-07,00:24:45,-07:00,2023-10-07T00:24:45-07:00,0,0
src/index.css,58,css,928790b7,anirudh428,2023-10-07,00:24:45,-07:00,2023-10-07T00:24:45-07:00,0,21
src/index.css,59,css,928790b7,anirudh428,2023-10-07,00:24:45,-07:00,2023-10-07T00:24:45-07:00,0,21
src/index.css,60,css,928790b7,anirudh428,2023-10-07,00:24:45,-07:00,2023-10-07T00:24:45-07:00,0,66
src/index.css,61,css,928790b7,anirudh428,2023-10-07,00:24:45,-07:00,2023-10-07T00:24:45-07:00,0,75
src/index.css,62,css,928790b7,anirudh428,2023-10-07,00:24:45,-07:00,2023-10-07T00:24:45-07:00,0,0
src/index.css,63,css,928790b7,anirudh428,2023-10-07,00:24:45,-07:00,2023-10-07T00:24:45-07:00,0,0
src/index.css,64,css,928790b7,anirudh428,2023-10-07,00:24:45,-07:00,2023-10-07T00:24:45-07:00,0,22
src/index.css,65,css,928790b7,anirudh428,2023-10-07,00:24:45,-07:00,2023-10-07T00:24:45-07:00,0,51
src/index.css,66,css,928790b7,anirudh428,2023-10-07,00:24:45,-07:00,2023-10-07T00:24:45-07:00,0,35
src/index.css,67,css,928790b7,anirudh428,2023-10-07,00:24:45,-07:00,2023-10-07T00:24:45-07:00,0,6
src/index.css,68,css,928790b7,anirudh428,2023-10-07,00:24:45,-07:00,2023-10-07T00:24:45-07:00,0,7
src/index.css,69,css,928790b7,anirudh428,2023-10-07,00:24:45,-07:00,2023-10-07T00:24:45-07:00,0,6
src/index.css,70,css,928790b7,anirudh428,2023-10-07,00:24:45,-07:00,2023-10-07T00:24:45-07:00,0,34
src/index.css,71,css,928790b7,anirudh428,2023-10-07,00:24:45,-07:00,2023-10-07T00:24:45-07:00,0,27
src/index.css,72,css,928790b7,anirudh428,2023-10-07,00:24:45,-07:00,2023-10-07T00:24:45-07:00,0,6
src/index.css,73,css,928790b7,anirudh428,2023-10-07,00:24:45,-07:00,2023-10-07T00:24:45-07:00,0,7
src/index.css,74,css,928790b7,anirudh428,2023-10-07,00:24:45,-07:00,2023-10-07T00:24:45-07:00,0,6
src/index.css,75,css,928790b7,anirudh428,2023-10-07,00:24:45,-07:00,2023-10-07T00:24:45-07:00,0,72
src/index.css,76,css,928790b7,anirudh428,2023-10-07,00:24:45,-07:00,2023-10-07T00:24:45-07:00,0,29
src/index.css,77,css,928790b7,anirudh428,2023-10-07,00:24:45,-07:00,2023-10-07T00:24:45-07:00,0,36
src/index.css,78,css,928790b7,anirudh428,2023-10-07,00:24:45,-07:00,2023-10-07T00:24:45-07:00,0,0
src/index.css,79,css,928790b7,anirudh428,2023-10-07,00:24:45,-07:00,2023-10-07T00:24:45-07:00,0,0
src/index.css,80,css,928790b7,anirudh428,2023-10-07,00:24:45,-07:00,2023-10-07T00:24:45-07:00,0,21
src/index.css,81,css,928790b7,anirudh428,2023-10-07,00:24:45,-07:00,2023-10-07T00:24:45-07:00,0,51
src/index.css,82,css,928790b7,anirudh428,2023-10-07,00:24:45,-07:00,2023-10-07T00:24:45-07:00,0,35
src/index.css,83,css,928790b7,anirudh428,2023-10-07,00:24:45,-07:00,2023-10-07T00:24:45-07:00,0,6
src/index.css,84,css,928790b7,anirudh428,2023-10-07,00:24:45,-07:00,2023-10-07T00:24:45-07:00,0,7
src/index.css,85,css,928790b7,anirudh428,2023-10-07,00:24:45,-07:00,2023-10-07T00:24:45-07:00,0,6
src/index.css,86,css,928790b7,anirudh428,2023-10-07,00:24:45,-07:00,2023-10-07T00:24:45-07:00,0,34
src/index.css,87,css,928790b7,anirudh428,2023-10-07,00:24:45,-07:00,2023-10-07T00:24:45-07:00,0,27
src/index.css,88,css,928790b7,anirudh428,2023-10-07,00:24:45,-07:00,2023-10-07T00:24:45-07:00,0,6
src/index.css,89,css,928790b7,anirudh428,2023-10-07,00:24:45,-07:00,2023-10-07T00:24:45-07:00,0,7
src/index.css,90,css,928790b7,anirudh428,2023-10-07,00:24:45,-07:00,2023-10-07T00:24:45-07:00,0,6
src/index.css,91,css,928790b7,anirudh428,2023-10-07,00:24:45,-07:00,2023-10-07T00:24:45-07:00,0,72
src/index.css,92,css,928790b7,anirudh428,2023-10-07,00:24:45,-07:00,2023-10-07T00:24:45-07:00,0,29
src/index.css,93,css,928790b7,anirudh428,2023-10-07,00:24:45,-07:00,2023-10-07T00:24:45-07:00,0,36
src/index.css,94,css,928790b7,anirudh428,2023-10-07,00:24:45,-07:00,2023-10-07T00:24:45-07:00,0,0
src/index.css,95,css,928790b7,anirudh428,2023-10-07,00:24:45,-07:00,2023-10-07T00:24:45-07:00,0,0
src/index.css,96,css,928790b7,anirudh428,2023-10-07,00:24:45,-07:00,2023-10-07T00:24:45-07:00,0,20
src/index.css,97,css,928790b7,anirudh428,2023-10-07,00:24:45,-07:00,2023-10-07T00:24:45-07:00,0,53
src/index.css,98,css,928790b7,anirudh428,2023-10-07,00:24:45,-07:00,2023-10-07T00:24:45-07:00,0,51
src/index.css,99,css,928790b7,anirudh428,2023-10-07,00:24:45,-07:00,2023-10-07T00:24:45-07:00,0,35
src/index.css,100,css,928790b7,anirudh428,2023-10-07,00:24:45,-07:00,2023-10-07T00:24:45-07:00,0,6
src/index.css,101,css,928790b7,anirudh428,2023-10-07,00:24:45,-07:00,2023-10-07T00:24:45-07:00,0,7
src/index.css,102,css,928790b7,anirudh428,2023-10-07,00:24:45,-07:00,2023-10-07T00:24:45-07:00,0,6
src/index.css,103,css,928790b7,anirudh428,2023-10-07,00:24:45,-07:00,2023-10-07T00:24:45-07:00,0,34
src/index.css,104,css,928790b7,anirudh428,2023-10-07,00:24:45,-07:00,2023-10-07T00:24:45-07:00,0,27
src/index.css,105,css,928790b7,anirudh428,2023-10-07,00:24:45,-07:00,2023-10-07T00:24:45-07:00,0,6
src/index.css,106,css,928790b7,anirudh428,2023-10-07,00:24:45,-07:00,2023-10-07T00:24:45-07:00,0,7
src/index.css,107,css,928790b7,anirudh428,2023-10-07,00:24:45,-07:00,2023-10-07T00:24:45-07:00,0,6
src/index.css,108,css,928790b7,anirudh428,2023-10-07,00:24:45,-07:00,2023-10-07T00:24:45-07:00,0,72
src/index.css,109,css,928790b7,anirudh428,2023-10-07,00:24:45,-07:00,2023-10-07T00:24:45-07:00,0,29
src/index.css,110,css,928790b7,anirudh428,2023-10-07,00:24:45,-07:00,2023-10-07T00:24:45-07:00,0,36
src/index.css,111,css,928790b7,anirudh428,2023-10-07,00:24:45,-07:00,2023-10-07T00:24:45-07:00,0,0
src/index.css,112,css,928790b7,anirudh428,2023-10-07,00:24:45,-07:00,2023-10-07T00:24:45-07:00,0,0
src/index.css,113,css,928790b7,anirudh428,2023-10-07,00:24:45,-07:00,2023-10-07T00:24:45-07:00,0,20
src/index.css,114,css,928790b7,anirudh428,2023-10-07,00:24:45,-07:00,2023-10-07T00:24:45-07:00,0,51
src/index.css,115,css,928790b7,anirudh428,2023-10-07,00:24:45,-07:00,2023-10-07T00:24:45-07:00,0,35
src/index.css,116,css,928790b7,anirudh428,2023-10-07,00:24:45,-07:00,2023-10-07T00:24:45-07:00,0,6
src/index.css,117,css,928790b7,anirudh428,2023-10-07,00:24:45,-07:00,2023-10-07T00:24:45-07:00,0,7
src/index.css,118,css,928790b7,anirudh428,2023-10-07,00:24:45,-07:00,2023-10-07T00:24:45-07:00,0,6
src/index.css,119,css,928790b7,anirudh428,2023-10-07,00:24:45,-07:00,2023-10-07T00:24:45-07:00,0,34
src/index.css,120,css,928790b7,anirudh428,2023-10-07,00:24:45,-07:00,2023-10-07T00:24:45-07:00,0,27
src/index.css,121,css,928790b7,anirudh428,2023-10-07,00:24:45,-07:00,2023-10-07T00:24:45-07:00,0,6
src/index.css,122,css,928790b7,anirudh428,2023-10-07,00:24:45,-07:00,2023-10-07T00:24:45-07:00,0,7
src/index.css,123,css,928790b7,anirudh428,2023-10-07,00:24:45,-07:00,2023-10-07T00:24:45-07:00,0,6
src/index.css,124,css,928790b7,anirudh428,2023-10-07,00:24:45,-07:00,2023-10-07T00:24:45-07:00,0,72
src/index.css,125,css,928790b7,anirudh428,2023-10-07,00:24:45,-07:00,2023-10-07T00:24:45-07:00,0,29
src/index.css,126,css,928790b7,anirudh428,2023-10-07,00:24:45,-07:00,2023-10-07T00:24:45-07:00,0,36
src/index.css,127,css,928790b7,anirudh428,2023-10-07,00:24:45,-07:00,2023-10-07T00:24:45-07:00,0,0
src/index.css,128,css,928790b7,anirudh428,2023-10-07,00:24:45,-07:00,2023-10-07T00:24:45-07:00,0,0
src/index.css,129,css,928790b7,anirudh428,2023-10-07,00:24:45,-07:00,2023-10-07T00:24:45-07:00,0,19
src/index.css,130,css,928790b7,anirudh428,2023-10-07,00:24:45,-07:00,2023-10-07T00:24:45-07:00,0,15
src/index.css,131,css,928790b7,anirudh428,2023-10-07,00:24:45,-07:00,2023-10-07T00:24:45-07:00,0,15
src/index.css,132,css,928790b7,anirudh428,2023-10-07,00:24:45,-07:00,2023-10-07T00:24:45-07:00,0,10
src/index.css,133,css,928790b7,anirudh428,2023-10-07,00:24:45,-07:00,2023-10-07T00:24:45-07:00,0,11
src/index.css,134,css,928790b7,anirudh428,2023-10-07,00:24:45,-07:00,2023-10-07T00:24:45-07:00,0,18
src/index.css,135,css,928790b7,anirudh428,2023-10-07,00:24:45,-07:00,2023-10-07T00:24:45-07:00,0,18
src/index.css,136,css,928790b7,anirudh428,2023-10-07,00:24:45,-07:00,2023-10-07T00:24:45-07:00,0,20
src/index.css,137,css,928790b7,anirudh428,2023-10-07,00:24:45,-07:00,2023-10-07T00:24:45-07:00,0,40
src/index.css,138,css,928790b7,anirudh428,2023-10-07,00:24:45,-07:00,2023-10-07T00:24:45-07:00,0,24
src/index.css,139,css,928790b7,anirudh428,2023-10-07,00:24:45,-07:00,2023-10-07T00:24:45-07:00,0,0
src/index.css,140,css,928790b7,anirudh428,2023-10-07,00:24:45,-07:00,2023-10-07T00:24:45-07:00,0,0
src/index.css,141,css,928790b7,anirudh428,2023-10-07,00:24:45,-07:00,2023-10-07T00:24:45-07:00,0,22
src/index.css,142,css,928790b7,anirudh428,2023-10-07,00:24:45,-07:00,2023-10-07T00:24:45-07:00,0,2
src/index.css,143,css,928790b7,anirudh428,2023-10-07,00:24:45,-07:00,2023-10-07T00:24:45-07:00,0,5
src/index.css,144,css,d7a0ed78,anirudh9280,2025-04-19,16:21:58,-07:00,2025-04-19T16:21:58-07:00,0,10
src/index.css,145,css,d7a0ed78,anirudh9280,2025-04-19,16:21:58,-07:00,2025-04-19T16:21:58-07:00,0,26
src/index.css,146,css,928790b7,anirudh428,2023-10-07,00:24:45,-07:00,2023-10-07T00:24:45-07:00,0,43
src/index.css,147,css,928790b7,anirudh428,2023-10-07,00:24:45,-07:00,2023-10-07T00:24:45-07:00,0,40
src/index.css,148,css,928790b7,anirudh428,2023-10-07,00:24:45,-07:00,2023-10-07T00:24:45-07:00,0,44
src/index.css,149,css,928790b7,anirudh428,2023-10-07,00:24:45,-07:00,2023-10-07T00:24:45-07:00,0,40
src/index.css,150,css,928790b7,anirudh428,2023-10-07,00:24:45,-07:00,2023-10-07T00:24:45-07:00,0,43
src/index.css,151,css,928790b7,anirudh428,2023-10-07,00:24:45,-07:00,2023-10-07T00:24:45-07:00,0,41
src/index.css,152,css,928790b7,anirudh428,2023-10-07,00:24:45,-07:00,2023-10-07T00:24:45-07:00,0,44
src/index.css,153,css,928790b7,anirudh428,2023-10-07,00:24:45,-07:00,2023-10-07T00:24:45-07:00,0,0
src/index.css,154,css,928790b7,anirudh428,2023-10-07,00:24:45,-07:00,2023-10-07T00:24:45-07:00,0,6
src/index.css,155,css,d7a0ed78,anirudh9280,2025-04-19,16:21:58,-07:00,2025-04-19T16:21:58-07:00,0,10
src/index.css,156,css,d7a0ed78,anirudh9280,2025-04-19,16:21:58,-07:00,2025-04-19T16:21:58-07:00,0,43
src/index.css,157,css,d7a0ed78,anirudh9280,2025-04-19,16:21:58,-07:00,2025-04-19T16:21:58-07:00,0,26
src/index.css,158,css,d7a0ed78,anirudh9280,2025-04-19,16:21:58,-07:00,2025-04-19T16:21:58-07:00,0,40
src/index.css,159,css,928790b7,anirudh428,2023-10-07,00:24:45,-07:00,2023-10-07T00:24:45-07:00,0,44
src/index.css,160,css,928790b7,anirudh428,2023-10-07,00:24:45,-07:00,2023-10-07T00:24:45-07:00,0,40
src/index.css,161,css,928790b7,anirudh428,2023-10-07,00:24:45,-07:00,2023-10-07T00:24:45-07:00,0,43
src/index.css,162,css,928790b7,anirudh428,2023-10-07,00:24:45,-07:00,2023-10-07T00:24:45-07:00,0,41
src/index.css,163,css,928790b7,anirudh428,2023-10-07,00:24:45,-07:00,2023-10-07T00:24:45-07:00,0,44
src/index.css,164,css,928790b7,anirudh428,2023-10-07,00:24:45,-07:00,2023-10-07T00:24:45-07:00,0,0
src/index.css,165,css,928790b7,anirudh428,2023-10-07,00:24:45,-07:00,2023-10-07T00:24:45-07:00,0,4
src/index.css,166,css,d7a0ed78,anirudh9280,2025-04-19,16:21:58,-07:00,2025-04-19T16:21:58-07:00,0,10
src/index.css,167,css,d7a0ed78,anirudh9280,2025-04-19,16:21:58,-07:00,2025-04-19T16:21:58-07:00,0,43
src/index.css,168,css,d7a0ed78,anirudh9280,2025-04-19,16:21:58,-07:00,2025-04-19T16:21:58-07:00,0,43
src/index.css,169,css,d7a0ed78,anirudh9280,2025-04-19,16:21:58,-07:00,2025-04-19T16:21:58-07:00,0,23
src/index.css,170,css,928790b7,anirudh428,2023-10-07,00:24:45,-07:00,2023-10-07T00:24:45-07:00,0,44
src/index.css,171,css,928790b7,anirudh428,2023-10-07,00:24:45,-07:00,2023-10-07T00:24:45-07:00,0,40
src/index.css,172,css,928790b7,anirudh428,2023-10-07,00:24:45,-07:00,2023-10-07T00:24:45-07:00,0,43
src/index.css,173,css,928790b7,anirudh428,2023-10-07,00:24:45,-07:00,2023-10-07T00:24:45-07:00,0,41
src/index.css,174,css,928790b7,anirudh428,2023-10-07,00:24:45,-07:00,2023-10-07T00:24:45-07:00,0,44
src/index.css,175,css,928790b7,anirudh428,2023-10-07,00:24:45,-07:00,2023-10-07T00:24:45-07:00,0,0
src/index.css,176,css,928790b7,anirudh428,2023-10-07,00:24:45,-07:00,2023-10-07T00:24:45-07:00,0,6
src/index.css,177,css,d7a0ed78,anirudh9280,2025-04-19,16:21:58,-07:00,2025-04-19T16:21:58-07:00,0,10
src/index.css,178,css,d7a0ed78,anirudh9280,2025-04-19,16:21:58,-07:00,2025-04-19T16:21:58-07:00,0,43
src/index.css,179,css,928790b7,anirudh428,2023-10-07,00:24:45,-07:00,2023-10-07T00:24:45-07:00,0,43
src/index.css,180,css,d7a0ed78,anirudh9280,2025-04-19,16:21:58,-07:00,2025-04-19T16:21:58-07:00,0,40
src/index.css,181,css,d7a0ed78,anirudh9280,2025-04-19,16:21:58,-07:00,2025-04-19T16:21:58-07:00,0,27
src/index.css,182,css,928790b7,anirudh428,2023-10-07,00:24:45,-07:00,2023-10-07T00:24:45-07:00,0,40
src/index.css,183,css,928790b7,anirudh428,2023-10-07,00:24:45,-07:00,2023-10-07T00:24:45-07:00,0,43
src/index.css,184,css,928790b7,anirudh428,2023-10-07,00:24:45,-07:00,2023-10-07T00:24:45-07:00,0,41
src/index.css,185,css,928790b7,anirudh428,2023-10-07,00:24:45,-07:00,2023-10-07T00:24:45-07:00,0,44
src/index.css,186,css,928790b7,anirudh428,2023-10-07,00:24:45,-07:00,2023-10-07T00:24:45-07:00,0,0
src/index.css,187,css,928790b7,anirudh428,2023-10-07,00:24:45,-07:00,2023-10-07T00:24:45-07:00,0,4
src/index.css,188,css,d7a0ed78,anirudh9280,2025-04-19,16:21:58,-07:00,2025-04-19T16:21:58-07:00,0,10
src/index.css,189,css,d7a0ed78,anirudh9280,2025-04-19,16:21:58,-07:00,2025-04-19T16:21:58-07:00,0,43
src/index.css,190,css,928790b7,anirudh428,2023-10-07,00:24:45,-07:00,2023-10-07T00:24:45-07:00,0,43
src/index.css,191,css,928790b7,anirudh428,2023-10-07,00:24:45,-07:00,2023-10-07T00:24:45-07:00,0,40
src/index.css,192,css,d7a0ed78,anirudh9280,2025-04-19,16:21:58,-07:00,2025-04-19T16:21:58-07:00,0,44
src/index.css,193,css,d7a0ed78,anirudh9280,2025-04-19,16:21:58,-07:00,2025-04-19T16:21:58-07:00,0,23
src/index.css,194,css,928790b7,anirudh428,2023-10-07,00:24:45,-07:00,2023-10-07T00:24:45-07:00,0,43
src/index.css,195,css,928790b7,anirudh428,2023-10-07,00:24:45,-07:00,2023-10-07T00:24:45-07:00,0,41
src/index.css,196,css,928790b7,anirudh428,2023-10-07,00:24:45,-07:00,2023-10-07T00:24:45-07:00,0,44
src/index.css,197,css,928790b7,anirudh428,2023-10-07,00:24:45,-07:00,2023-10-07T00:24:45-07:00,0,0
src/index.css,198,css,928790b7,anirudh428,2023-10-07,00:24:45,-07:00,2023-10-07T00:24:45-07:00,0,6
src/index.css,199,css,d7a0ed78,anirudh9280,2025-04-19,16:21:58,-07:00,2025-04-19T16:21:58-07:00,0,10
src/index.css,200,css,d7a0ed78,anirudh9280,2025-04-19,16:21:58,-07:00,2025-04-19T16:21:58-07:00,0,43
src/index.css,201,css,928790b7,anirudh428,2023-10-07,00:24:45,-07:00,2023-10-07T00:24:45-07:00,0,43
src/index.css,202,css,928790b7,anirudh428,2023-10-07,00:24:45,-07:00,2023-10-07T00:24:45-07:00,0,40
src/index.css,203,css,928790b7,anirudh428,2023-10-07,00:24:45,-07:00,2023-10-07T00:24:45-07:00,0,44
src/index.css,204,css,d7a0ed78,anirudh9280,2025-04-19,16:21:58,-07:00,2025-04-19T16:21:58-07:00,0,40
src/index.css,205,css,d7a0ed78,anirudh9280,2025-04-19,16:21:58,-07:00,2025-04-19T16:21:58-07:00,0,26
src/index.css,206,css,928790b7,anirudh428,2023-10-07,00:24:45,-07:00,2023-10-07T00:24:45-07:00,0,41
src/index.css,207,css,928790b7,anirudh428,2023-10-07,00:24:45,-07:00,2023-10-07T00:24:45-07:00,0,44
src/index.css,208,css,928790b7,anirudh428,2023-10-07,00:24:45,-07:00,2023-10-07T00:24:45-07:00,0,0
src/index.css,209,css,928790b7,anirudh428,2023-10-07,00:24:45,-07:00,2023-10-07T00:24:45-07:00,0,4
src/index.css,210,css,d7a0ed78,anirudh9280,2025-04-19,16:21:58,-07:00,2025-04-19T16:21:58-07:00,0,10
src/index.css,211,css,d7a0ed78,anirudh9280,2025-04-19,16:21:58,-07:00,2025-04-19T16:21:58-07:00,0,43
src/index.css,212,css,928790b7,anirudh428,2023-10-07,00:24:45,-07:00,2023-10-07T00:24:45-07:00,0,43
src/index.css,213,css,928790b7,anirudh428,2023-10-07,00:24:45,-07:00,2023-10-07T00:24:45-07:00,0,40
src/index.css,214,css,928790b7,anirudh428,2023-10-07,00:24:45,-07:00,2023-10-07T00:24:45-07:00,0,44
src/index.css,215,css,928790b7,anirudh428,2023-10-07,00:24:45,-07:00,2023-10-07T00:24:45-07:00,0,40
src/index.css,216,css,d7a0ed78,anirudh9280,2025-04-19,16:21:58,-07:00,2025-04-19T16:21:58-07:00,0,43
src/index.css,217,css,d7a0ed78,anirudh9280,2025-04-19,16:21:58,-07:00,2025-04-19T16:21:58-07:00,0,24
src/index.css,218,css,928790b7,anirudh428,2023-10-07,00:24:45,-07:00,2023-10-07T00:24:45-07:00,0,44
src/index.css,219,css,928790b7,anirudh428,2023-10-07,00:24:45,-07:00,2023-10-07T00:24:45-07:00,0,0
src/index.css,220,css,928790b7,anirudh428,2023-10-07,00:24:45,-07:00,2023-10-07T00:24:45-07:00,0,6
src/index.css,221,css,d7a0ed78,anirudh9280,2025-04-19,16:21:58,-07:00,2025-04-19T16:21:58-07:00,0,10
src/index.css,222,css,d7a0ed78,anirudh9280,2025-04-19,16:21:58,-07:00,2025-04-19T16:21:58-07:00,0,43
src/index.css,223,css,928790b7,anirudh428,2023-10-07,00:24:45,-07:00,2023-10-07T00:24:45-07:00,0,43
src/index.css,224,css,928790b7,anirudh428,2023-10-07,00:24:45,-07:00,2023-10-07T00:24:45-07:00,0,40
src/index.css,225,css,928790b7,anirudh428,2023-10-07,00:24:45,-07:00,2023-10-07T00:24:45-07:00,0,44
src/index.css,226,css,928790b7,anirudh428,2023-10-07,00:24:45,-07:00,2023-10-07T00:24:45-07:00,0,40
src/index.css,227,css,928790b7,anirudh428,2023-10-07,00:24:45,-07:00,2023-10-07T00:24:45-07:00,0,43
src/index.css,228,css,d7a0ed78,anirudh9280,2025-04-19,16:21:58,-07:00,2025-04-19T16:21:58-07:00,0,41
src/index.css,229,css,d7a0ed78,anirudh9280,2025-04-19,16:21:58,-07:00,2025-04-19T16:21:58-07:00,0,27
src/index.css,230,css,928790b7,anirudh428,2023-10-07,00:24:45,-07:00,2023-10-07T00:24:45-07:00,0,0
src/index.css,231,css,d7a0ed78,anirudh9280,2025-04-19,16:21:58,-07:00,2025-04-19T16:21:58-07:00,0,0
src/index.css,232,css,d7a0ed78,anirudh9280,2025-04-19,16:21:58,-07:00,2025-04-19T16:21:58-07:00,0,0
src/index.css,233,css,d7a0ed78,anirudh9280,2025-04-19,16:21:58,-07:00,2025-04-19T16:21:58-07:00,0,18
src/index.css,234,css,d7a0ed78,anirudh9280,2025-04-19,16:21:58,-07:00,2025-04-19T16:21:58-07:00,0,11
src/index.css,235,css,d7a0ed78,anirudh9280,2025-04-19,16:21:58,-07:00,2025-04-19T16:21:58-07:00,0,25
src/index.css,236,css,d7a0ed78,anirudh9280,2025-04-19,16:21:58,-07:00,2025-04-19T16:21:58-07:00,0,12
src/index.css,237,css,d7a0ed78,anirudh9280,2025-04-19,16:21:58,-07:00,2025-04-19T16:21:58-07:00,0,0
src/index.css,238,css,d7a0ed78,anirudh9280,2025-04-19,16:21:58,-07:00,2025-04-19T16:21:58-07:00,0,0
src/index.css,239,css,d7a0ed78,anirudh9280,2025-04-19,16:21:58,-07:00,2025-04-19T16:21:58-07:00,0,12
src/index.css,240,css,d7a0ed78,anirudh9280,2025-04-19,16:21:58,-07:00,2025-04-19T16:21:58-07:00,0,25
src/index.css,241,css,d7a0ed78,anirudh9280,2025-04-19,16:21:58,-07:00,2025-04-19T16:21:58-07:00,0,14
src/index.css,242,css,d7a0ed78,anirudh9280,2025-04-19,16:21:58,-07:00,2025-04-19T16:21:58-07:00,0,0
src/index.css,243,css,d7a0ed78,anirudh9280,2025-04-19,16:21:58,-07:00,2025-04-19T16:21:58-07:00,0,0
src/index.css,244,css,d7a0ed78,anirudh9280,2025-04-19,16:21:58,-07:00,2025-04-19T16:21:58-07:00,0,45
src/index.css,245,css,d7a0ed78,anirudh9280,2025-04-19,16:21:58,-07:00,2025-04-19T16:21:58-07:00,0,24
src/index.css,246,css,d7a0ed78,anirudh9280,2025-04-19,16:21:58,-07:00,2025-04-19T16:21:58-07:00,0,25
src/index.css,247,css,d7a0ed78,anirudh9280,2025-04-19,16:21:58,-07:00,2025-04-19T16:21:58-07:00,0,0
src/index.css,248,css,d7a0ed78,anirudh9280,2025-04-19,16:21:58,-07:00,2025-04-19T16:21:58-07:00,0,0
src/index.css,249,css,d7a0ed78,anirudh9280,2025-04-19,16:21:58,-07:00,2025-04-19T16:21:58-07:00,0,25
src/index.css,250,css,d7a0ed78,anirudh9280,2025-04-19,16:21:58,-07:00,2025-04-19T16:21:58-07:00,0,25
src/index.css,251,css,d7a0ed78,anirudh9280,2025-04-19,16:21:58,-07:00,2025-04-19T16:21:58-07:00,0,0
src/index.css,252,css,d7a0ed78,anirudh9280,2025-04-19,16:21:58,-07:00,2025-04-19T16:21:58-07:00,0,0
src/index.css,253,css,d7a0ed78,anirudh9280,2025-04-19,16:21:58,-07:00,2025-04-19T16:21:58-07:00,0,28
src/index.css,254,css,d7a0ed78,anirudh9280,2025-04-19,16:21:58,-07:00,2025-04-19T16:21:58-07:00,0,19
src/index.css,255,css,d7a0ed78,anirudh9280,2025-04-19,16:21:58,-07:00,2025-04-19T16:21:58-07:00,0,0
src/index.css,256,css,d7a0ed78,anirudh9280,2025-04-19,16:21:58,-07:00,2025-04-19T16:21:58-07:00,0,0
src/index.css,257,css,d7a0ed78,anirudh9280,2025-04-19,16:21:58,-07:00,2025-04-19T16:21:58-07:00,0,33
src/index.css,258,css,d7a0ed78,anirudh9280,2025-04-19,16:21:58,-07:00,2025-04-19T16:21:58-07:00,0,66
src/index.css,259,css,d7a0ed78,anirudh9280,2025-04-19,16:21:58,-07:00,2025-04-19T16:21:58-07:00,0,0
src/index.css,260,css,d7a0ed78,anirudh9280,2025-04-19,16:21:58,-07:00,2025-04-19T16:21:58-07:00,0,0
src/index.css,261,css,d7a0ed78,anirudh9280,2025-04-19,16:21:58,-07:00,2025-04-19T16:21:58-07:00,0,39
src/index.css,262,css,d7a0ed78,anirudh9280,2025-04-19,16:21:58,-07:00,2025-04-19T16:21:58-07:00,0,25
src/index.css,263,css,d7a0ed78,anirudh9280,2025-04-19,16:21:58,-07:00,2025-04-19T16:21:58-07:00,0,29
src/index.css,264,css,d7a0ed78,anirudh9280,2025-04-19,16:21:58,-07:00,2025-04-19T16:21:58-07:00,0,25
src/index.css,265,css,d7a0ed78,anirudh9280,2025-04-19,16:21:58,-07:00,2025-04-19T16:21:58-07:00,0,0
src/index.css,266,css,d7a0ed78,anirudh9280,2025-04-19,16:21:58,-07:00,2025-04-19T16:21:58-07:00,0,0
src/index.css,267,css,d7a0ed78,anirudh9280,2025-04-19,16:21:58,-07:00,2025-04-19T16:21:58-07:00,0,25
src/index.css,268,css,d7a0ed78,anirudh9280,2025-04-19,16:21:58,-07:00,2025-04-19T16:21:58-07:00,0,25
src/index.css,269,css,d7a0ed78,anirudh9280,2025-04-19,16:21:58,-07:00,2025-04-19T16:21:58-07:00,0,12
src/index.css,270,css,d7a0ed78,anirudh9280,2025-04-19,16:21:58,-07:00,2025-04-19T16:21:58-07:00,0,0
src/index.css,271,css,d7a0ed78,anirudh9280,2025-04-19,16:21:58,-07:00,2025-04-19T16:21:58-07:00,0,0
src/index.css,272,css,d7a0ed78,anirudh9280,2025-04-19,16:21:58,-07:00,2025-04-19T16:21:58-07:00,0,28
src/index.css,273,css,d7a0ed78,anirudh9280,2025-04-19,16:21:58,-07:00,2025-04-19T16:21:58-07:00,0,25
src/index.css,274,css,d7a0ed78,anirudh9280,2025-04-19,16:21:58,-07:00,2025-04-19T16:21:58-07:00,0,0
src/index.css,275,css,d7a0ed78,anirudh9280,2025-04-19,16:21:58,-07:00,2025-04-19T16:21:58-07:00,0,0
src/index.css,276,css,d7a0ed78,anirudh9280,2025-04-19,16:21:58,-07:00,2025-04-19T16:21:58-07:00,0,41
src/index.css,277,css,d7a0ed78,anirudh9280,2025-04-19,16:21:58,-07:00,2025-04-19T16:21:58-07:00,0,47
src/index.css,278,css,d7a0ed78,anirudh9280,2025-04-19,16:21:58,-07:00,2025-04-19T16:21:58-07:00,0,25
src/index.css,279,css,d7a0ed78,anirudh9280,2025-04-19,16:21:58,-07:00,2025-04-19T16:21:58-07:00,0,25
src/index.css,280,css,d7a0ed78,anirudh9280,2025-04-19,16:21:58,-07:00,2025-04-19T16:21:58-07:00,0,41
src/index.css,281,css,d7a0ed78,anirudh9280,2025-04-19,16:21:58,-07:00,2025-04-19T16:21:58-07:00,0,0
src/index.css,282,css,d7a0ed78,anirudh9280,2025-04-19,16:21:58,-07:00,2025-04-19T16:21:58-07:00,0,0
src/index.css,283,css,d7a0ed78,anirudh9280,2025-04-19,16:21:58,-07:00,2025-04-19T16:21:58-07:00,0,44
src/index.css,284,css,d7a0ed78,anirudh9280,2025-04-19,16:21:58,-07:00,2025-04-19T16:21:58-07:00,0,10
src/index.css,285,css,d7a0ed78,anirudh9280,2025-04-19,16:21:58,-07:00,2025-04-19T16:21:58-07:00,0,17
src/index.css,286,css,d7a0ed78,anirudh9280,2025-04-19,16:21:58,-07:00,2025-04-19T16:21:58-07:00,0,33
src/index.css,287,css,d7a0ed78,anirudh9280,2025-04-19,16:21:58,-07:00,2025-04-19T16:21:58-07:00,0,31
src/index.css,288,css,d7a0ed78,anirudh9280,2025-04-19,16:21:58,-07:00,2025-04-19T16:21:58-07:00,0,0
src/index.css,289,css,d7a0ed78,anirudh9280,2025-04-19,16:21:58,-07:00,2025-04-19T16:21:58-07:00,0,0
src/index.css,290,css,d7a0ed78,anirudh9280,2025-04-19,16:21:58,-07:00,2025-04-19T16:21:58-07:00,0,39
src/index.css,291,css,d7a0ed78,anirudh9280,2025-04-19,16:21:58,-07:00,2025-04-19T16:21:58-07:00,0,26
src/index.css,292,css,d7a0ed78,anirudh9280,2025-04-19,16:21:58,-07:00,2025-04-19T16:21:58-07:00,0,25
src/index.css,293,css,d7a0ed78,anirudh9280,2025-04-19,16:21:58,-07:00,2025-04-19T16:21:58-07:00,0,25
src/index.css,294,css,d7a0ed78,anirudh9280,2025-04-19,16:21:58,-07:00,2025-04-19T16:21:58-07:00,0,48
src/index.css,295,css,d7a0ed78,anirudh9280,2025-04-19,16:21:58,-07:00,2025-04-19T16:21:58-07:00,0,0
src/index.css,296,css,d7a0ed78,anirudh9280,2025-04-19,16:21:58,-07:00,2025-04-19T16:21:58-07:00,0,0
src/index.css,297,css,d7a0ed78,anirudh9280,2025-04-19,16:21:58,-07:00,2025-04-19T16:21:58-07:00,0,28
src/index.css,298,css,d7a0ed78,anirudh9280,2025-04-19,16:21:58,-07:00,2025-04-19T16:21:58-07:00,0,25
src/index.css,299,css,d7a0ed78,anirudh9280,2025-04-19,16:21:58,-07:00,2025-04-19T16:21:58-07:00,0,0
src/index.css,300,css,d7a0ed78,anirudh9280,2025-04-19,16:21:58,-07:00,2025-04-19T16:21:58-07:00,0,0
src/index.css,301,css,d7a0ed78,anirudh9280,2025-04-19,16:21:58,-07:00,2025-04-19T16:21:58-07:00,0,42
src/index.css,302,css,d7a0ed78,anirudh9280,2025-04-19,16:21:58,-07:00,2025-04-19T16:21:58-07:00,0,37
src/index.css,303,css,d7a0ed78,anirudh9280,2025-04-19,16:21:58,-07:00,2025-04-19T16:21:58-07:00,0,25
src/index.css,304,css,d7a0ed78,anirudh9280,2025-04-19,16:21:58,-07:00,2025-04-19T16:21:58-07:00,0,25
src/index.css,305,css,d7a0ed78,anirudh9280,2025-04-19,16:21:58,-07:00,2025-04-19T16:21:58-07:00,0,48
src/index.css,306,css,d7a0ed78,anirudh9280,2025-04-19,16:21:58,-07:00,2025-04-19T16:21:58-07:00,0,0
src/index.css,307,css,d7a0ed78,anirudh9280,2025-04-19,16:21:58,-07:00,2025-04-19T16:21:58-07:00,0,0
src/index.css,308,css,d7a0ed78,anirudh9280,2025-04-19,16:21:58,-07:00,2025-04-19T16:21:58-07:00,0,23
src/index.css,309,css,d7a0ed78,anirudh9280,2025-04-19,16:21:58,-07:00,2025-04-19T16:21:58-07:00,0,27
src/index.css,310,css,d7a0ed78,anirudh9280,2025-04-19,16:21:58,-07:00,2025-04-19T16:21:58-07:00,0,25
src/index.css,311,css,d7a0ed78,anirudh9280,2025-04-19,16:21:58,-07:00,2025-04-19T16:21:58-07:00,0,14
src/index.css,312,css,d7a0ed78,anirudh9280,2025-04-19,16:21:58,-07:00,2025-04-19T16:21:58-07:00,0,25
src/index.css,313,css,d7a0ed78,anirudh9280,2025-04-19,16:21:58,-07:00,2025-04-19T16:21:58-07:00,0,0
src/index.css,314,css,d7a0ed78,anirudh9280,2025-04-19,16:21:58,-07:00,2025-04-19T16:21:58-07:00,0,0
src/index.css,315,css,d7a0ed78,anirudh9280,2025-04-19,16:21:58,-07:00,2025-04-19T16:21:58-07:00,0,36
src/index.css,316,css,d7a0ed78,anirudh9280,2025-04-19,16:21:58,-07:00,2025-04-19T16:21:58-07:00,0,40
src/index.css,317,css,d7a0ed78,anirudh9280,2025-04-19,16:21:58,-07:00,2025-04-19T16:21:58-07:00,0,14
src/index.css,318,css,d7a0ed78,anirudh9280,2025-04-19,16:21:58,-07:00,2025-04-19T16:21:58-07:00,0,0
src/index.css,319,css,d7a0ed78,anirudh9280,2025-04-19,16:21:58,-07:00,2025-04-19T16:21:58-07:00,0,0
src/index.css,320,css,d7a0ed78,anirudh9280,2025-04-19,16:21:58,-07:00,2025-04-19T16:21:58-07:00,0,56
src/index.css,321,css,d7a0ed78,anirudh9280,2025-04-19,16:21:58,-07:00,2025-04-19T16:21:58-07:00,0,31
src/index.css,322,css,d7a0ed78,anirudh9280,2025-04-19,16:21:58,-07:00,2025-04-19T16:21:58-07:00,0,32
src/index.css,323,css,d7a0ed78,anirudh9280,2025-04-19,16:21:58,-07:00,2025-04-19T16:21:58-07:00,0,31
src/index.css,324,css,d7a0ed78,anirudh9280,2025-04-19,16:21:58,-07:00,2025-04-19T16:21:58-07:00,0,34
src/index.css,325,css,d7a0ed78,anirudh9280,2025-04-19,16:21:58,-07:00,2025-04-19T16:21:58-07:00,0,19
src/index.css,326,css,d7a0ed78,anirudh9280,2025-04-19,16:21:58,-07:00,2025-04-19T16:21:58-07:00,0,32
src/index.css,327,css,d7a0ed78,anirudh9280,2025-04-19,16:21:58,-07:00,2025-04-19T16:21:58-07:00,0,32
src/index.css,328,css,d7a0ed78,anirudh9280,2025-04-19,16:21:58,-07:00,2025-04-19T16:21:58-07:00,0,0
src/index.css,329,css,d7a0ed78,anirudh9280,2025-04-19,16:21:58,-07:00,2025-04-19T16:21:58-07:00,0,0
src/index.css,330,css,d7a0ed78,anirudh9280,2025-04-19,16:21:58,-07:00,2025-04-19T16:21:58-07:00,0,32
src/index.css,331,css,d7a0ed78,anirudh9280,2025-04-19,16:21:58,-07:00,2025-04-19T16:21:58-07:00,0,14
src/index.css,332,css,d7a0ed78,anirudh9280,2025-04-19,16:21:58,-07:00,2025-04-19T16:21:58-07:00,0,0
src/index.css,333,css,d7a0ed78,anirudh9280,2025-04-19,16:21:58,-07:00,2025-04-19T16:21:58-07:00,0,0
src/index.css,334,css,d7a0ed78,anirudh9280,2025-04-19,16:21:58,-07:00,2025-04-19T16:21:58-07:00,0,33
src/index.css,335,css,d7a0ed78,anirudh9280,2025-04-19,16:21:58,-07:00,2025-04-19T16:21:58-07:00,0,14
src/index.css,336,css,d7a0ed78,anirudh9280,2025-04-19,16:21:58,-07:00,2025-04-19T16:21:58-07:00,0,0
src/index.css,337,css,d7a0ed78,anirudh9280,2025-04-19,16:21:58,-07:00,2025-04-19T16:21:58-07:00,0,0
src/index.css,338,css,d7a0ed78,anirudh9280,2025-04-19,16:21:58,-07:00,2025-04-19T16:21:58-07:00,0,32
src/index.css,339,css,d7a0ed78,anirudh9280,2025-04-19,16:21:58,-07:00,2025-04-19T16:21:58-07:00,0,14
src/index.css,340,css,d7a0ed78,anirudh9280,2025-04-19,16:21:58,-07:00,2025-04-19T16:21:58-07:00,0,0
src/index.css,341,css,d7a0ed78,anirudh9280,2025-04-19,16:21:58,-07:00,2025-04-19T16:21:58-07:00,0,0
src/index.css,342,css,d7a0ed78,anirudh9280,2025-04-19,16:21:58,-07:00,2025-04-19T16:21:58-07:00,0,34
src/index.css,343,css,d7a0ed78,anirudh9280,2025-04-19,16:21:58,-07:00,2025-04-19T16:21:58-07:00,0,14
src/index.css,344,css,d7a0ed78,anirudh9280,2025-04-19,16:21:58,-07:00,2025-04-19T16:21:58-07:00,0,0
src/index.css,345,css,d7a0ed78,anirudh9280,2025-04-19,16:21:58,-07:00,2025-04-19T16:21:58-07:00,0,0
src/index.css,346,css,d7a0ed78,anirudh9280,2025-04-19,16:21:58,-07:00,2025-04-19T16:21:58-07:00,0,31
src/index.css,347,css,d7a0ed78,anirudh9280,2025-04-19,16:21:58,-07:00,2025-04-19T16:21:58-07:00,0,28
src/index.css,348,css,d7a0ed78,anirudh9280,2025-04-19,16:21:58,-07:00,2025-04-19T16:21:58-07:00,0,14
src/index.css,349,css,d7a0ed78,anirudh9280,2025-04-19,16:21:58,-07:00,2025-04-19T16:21:58-07:00,0,0
src/index.css,350,css,d7a0ed78,anirudh9280,2025-04-19,16:21:58,-07:00,2025-04-19T16:21:58-07:00,0,0
src/index.css,351,css,d7a0ed78,anirudh9280,2025-04-19,16:21:58,-07:00,2025-04-19T16:21:58-07:00,0,24
src/index.css,352,css,d7a0ed78,anirudh9280,2025-04-19,16:21:58,-07:00,2025-04-19T16:21:58-07:00,0,14
src/index.css,353,css,d7a0ed78,anirudh9280,2025-04-19,16:21:58,-07:00,2025-04-19T16:21:58-07:00,0,0
src/index.css,354,css,d7a0ed78,anirudh9280,2025-04-19,16:21:58,-07:00,2025-04-19T16:21:58-07:00,0,0
src/index.css,355,css,d7a0ed78,anirudh9280,2025-04-19,16:21:58,-07:00,2025-04-19T16:21:58-07:00,0,31
src/index.css,356,css,d7a0ed78,anirudh9280,2025-04-19,16:21:58,-07:00,2025-04-19T16:21:58-07:00,0,28
src/index.css,357,css,d7a0ed78,anirudh9280,2025-04-19,16:21:58,-07:00,2025-04-19T16:21:58-07:00,0,19
src/index.css,358,css,d7a0ed78,anirudh9280,2025-04-19,16:21:58,-07:00,2025-04-19T16:21:58-07:00,0,48
src/index.css,359,css,d7a0ed78,anirudh9280,2025-04-19,16:21:58,-07:00,2025-04-19T16:21:58-07:00,0,0
src/index.css,360,css,d7a0ed78,anirudh9280,2025-04-19,16:21:58,-07:00,2025-04-19T16:21:58-07:00,0,0
src/index.css,361,css,d7a0ed78,anirudh9280,2025-04-19,16:21:58,-07:00,2025-04-19T16:21:58-07:00,0,25
src/index.css,362,css,d7a0ed78,anirudh9280,2025-04-19,16:21:58,-07:00,2025-04-19T16:21:58-07:00,0,17
src/index.css,363,css,d7a0ed78,anirudh9280,2025-04-19,16:21:58,-07:00,2025-04-19T16:21:58-07:00,0,26
src/index.css,364,css,d7a0ed78,anirudh9280,2025-04-19,16:21:58,-07:00,2025-04-19T16:21:58-07:00,0,0
src/index.css,365,css,d7a0ed78,anirudh9280,2025-04-19,16:21:58,-07:00,2025-04-19T16:21:58-07:00,0,0
src/index.css,366,css,d7a0ed78,anirudh9280,2025-04-19,16:21:58,-07:00,2025-04-19T16:21:58-07:00,0,25
src/index.css,367,css,d7a0ed78,anirudh9280,2025-04-19,16:21:58,-07:00,2025-04-19T16:21:58-07:00,0,27
src/index.css,368,css,d7a0ed78,anirudh9280,2025-04-19,16:21:58,-07:00,2025-04-19T16:21:58-07:00,0,21
src/index.css,369,css,d7a0ed78,anirudh9280,2025-04-19,16:21:58,-07:00,2025-04-19T16:21:58-07:00,0,0
src/index.css,370,css,d7a0ed78,anirudh9280,2025-04-19,16:21:58,-07:00,2025-04-19T16:21:58-07:00,0,0
src/index.css,371,css,d7a0ed78,anirudh9280,2025-04-19,16:21:58,-07:00,2025-04-19T16:21:58-07:00,0,14
src/index.css,372,css,d7a0ed78,anirudh9280,2025-04-19,16:21:58,-07:00,2025-04-19T16:21:58-07:00,0,33
src/index.css,373,css,d7a0ed78,anirudh9280,2025-04-19,16:21:58,-07:00,2025-04-19T16:21:58-07:00,0,0
src/index.css,374,css,d7a0ed78,anirudh9280,2025-04-19,16:21:58,-07:00,2025-04-19T16:21:58-07:00,0,0
src/index.css,375,css,d7a0ed78,anirudh9280,2025-04-19,16:21:58,-07:00,2025-04-19T16:21:58-07:00,0,41
src/index.css,376,css,d7a0ed78,anirudh9280,2025-04-19,16:21:58,-07:00,2025-04-19T16:21:58-07:00,0,25
src/index.css,377,css,d7a0ed78,anirudh9280,2025-04-19,16:21:58,-07:00,2025-04-19T16:21:58-07:00,0,0
src/index.css,378,css,d7a0ed78,anirudh9280,2025-04-19,16:21:58,-07:00,2025-04-19T16:21:58-07:00,0,0
src/index.css,379,css,d7a0ed78,anirudh9280,2025-04-19,16:21:58,-07:00,2025-04-19T16:21:58-07:00,0,39
src/index.css,380,css,d7a0ed78,anirudh9280,2025-04-19,16:21:58,-07:00,2025-04-19T16:21:58-07:00,0,11
src/index.css,381,css,d7a0ed78,anirudh9280,2025-04-19,16:21:58,-07:00,2025-04-19T16:21:58-07:00,0,0
src/index.css,382,css,d7a0ed78,anirudh9280,2025-04-19,16:21:58,-07:00,2025-04-19T16:21:58-07:00,0,0
src/index.css,383,css,d7a0ed78,anirudh9280,2025-04-19,16:21:58,-07:00,2025-04-19T16:21:58-07:00,0,25
src/index.css,384,css,d7a0ed78,anirudh9280,2025-04-19,16:21:58,-07:00,2025-04-19T16:21:58-07:00,0,17
src/index.css,385,css,d7a0ed78,anirudh9280,2025-04-19,16:21:58,-07:00,2025-04-19T16:21:58-07:00,0,18
src/index.css,386,css,d7a0ed78,anirudh9280,2025-04-19,16:21:58,-07:00,2025-04-19T16:21:58-07:00,0,11
src/index.css,387,css,d7a0ed78,anirudh9280,2025-04-19,16:21:58,-07:00,2025-04-19T16:21:58-07:00,0,12
src/index.css,388,css,d7a0ed78,anirudh9280,2025-04-19,16:21:58,-07:00,2025-04-19T16:21:58-07:00,0,17
src/index.css,389,css,d7a0ed78,anirudh9280,2025-04-19,16:21:58,-07:00,2025-04-19T16:21:58-07:00,0,0
src/index.css,390,css,d7a0ed78,anirudh9280,2025-04-19,16:21:58,-07:00,2025-04-19T16:21:58-07:00,0,0
src/index.css,391,css,d7a0ed78,anirudh9280,2025-04-19,16:21:58,-07:00,2025-04-19T16:21:58-07:00,0,24
src/index.css,392,css,d7a0ed78,anirudh9280,2025-04-19,16:21:58,-07:00,2025-04-19T16:21:58-07:00,0,22
src/index.css,393,css,d7a0ed78,anirudh9280,2025-04-19,16:21:58,-07:00,2025-04-19T16:21:58-07:00,0,23
src/index.css,394,css,d7a0ed78,anirudh9280,2025-04-19,16:21:58,-07:00,2025-04-19T16:21:58-07:00,0,13
src/index.css,395,css,d7a0ed78,anirudh9280,2025-04-19,16:21:58,-07:00,2025-04-19T16:21:58-07:00,0,0
src/index.css,396,css,d7a0ed78,anirudh9280,2025-04-19,16:21:58,-07:00,2025-04-19T16:21:58-07:00,0,0
src/index.css,397,css,d7a0ed78,anirudh9280,2025-04-19,16:21:58,-07:00,2025-04-19T16:21:58-07:00,0,52
src/index.css,398,css,d7a0ed78,anirudh9280,2025-04-19,16:21:58,-07:00,2025-04-19T16:21:58-07:00,0,19
src/index.css,399,css,d7a0ed78,anirudh9280,2025-04-19,16:21:58,-07:00,2025-04-19T16:21:58-07:00,0,40
src/index.css,400,css,d7a0ed78,anirudh9280,2025-04-19,16:21:58,-07:00,2025-04-19T16:21:58-07:00,0,0
src/index.css,401,css,d7a0ed78,anirudh9280,2025-04-19,16:21:58,-07:00,2025-04-19T16:21:58-07:00,0,0
src/index.css,402,css,d7a0ed78,anirudh9280,2025-04-19,16:21:58,-07:00,2025-04-19T16:21:58-07:00,0,29
src/index.css,403,css,d7a0ed78,anirudh9280,2025-04-19,16:21:58,-07:00,2025-04-19T16:21:58-07:00,0,56
src/index.css,404,css,d7a0ed78,anirudh9280,2025-04-19,16:21:58,-07:00,2025-04-19T16:21:58-07:00,0,0
src/index.css,405,css,d7a0ed78,anirudh9280,2025-04-19,16:21:58,-07:00,2025-04-19T16:21:58-07:00,0,0
src/index.css,406,css,d7a0ed78,anirudh9280,2025-04-19,16:21:58,-07:00,2025-04-19T16:21:58-07:00,0,38
src/index.css,407,css,d7a0ed78,anirudh9280,2025-04-19,16:21:58,-07:00,2025-04-19T16:21:58-07:00,0,17
src/index.css,408,css,d7a0ed78,anirudh9280,2025-04-19,16:21:58,-07:00,2025-04-19T16:21:58-07:00,0,21
src/index.css,409,css,d7a0ed78,anirudh9280,2025-04-19,16:21:58,-07:00,2025-04-19T16:21:58-07:00,0,19
src/index.css,410,css,d7a0ed78,anirudh9280,2025-04-19,16:21:58,-07:00,2025-04-19T16:21:58-07:00,0,0
src/index.css,411,css,d7a0ed78,anirudh9280,2025-04-19,16:21:58,-07:00,2025-04-19T16:21:58-07:00,0,0
src/index.css,412,css,d7a0ed78,anirudh9280,2025-04-19,16:21:58,-07:00,2025-04-19T16:21:58-07:00,0,36
src/index.css,413,css,d7a0ed78,anirudh9280,2025-04-19,16:21:58,-07:00,2025-04-19T16:21:58-07:00,0,26
src/index.css,414,css,d7a0ed78,anirudh9280,2025-04-19,16:21:58,-07:00,2025-04-19T16:21:58-07:00,0,25
src/index.css,415,css,d7a0ed78,anirudh9280,2025-04-19,16:21:58,-07:00,2025-04-19T16:21:58-07:00,0,25
src/index.css,416,css,d7a0ed78,anirudh9280,2025-04-19,16:21:58,-07:00,2025-04-19T16:21:58-07:00,0,42
src/index.css,417,css,d7a0ed78,anirudh9280,2025-04-19,16:21:58,-07:00,2025-04-19T16:21:58-07:00,0,11
src/index.css,418,css,d7a0ed78,anirudh9280,2025-04-19,16:21:58,-07:00,2025-04-19T16:21:58-07:00,0,18
src/index.css,419,css,d7a0ed78,anirudh9280,2025-04-19,16:21:58,-07:00,2025-04-19T16:21:58-07:00,0,0
src/index.css,420,css,d7a0ed78,anirudh9280,2025-04-19,16:21:58,-07:00,2025-04-19T16:21:58-07:00,0,0
src/index.css,421,css,d7a0ed78,anirudh9280,2025-04-19,16:21:58,-07:00,2025-04-19T16:21:58-07:00,0,25
src/index.css,422,css,d7a0ed78,anirudh9280,2025-04-19,16:21:58,-07:00,2025-04-19T16:21:58-07:00,0,25
src/index.css,423,css,d7a0ed78,anirudh9280,2025-04-19,16:21:58,-07:00,2025-04-19T16:21:58-07:00,0,25
src/index.css,424,css,d7a0ed78,anirudh9280,2025-04-19,16:21:58,-07:00,2025-04-19T16:21:58-07:00,0,42
src/index.css,425,css,d7a0ed78,anirudh9280,2025-04-19,16:21:58,-07:00,2025-04-19T16:21:58-07:00,0,11
src/index.css,426,css,d7a0ed78,anirudh9280,2025-04-19,16:21:58,-07:00,2025-04-19T16:21:58-07:00,0,18
src/index.css,427,css,d7a0ed78,anirudh9280,2025-04-19,16:21:58,-07:00,2025-04-19T16:21:58-07:00,0,0
src/index.css,428,css,d7a0ed78,anirudh9280,2025-04-19,16:21:58,-07:00,2025-04-19T16:21:58-07:00,0,0
src/index.css,429,css,d7a0ed78,anirudh9280,2025-04-19,16:21:58,-07:00,2025-04-19T16:21:58-07:00,0,31
src/index.css,430,css,d7a0ed78,anirudh9280,2025-04-19,16:21:58,-07:00,2025-04-19T16:21:58-07:00,0,42
src/index.css,431,css,d7a0ed78,anirudh9280,2025-04-19,16:21:58,-07:00,2025-04-19T16:21:58-07:00,0,29
src/index.css,432,css,d7a0ed78,anirudh9280,2025-04-19,16:21:58,-07:00,2025-04-19T16:21:58-07:00,0,35
src/index.css,433,css,d7a0ed78,anirudh9280,2025-04-19,16:21:58,-07:00,2025-04-19T16:21:58-07:00,0,27
src/index.css,434,css,d7a0ed78,anirudh9280,2025-04-19,16:21:58,-07:00,2025-04-19T16:21:58-07:00,0,21
src/index.css,435,css,d7a0ed78,anirudh9280,2025-04-19,16:21:58,-07:00,2025-04-19T16:21:58-07:00,0,0
src/utils/motion.js,1,js,928790b7,anirudh428,2023-10-07,00:24:45,-07:00,2023-10-07T00:24:45-07:00,0,38
src/utils/motion.js,2,js,928790b7,anirudh428,2023-10-07,00:24:45,-07:00,2023-10-07T00:24:45-07:00,0,7
src/utils/motion.js,3,js,928790b7,anirudh428,2023-10-07,00:24:45,-07:00,2023-10-07T00:24:45-07:00,0,8
src/utils/motion.js,4,js,928790b7,anirudh428,2023-10-07,00:24:45,-07:00,2023-10-07T00:24:45-07:00,0,6
src/utils/motion.js,5,js,928790b7,anirudh428,2023-10-07,00:24:45,-07:00,2023-10-07T00:24:45-07:00,0,10
src/utils/motion.js,6,js,928790b7,anirudh428,2023-10-07,00:24:45,-07:00,2023-10-07T00:24:45-07:00,0,1
src/utils/motion.js,7,js,928790b7,anirudh428,2023-10-07,00:24:45,-07:00,2023-10-07T00:24:45-07:00,0,6
src/utils/motion.js,8,js,928790b7,anirudh428,2023-10-07,00:24:45,-07:00,2023-10-07T00:24:45-07:00,0,4
src/utils/motion.js,9,js,928790b7,anirudh428,2023-10-07,00:24:45,-07:00,2023-10-07T00:24:45-07:00,0,10
src/utils/motion.js,10,js,928790b7,anirudh428,2023-10-07,00:24:45,-07:00,2023-10-07T00:24:45-07:00,0,12
src/utils/motion.js,11,js,928790b7,anirudh428,2023-10-07,00:24:45,-07:00,2023-10-07T00:24:45-07:00,0,14
src/utils/motion.js,12,js,928790b7,anirudh428,2023-10-07,00:24:45,-07:00,2023-10-07T00:24:45-07:00,0,14
src/utils/motion.js,13,js,928790b7,anirudh428,2023-10-07,00:24:45,-07:00,2023-10-07T00:24:45-07:00,0,12
src/utils/motion.js,14,js,928790b7,anirudh428,2023-10-07,00:24:45,-07:00,2023-10-07T00:24:45-07:00,0,1
src/utils/motion.js,15,js,928790b7,anirudh428,2023-10-07,00:24:45,-07:00,2023-10-07T00:24:45-07:00,0,1
src/utils/motion.js,16,js,928790b7,anirudh428,2023-10-07,00:24:45,-07:00,2023-10-07T00:24:45-07:00,0,1
src/utils/motion.js,17,js,928790b7,anirudh428,2023-10-07,00:24:45,-07:00,2023-10-07T00:24:45-07:00,0,1
src/utils/motion.js,18,js,928790b7,anirudh428,2023-10-07,00:24:45,-07:00,2023-10-07T00:24:45-07:00,0,0
src/utils/motion.js,19,js,928790b7,anirudh428,2023-10-07,00:24:45,-07:00,2023-10-07T00:24:45-07:00,0,60
src/utils/motion.js,20,js,928790b7,anirudh428,2023-10-07,00:24:45,-07:00,2023-10-07T00:24:45-07:00,0,7
src/utils/motion.js,21,js,928790b7,anirudh428,2023-10-07,00:24:45,-07:00,2023-10-07T00:24:45-07:00,0,8
src/utils/motion.js,22,js,928790b7,anirudh428,2023-10-07,00:24:45,-07:00,2023-10-07T00:24:45-07:00,0,64
src/utils/motion.js,23,js,928790b7,anirudh428,2023-10-07,00:24:45,-07:00,2023-10-07T00:24:45-07:00,0,61
src/utils/motion.js,24,js,928790b7,anirudh428,2023-10-07,00:24:45,-07:00,2023-10-07T00:24:45-07:00,0,10
src/utils/motion.js,25,js,928790b7,anirudh428,2023-10-07,00:24:45,-07:00,2023-10-07T00:24:45-07:00,0,1
src/utils/motion.js,26,js,928790b7,anirudh428,2023-10-07,00:24:45,-07:00,2023-10-07T00:24:45-07:00,0,6
src/utils/motion.js,27,js,928790b7,anirudh428,2023-10-07,00:24:45,-07:00,2023-10-07T00:24:45-07:00,0,4
src/utils/motion.js,28,js,928790b7,anirudh428,2023-10-07,00:24:45,-07:00,2023-10-07T00:24:45-07:00,0,4
src/utils/motion.js,29,js,928790b7,anirudh428,2023-10-07,00:24:45,-07:00,2023-10-07T00:24:45-07:00,0,10
src/utils/motion.js,30,js,928790b7,anirudh428,2023-10-07,00:24:45,-07:00,2023-10-07T00:24:45-07:00,0,12
src/utils/motion.js,31,js,928790b7,anirudh428,2023-10-07,00:24:45,-07:00,2023-10-07T00:24:45-07:00,0,10
src/utils/motion.js,32,js,928790b7,anirudh428,2023-10-07,00:24:45,-07:00,2023-10-07T00:24:45-07:00,0,12
src/utils/motion.js,33,js,928790b7,anirudh428,2023-10-07,00:24:45,-07:00,2023-10-07T00:24:45-07:00,0,18
src/utils/motion.js,34,js,928790b7,anirudh428,2023-10-07,00:24:45,-07:00,2023-10-07T00:24:45-07:00,0,15
src/utils/motion.js,35,js,928790b7,anirudh428,2023-10-07,00:24:45,-07:00,2023-10-07T00:24:45-07:00,0,1
src/utils/motion.js,36,js,928790b7,anirudh428,2023-10-07,00:24:45,-07:00,2023-10-07T00:24:45-07:00,0,1
src/utils/motion.js,37,js,928790b7,anirudh428,2023-10-07,00:24:45,-07:00,2023-10-07T00:24:45-07:00,0,1
src/utils/motion.js,38,js,928790b7,anirudh428,2023-10-07,00:24:45,-07:00,2023-10-07T00:24:45-07:00,0,1
src/utils/motion.js,39,js,928790b7,anirudh428,2023-10-07,00:24:45,-07:00,2023-10-07T00:24:45-07:00,0,0
src/utils/motion.js,40,js,928790b7,anirudh428,2023-10-07,00:24:45,-07:00,2023-10-07T00:24:45-07:00,0,43
src/utils/motion.js,41,js,928790b7,anirudh428,2023-10-07,00:24:45,-07:00,2023-10-07T00:24:45-07:00,0,7
src/utils/motion.js,42,js,928790b7,anirudh428,2023-10-07,00:24:45,-07:00,2023-10-07T00:24:45-07:00,0,8
src/utils/motion.js,43,js,928790b7,anirudh428,2023-10-07,00:24:45,-07:00,2023-10-07T00:24:45-07:00,0,8
src/utils/motion.js,44,js,928790b7,anirudh428,2023-10-07,00:24:45,-07:00,2023-10-07T00:24:45-07:00,0,10
src/utils/motion.js,45,js,928790b7,anirudh428,2023-10-07,00:24:45,-07:00,2023-10-07T00:24:45-07:00,0,1
src/utils/motion.js,46,js,928790b7,anirudh428,2023-10-07,00:24:45,-07:00,2023-10-07T00:24:45-07:00,0,6
src/utils/motion.js,47,js,928790b7,anirudh428,2023-10-07,00:24:45,-07:00,2023-10-07T00:24:45-07:00,0,8
src/utils/motion.js,48,js,928790b7,anirudh428,2023-10-07,00:24:45,-07:00,2023-10-07T00:24:45-07:00,0,10
src/utils/motion.js,49,js,928790b7,anirudh428,2023-10-07,00:24:45,-07:00,2023-10-07T00:24:45-07:00,0,12
src/utils/motion.js,50,js,928790b7,anirudh428,2023-10-07,00:24:45,-07:00,2023-10-07T00:24:45-07:00,0,13
src/utils/motion.js,51,js,928790b7,anirudh428,2023-10-07,00:24:45,-07:00,2023-10-07T00:24:45-07:00,0,12
src/utils/motion.js,52,js,928790b7,anirudh428,2023-10-07,00:24:45,-07:00,2023-10-07T00:24:45-07:00,0,18
src/utils/motion.js,53,js,928790b7,anirudh428,2023-10-07,00:24:45,-07:00,2023-10-07T00:24:45-07:00,0,15
src/utils/motion.js,54,js,928790b7,anirudh428,2023-10-07,00:24:45,-07:00,2023-10-07T00:24:45-07:00,0,1
src/utils/motion.js,55,js,928790b7,anirudh428,2023-10-07,00:24:45,-07:00,2023-10-07T00:24:45-07:00,0,1
src/utils/motion.js,56,js,928790b7,anirudh428,2023-10-07,00:24:45,-07:00,2023-10-07T00:24:45-07:00,0,1
src/utils/motion.js,57,js,928790b7,anirudh428,2023-10-07,00:24:45,-07:00,2023-10-07T00:24:45-07:00,0,1
src/utils/motion.js,58,js,928790b7,anirudh428,2023-10-07,00:24:45,-07:00,2023-10-07T00:24:45-07:00,0,0
src/utils/motion.js,59,js,928790b7,anirudh428,2023-10-07,00:24:45,-07:00,2023-10-07T00:24:45-07:00,0,61
src/utils/motion.js,60,js,928790b7,anirudh428,2023-10-07,00:24:45,-07:00,2023-10-07T00:24:45-07:00,0,7
src/utils/motion.js,61,js,928790b7,anirudh428,2023-10-07,00:24:45,-07:00,2023-10-07T00:24:45-07:00,0,8
src/utils/motion.js,62,js,928790b7,anirudh428,2023-10-07,00:24:45,-07:00,2023-10-07T00:24:45-07:00,0,70
src/utils/motion.js,63,js,928790b7,anirudh428,2023-10-07,00:24:45,-07:00,2023-10-07T00:24:45-07:00,0,66
src/utils/motion.js,64,js,928790b7,anirudh428,2023-10-07,00:24:45,-07:00,2023-10-07T00:24:45-07:00,0,1
src/utils/motion.js,65,js,928790b7,anirudh428,2023-10-07,00:24:45,-07:00,2023-10-07T00:24:45-07:00,0,6
src/utils/motion.js,66,js,928790b7,anirudh428,2023-10-07,00:24:45,-07:00,2023-10-07T00:24:45-07:00,0,4
src/utils/motion.js,67,js,928790b7,anirudh428,2023-10-07,00:24:45,-07:00,2023-10-07T00:24:45-07:00,0,4
src/utils/motion.js,68,js,928790b7,anirudh428,2023-10-07,00:24:45,-07:00,2023-10-07T00:24:45-07:00,0,12
src/utils/motion.js,69,js,928790b7,anirudh428,2023-10-07,00:24:45,-07:00,2023-10-07T00:24:45-07:00,0,10
src/utils/motion.js,70,js,928790b7,anirudh428,2023-10-07,00:24:45,-07:00,2023-10-07T00:24:45-07:00,0,12
src/utils/motion.js,71,js,928790b7,anirudh428,2023-10-07,00:24:45,-07:00,2023-10-07T00:24:45-07:00,0,18
src/utils/motion.js,72,js,928790b7,anirudh428,2023-10-07,00:24:45,-07:00,2023-10-07T00:24:45-07:00,0,15
src/utils/motion.js,73,js,928790b7,anirudh428,2023-10-07,00:24:45,-07:00,2023-10-07T00:24:45-07:00,0,1
src/utils/motion.js,74,js,928790b7,anirudh428,2023-10-07,00:24:45,-07:00,2023-10-07T00:24:45-07:00,0,1
src/utils/motion.js,75,js,928790b7,anirudh428,2023-10-07,00:24:45,-07:00,2023-10-07T00:24:45-07:00,0,1
src/utils/motion.js,76,js,928790b7,anirudh428,2023-10-07,00:24:45,-07:00,2023-10-07T00:24:45-07:00,0,1
src/utils/motion.js,77,js,928790b7,anirudh428,2023-10-07,00:24:45,-07:00,2023-10-07T00:24:45-07:00,0,0
src/utils/motion.js,78,js,928790b7,anirudh428,2023-10-07,00:24:45,-07:00,2023-10-07T00:24:45-07:00,0,68
src/utils/motion.js,79,js,928790b7,anirudh428,2023-10-07,00:24:45,-07:00,2023-10-07T00:24:45-07:00,0,7
src/utils/motion.js,80,js,928790b7,anirudh428,2023-10-07,00:24:45,-07:00,2023-10-07T00:24:45-07:00,0,10
src/utils/motion.js,81,js,928790b7,anirudh428,2023-10-07,00:24:45,-07:00,2023-10-07T00:24:45-07:00,0,6
src/utils/motion.js,82,js,928790b7,anirudh428,2023-10-07,00:24:45,-07:00,2023-10-07T00:24:45-07:00,0,12
src/utils/motion.js,83,js,928790b7,anirudh428,2023-10-07,00:24:45,-07:00,2023-10-07T00:24:45-07:00,0,32
src/utils/motion.js,84,js,928790b7,anirudh428,2023-10-07,00:24:45,-07:00,2023-10-07T00:24:45-07:00,0,33
src/utils/motion.js,85,js,928790b7,anirudh428,2023-10-07,00:24:45,-07:00,2023-10-07T00:24:45-07:00,0,1
src/utils/motion.js,86,js,928790b7,anirudh428,2023-10-07,00:24:45,-07:00,2023-10-07T00:24:45-07:00,0,1
src/utils/motion.js,87,js,928790b7,anirudh428,2023-10-07,00:24:45,-07:00,2023-10-07T00:24:45-07:00,0,1
src/utils/motion.js,88,js,928790b7,anirudh428,2023-10-07,00:24:45,-07:00,2023-10-07T00:24:45-07:00,0,1
src/hoc/index.js,1,js,928790b7,anirudh428,2023-10-07,00:24:45,-07:00,2023-10-07T00:24:45-07:00,0,44
src/hoc/index.js,2,js,928790b7,anirudh428,2023-10-07,00:24:45,-07:00,2023-10-07T00:24:45-07:00,0,22
src/constants/index.js,1,js,928790b7,anirudh428,2023-10-07,00:24:45,-07:00,2023-10-07T00:24:45-07:00,0,7
src/constants/index.js,2,js,d7a0ed78,anirudh9280,2025-04-19,16:21:58,-07:00,2025-04-19T16:21:58-07:00,0,3
src/constants/index.js,3,js,d7a0ed78,anirudh9280,2025-04-19,16:21:58,-07:00,2025-04-19T16:21:58-07:00,0,12
src/constants/index.js,4,js,d7a0ed78,anirudh9280,2025-04-19,16:21:58,-07:00,2025-04-19T16:21:58-07:00,0,11
src/constants/index.js,5,js,d7a0ed78,anirudh9280,2025-04-19,16:21:58,-07:00,2025-04-19T16:21:58-07:00,0,8
src/constants/index.js,6,js,d7a0ed78,anirudh9280,2025-04-19,16:21:58,-07:00,2025-04-19T16:21:58-07:00,0,3
src/constants/index.js,7,js,d7a0ed78,anirudh9280,2025-04-19,16:21:58,-07:00,2025-04-19T16:21:58-07:00,0,14
src/constants/index.js,8,js,d7a0ed78,anirudh9280,2025-04-19,16:21:58,-07:00,2025-04-19T16:21:58-07:00,0,3
src/constants/index.js,9,js,d7a0ed78,anirudh9280,2025-04-19,16:21:58,-07:00,2025-04-19T16:21:58-07:00,0,5
src/constants/index.js,10,js,d7a0ed78,anirudh9280,2025-04-19,16:21:58,-07:00,2025-04-19T16:21:58-07:00,0,5
src/constants/index.js,11,js,d7a0ed78,anirudh9280,2025-04-19,16:21:58,-07:00,2025-04-19T16:21:58-07:00,0,7
src/constants/index.js,12,js,d7a0ed78,anirudh9280,2025-04-19,16:21:58,-07:00,2025-04-19T16:21:58-07:00,0,7
src/constants/index.js,13,js,d7a0ed78,anirudh9280,2025-04-19,16:21:58,-07:00,2025-04-19T16:21:58-07:00,0,3
src/constants/index.js,14,js,d7a0ed78,anirudh9280,2025-04-19,16:21:58,-07:00,2025-04-19T16:21:58-07:00,0,10
src/constants/index.js,15,js,d7a0ed78,anirudh9280,2025-04-19,16:21:58,-07:00,2025-04-19T16:21:58-07:00,0,10
src/constants/index.js,16,js,d7a0ed78,anirudh9280,2025-04-19,16:21:58,-07:00,2025-04-19T16:21:58-07:00,0,4
src/constants/index.js,17,js,d7a0ed78,anirudh9280,2025-04-19,16:21:58,-07:00,2025-04-19T16:21:58-07:00,0,3
src/constants/index.js,18,js,d7a0ed78,anirudh9280,2025-04-19,16:21:58,-07:00,2025-04-19T16:21:58-07:00,0,7
src/constants/index.js,19,js,d7a0ed78,anirudh9280,2025-04-19,16:21:58,-07:00,2025-04-19T16:21:58-07:00,0,8
src/constants/index.js,20,js,d7a0ed78,anirudh9280,2025-04-19,16:21:58,-07:00,2025-04-19T16:21:58-07:00,0,6
src/constants/index.js,21,js,d7a0ed78,anirudh9280,2025-04-19,16:21:58,-07:00,2025-04-19T16:21:58-07:00,0,7
src/constants/index.js,22,js,d7a0ed78,anirudh9280,2025-04-19,16:21:58,-07:00,2025-04-19T16:21:58-07:00,0,3
src/constants/index.js,23,js,d7a0ed78,anirudh9280,2025-04-19,16:21:58,-07:00,2025-04-19T16:21:58-07:00,0,5
src/constants/index.js,24,js,d7a0ed78,anirudh9280,2025-04-19,16:21:58,-07:00,2025-04-19T16:21:58-07:00,0,6
src/constants/index.js,25,js,d7a0ed78,anirudh9280,2025-04-19,16:21:58,-07:00,2025-04-19T16:21:58-07:00,0,7
src/constants/index.js,26,js,d7a0ed78,anirudh9280,2025-04-19,16:21:58,-07:00,2025-04-19T16:21:58-07:00,0,9
src/constants/index.js,27,js,928790b7,anirudh428,2023-10-07,00:24:45,-07:00,2023-10-07T00:24:45-07:00,0,18
src/constants/index.js,28,js,928790b7,anirudh428,2023-10-07,00:24:45,-07:00,2023-10-07T00:24:45-07:00,0,0
src/constants/index.js,29,js,928790b7,anirudh428,2023-10-07,00:24:45,-07:00,2023-10-07T00:24:45-07:00,0,24
src/constants/index.js,30,js,d7a0ed78,anirudh9280,2025-04-19,16:21:58,-07:00,2025-04-19T16:21:58-07:00,0,0
src/constants/index.js,31,js,d7a0ed78,anirudh9280,2025-04-19,16:21:58,-07:00,2025-04-19T16:21:58-07:00,0,11
src/constants/index.js,32,js,d7a0ed78,anirudh9280,2025-04-19,16:21:58,-07:00,2025-04-19T16:21:58-07:00,0,14
src/constants/index.js,33,js,d7a0ed78,anirudh9280,2025-04-19,16:21:58,-07:00,2025-04-19T16:21:58-07:00,0,1
src/constants/index.js,34,js,d7a0ed78,anirudh9280,2025-04-19,16:21:58,-07:00,2025-04-19T16:21:58-07:00,0,0
src/constants/index.js,35,js,d7a0ed78,anirudh9280,2025-04-19,16:21:58,-07:00,2025-04-19T16:21:58-07:00,0,10
src/constants/index.js,36,js,d7a0ed78,anirudh9280,2025-04-19,16:21:58,-07:00,2025-04-19T16:21:58-07:00,0,13
src/constants/index.js,37,js,d7a0ed78,anirudh9280,2025-04-19,16:21:58,-07:00,2025-04-19T16:21:58-07:00,0,1
src/constants/index.js,38,js,d7a0ed78,anirudh9280,2025-04-19,16:21:58,-07:00,2025-04-19T16:21:58-07:00,0,0
src/constants/index.js,39,js,d7a0ed78,anirudh9280,2025-04-19,16:21:58,-07:00,2025-04-19T16:21:58-07:00,0,13
src/constants/index.js,40,js,d7a0ed78,anirudh9280,2025-04-19,16:21:58,-07:00,2025-04-19T16:21:58-07:00,0,16
src/constants/index.js,41,js,d7a0ed78,anirudh9280,2025-04-19,16:21:58,-07:00,2025-04-19T16:21:58-07:00,0,1
src/constants/index.js,42,js,928790b7,anirudh428,2023-10-07,00:24:45,-07:00,2023-10-07T00:24:45-07:00,0,1
src/constants/index.js,43,js,928790b7,anirudh428,2023-10-07,00:24:45,-07:00,2023-10-07T00:24:45-07:00,0,0
src/constants/index.js,44,js,928790b7,anirudh428,2023-10-07,00:24:45,-07:00,2023-10-07T00:24:45-07:00,0,17
src/constants/index.js,45,js,d7a0ed78,anirudh9280,2025-04-19,16:21:58,-07:00,2025-04-19T16:21:58-07:00,0,0
src/constants/index.js,46,js,d7a0ed78,anirudh9280,2025-04-19,16:21:58,-07:00,2025-04-19T16:21:58-07:00,0,23
src/constants/index.js,47,js,d7a0ed78,anirudh9280,2025-04-19,16:21:58,-07:00,2025-04-19T16:21:58-07:00,0,9
src/constants/index.js,48,js,d7a0ed78,anirudh9280,2025-04-19,16:21:58,-07:00,2025-04-19T16:21:58-07:00,0,1
src/constants/index.js,49,js,d7a0ed78,anirudh9280,2025-04-19,16:21:58,-07:00,2025-04-19T16:21:58-07:00,0,0
src/constants/index.js,50,js,d7a0ed78,anirudh9280,2025-04-19,16:21:58,-07:00,2025-04-19T16:21:58-07:00,0,20
src/constants/index.js,51,js,d7a0ed78,anirudh9280,2025-04-19,16:21:58,-07:00,2025-04-19T16:21:58-07:00,0,9
src/constants/index.js,52,js,d7a0ed78,anirudh9280,2025-04-19,16:21:58,-07:00,2025-04-19T16:21:58-07:00,0,1
src/constants/index.js,53,js,d7a0ed78,anirudh9280,2025-04-19,16:21:58,-07:00,2025-04-19T16:21:58-07:00,0,0
src/constants/index.js,54,js,d7a0ed78,anirudh9280,2025-04-19,16:21:58,-07:00,2025-04-19T16:21:58-07:00,0,29
src/constants/index.js,55,js,d7a0ed78,anirudh9280,2025-04-19,16:21:58,-07:00,2025-04-19T16:21:58-07:00,0,13
src/constants/index.js,56,js,d7a0ed78,anirudh9280,2025-04-19,16:21:58,-07:00,2025-04-19T16:21:58-07:00,0,1
src/constants/index.js,57,js,d7a0ed78,anirudh9280,2025-04-19,16:21:58,-07:00,2025-04-19T16:21:58-07:00,0,0
src/constants/index.js,58,js,d7a0ed78,anirudh9280,2025-04-19,16:21:58,-07:00,2025-04-19T16:21:58-07:00,0,22
src/constants/index.js,59,js,d7a0ed78,anirudh9280,2025-04-19,16:21:58,-07:00,2025-04-19T16:21:58-07:00,0,13
src/constants/index.js,60,js,d7a0ed78,anirudh9280,2025-04-19,16:21:58,-07:00,2025-04-19T16:21:58-07:00,0,1
src/constants/index.js,61,js,928790b7,anirudh428,2023-10-07,00:24:45,-07:00,2023-10-07T00:24:45-07:00,0,1
src/constants/index.js,62,js,928790b7,anirudh428,2023-10-07,00:24:45,-07:00,2023-10-07T00:24:45-07:00,0,0
src/constants/index.js,63,js,928790b7,anirudh428,2023-10-07,00:24:45,-07:00,2023-10-07T00:24:45-07:00,0,21
src/constants/index.js,64,js,d7a0ed78,anirudh9280,2025-04-19,16:21:58,-07:00,2025-04-19T16:21:58-07:00,0,0
src/constants/index.js,65,js,d7a0ed78,anirudh9280,2025-04-19,16:21:58,-07:00,2025-04-19T16:21:58-07:00,0,14
src/constants/index.js,66,js,d7a0ed78,anirudh9280,2025-04-19,16:21:58,-07:00,2025-04-19T16:21:58-07:00,0,10
src/constants/index.js,67,js,d7a0ed78,anirudh9280,2025-04-19,16:21:58,-07:00,2025-04-19T16:21:58-07:00,0,1
src/constants/index.js,68,js,d7a0ed78,anirudh9280,2025-04-19,16:21:58,-07:00,2025-04-19T16:21:58-07:00,0,0
src/constants/index.js,69,js,d7a0ed78,anirudh9280,2025-04-19,16:21:58,-07:00,2025-04-19T16:21:58-07:00,0,18
src/constants/index.js,70,js,d7a0ed78,anirudh9280,2025-04-19,16:21:58,-07:00,2025-04-19T16:21:58-07:00,0,10
src/constants/index.js,71,js,d7a0ed78,anirudh9280,2025-04-19,16:21:58,-07:00,2025-04-19T16:21:58-07:00,0,1
src/constants/index.js,72,js,d7a0ed78,anirudh9280,2025-04-19,16:21:58,-07:00,2025-04-19T16:21:58-07:00,0,0
src/constants/index.js,73,js,d7a0ed78,anirudh9280,2025-04-19,16:21:58,-07:00,2025-04-19T16:21:58-07:00,0,13
src/constants/index.js,74,js,d7a0ed78,anirudh9280,2025-04-19,16:21:58,-07:00,2025-04-19T16:21:58-07:00,0,10
src/constants/index.js,75,js,d7a0ed78,anirudh9280,2025-04-19,16:21:58,-07:00,2025-04-19T16:21:58-07:00,0,1
src/constants/index.js,76,js,d7a0ed78,anirudh9280,2025-04-19,16:21:58,-07:00,2025-04-19T16:21:58-07:00,0,0
src/constants/index.js,77,js,d7a0ed78,anirudh9280,2025-04-19,16:21:58,-07:00,2025-04-19T16:21:58-07:00,0,18
src/constants/index.js,78,js,d7a0ed78,anirudh9280,2025-04-19,16:21:58,-07:00,2025-04-19T16:21:58-07:00,0,10
src/constants/index.js,79,js,d7a0ed78,anirudh9280,2025-04-19,16:21:58,-07:00,2025-04-19T16:21:58-07:00,0,1
src/constants/index.js,80,js,d7a0ed78,anirudh9280,2025-04-19,16:21:58,-07:00,2025-04-19T16:21:58-07:00,0,0
src/constants/index.js,81,js,d7a0ed78,anirudh9280,2025-04-19,16:21:58,-07:00,2025-04-19T16:21:58-07:00,0,15
src/constants/index.js,82,js,d7a0ed78,anirudh9280,2025-04-19,16:21:58,-07:00,2025-04-19T16:21:58-07:00,0,10
src/constants/index.js,83,js,d7a0ed78,anirudh9280,2025-04-19,16:21:58,-07:00,2025-04-19T16:21:58-07:00,0,1
src/constants/index.js,84,js,d7a0ed78,anirudh9280,2025-04-19,16:21:58,-07:00,2025-04-19T16:21:58-07:00,0,0
src/constants/index.js,85,js,d7a0ed78,anirudh9280,2025-04-19,16:21:58,-07:00,2025-04-19T16:21:58-07:00,0,12
src/constants/index.js,86,js,d7a0ed78,anirudh9280,2025-04-19,16:21:58,-07:00,2025-04-19T16:21:58-07:00,0,9
src/constants/index.js,87,js,d7a0ed78,anirudh9280,2025-04-19,16:21:58,-07:00,2025-04-19T16:21:58-07:00,0,1
src/constants/index.js,88,js,d7a0ed78,anirudh9280,2025-04-19,16:21:58,-07:00,2025-04-19T16:21:58-07:00,0,0
src/constants/index.js,89,js,d7a0ed78,anirudh9280,2025-04-19,16:21:58,-07:00,2025-04-19T16:21:58-07:00,0,18
src/constants/index.js,90,js,d7a0ed78,anirudh9280,2025-04-19,16:21:58,-07:00,2025-04-19T16:21:58-07:00,0,16
src/constants/index.js,91,js,d7a0ed78,anirudh9280,2025-04-19,16:21:58,-07:00,2025-04-19T16:21:58-07:00,0,1
src/constants/index.js,92,js,d7a0ed78,anirudh9280,2025-04-19,16:21:58,-07:00,2025-04-19T16:21:58-07:00,0,0
src/constants/index.js,93,js,d7a0ed78,anirudh9280,2025-04-19,16:21:58,-07:00,2025-04-19T16:21:58-07:00,0,14
src/constants/index.js,94,js,d7a0ed78,anirudh9280,2025-04-19,16:21:58,-07:00,2025-04-19T16:21:58-07:00,0,10
src/constants/index.js,95,js,d7a0ed78,anirudh9280,2025-04-19,16:21:58,-07:00,2025-04-19T16:21:58-07:00,0,1
src/constants/index.js,96,js,d7a0ed78,anirudh9280,2025-04-19,16:21:58,-07:00,2025-04-19T16:21:58-07:00,0,0
src/constants/index.js,97,js,d7a0ed78,anirudh9280,2025-04-19,16:21:58,-07:00,2025-04-19T16:21:58-07:00,0,18
src/constants/index.js,98,js,d7a0ed78,anirudh9280,2025-04-19,16:21:58,-07:00,2025-04-19T16:21:58-07:00,0,16
src/constants/index.js,99,js,d7a0ed78,anirudh9280,2025-04-19,16:21:58,-07:00,2025-04-19T16:21:58-07:00,0,1
src/constants/index.js,100,js,d7a0ed78,anirudh9280,2025-04-19,16:21:58,-07:00,2025-04-19T16:21:58-07:00,0,0
src/constants/index.js,101,js,d7a0ed78,anirudh9280,2025-04-19,16:21:58,-07:00,2025-04-19T16:21:58-07:00,0,16
src/constants/index.js,102,js,d7a0ed78,anirudh9280,2025-04-19,16:21:58,-07:00,2025-04-19T16:21:58-07:00,0,13
src/constants/index.js,103,js,d7a0ed78,anirudh9280,2025-04-19,16:21:58,-07:00,2025-04-19T16:21:58-07:00,0,1
src/constants/index.js,104,js,d7a0ed78,anirudh9280,2025-04-19,16:21:58,-07:00,2025-04-19T16:21:58-07:00,0,0
src/constants/index.js,105,js,d7a0ed78,anirudh9280,2025-04-19,16:21:58,-07:00,2025-04-19T16:21:58-07:00,0,20
src/constants/index.js,106,js,d7a0ed78,anirudh9280,2025-04-19,16:21:58,-07:00,2025-04-19T16:21:58-07:00,0,14
src/constants/index.js,107,js,d7a0ed78,anirudh9280,2025-04-19,16:21:58,-07:00,2025-04-19T16:21:58-07:00,0,1
src/constants/index.js,108,js,d7a0ed78,anirudh9280,2025-04-19,16:21:58,-07:00,2025-04-19T16:21:58-07:00,0,0
src/constants/index.js,109,js,d7a0ed78,anirudh9280,2025-04-19,16:21:58,-07:00,2025-04-19T16:21:58-07:00,0,15
src/constants/index.js,110,js,d7a0ed78,anirudh9280,2025-04-19,16:21:58,-07:00,2025-04-19T16:21:58-07:00,0,12
src/constants/index.js,111,js,d7a0ed78,anirudh9280,2025-04-19,16:21:58,-07:00,2025-04-19T16:21:58-07:00,0,1
src/constants/index.js,112,js,d7a0ed78,anirudh9280,2025-04-19,16:21:58,-07:00,2025-04-19T16:21:58-07:00,0,0
src/constants/index.js,113,js,d7a0ed78,anirudh9280,2025-04-19,16:21:58,-07:00,2025-04-19T16:21:58-07:00,0,15
src/constants/index.js,114,js,d7a0ed78,anirudh9280,2025-04-19,16:21:58,-07:00,2025-04-19T16:21:58-07:00,0,13
src/constants/index.js,115,js,d7a0ed78,anirudh9280,2025-04-19,16:21:58,-07:00,2025-04-19T16:21:58-07:00,0,1
src/constants/index.js,116,js,d7a0ed78,anirudh9280,2025-04-19,16:21:58,-07:00,2025-04-19T16:21:58-07:00,0,0
src/constants/index.js,117,js,d7a0ed78,anirudh9280,2025-04-19,16:21:58,-07:00,2025-04-19T16:21:58-07:00,0,16
src/constants/index.js,118,js,d7a0ed78,anirudh9280,2025-04-19,16:21:58,-07:00,2025-04-19T16:21:58-07:00,0,13
src/constants/index.js,119,js,d7a0ed78,anirudh9280,2025-04-19,16:21:58,-07:00,2025-04-19T16:21:58-07:00,0,1
src/constants/index.js,120,js,d7a0ed78,anirudh9280,2025-04-19,16:21:58,-07:00,2025-04-19T16:21:58-07:00,0,0
src/constants/index.js,121,js,d7a0ed78,anirudh9280,2025-04-19,16:21:58,-07:00,2025-04-19T16:21:58-07:00,0,14
src/constants/index.js,122,js,d7a0ed78,anirudh9280,2025-04-19,16:21:58,-07:00,2025-04-19T16:21:58-07:00,0,12
src/constants/index.js,123,js,d7a0ed78,anirudh9280,2025-04-19,16:21:58,-07:00,2025-04-19T16:21:58-07:00,0,1
src/constants/index.js,124,js,d7a0ed78,anirudh9280,2025-04-19,16:21:58,-07:00,2025-04-19T16:21:58-07:00,0,0
src/constants/index.js,125,js,d7a0ed78,anirudh9280,2025-04-19,16:21:58,-07:00,2025-04-19T16:21:58-07:00,0,11
src/constants/index.js,126,js,d7a0ed78,anirudh9280,2025-04-19,16:21:58,-07:00,2025-04-19T16:21:58-07:00,0,9
src/constants/index.js,127,js,d7a0ed78,anirudh9280,2025-04-19,16:21:58,-07:00,2025-04-19T16:21:58-07:00,0,1
src/constants/index.js,128,js,d7a0ed78,anirudh9280,2025-04-19,16:21:58,-07:00,2025-04-19T16:21:58-07:00,0,0
src/constants/index.js,129,js,d7a0ed78,anirudh9280,2025-04-19,16:21:58,-07:00,2025-04-19T16:21:58-07:00,0,13
src/constants/index.js,130,js,d7a0ed78,anirudh9280,2025-04-19,16:21:58,-07:00,2025-04-19T16:21:58-07:00,0,11
src/constants/index.js,131,js,d7a0ed78,anirudh9280,2025-04-19,16:21:58,-07:00,2025-04-19T16:21:58-07:00,0,1
src/constants/index.js,132,js,d7a0ed78,anirudh9280,2025-04-19,16:21:58,-07:00,2025-04-19T16:21:58-07:00,0,0
src/constants/index.js,133,js,d7a0ed78,anirudh9280,2025-04-19,16:21:58,-07:00,2025-04-19T16:21:58-07:00,0,14
src/constants/index.js,134,js,d7a0ed78,anirudh9280,2025-04-19,16:21:58,-07:00,2025-04-19T16:21:58-07:00,0,12
src/constants/index.js,135,js,d7a0ed78,anirudh9280,2025-04-19,16:21:58,-07:00,2025-04-19T16:21:58-07:00,0,1
src/constants/index.js,136,js,d7a0ed78,anirudh9280,2025-04-19,16:21:58,-07:00,2025-04-19T16:21:58-07:00,0,0
src/constants/index.js,137,js,d7a0ed78,anirudh9280,2025-04-19,16:21:58,-07:00,2025-04-19T16:21:58-07:00,0,12
src/constants/index.js,138,js,d7a0ed78,anirudh9280,2025-04-19,16:21:58,-07:00,2025-04-19T16:21:58-07:00,0,12
src/constants/index.js,139,js,d7a0ed78,anirudh9280,2025-04-19,16:21:58,-07:00,2025-04-19T16:21:58-07:00,0,1
src/constants/index.js,140,js,d7a0ed78,anirudh9280,2025-04-19,16:21:58,-07:00,2025-04-19T16:21:58-07:00,0,0
src/constants/index.js,141,js,d7a0ed78,anirudh9280,2025-04-19,16:21:58,-07:00,2025-04-19T16:21:58-07:00,0,9
src/constants/index.js,142,js,d7a0ed78,anirudh9280,2025-04-19,16:21:58,-07:00,2025-04-19T16:21:58-07:00,0,12
src/constants/index.js,143,js,d7a0ed78,anirudh9280,2025-04-19,16:21:58,-07:00,2025-04-19T16:21:58-07:00,0,1
src/constants/index.js,144,js,d7a0ed78,anirudh9280,2025-04-19,16:21:58,-07:00,2025-04-19T16:21:58-07:00,0,0
src/constants/index.js,145,js,d7a0ed78,anirudh9280,2025-04-19,16:21:58,-07:00,2025-04-19T16:21:58-07:00,0,11
src/constants/index.js,146,js,d7a0ed78,anirudh9280,2025-04-19,16:21:58,-07:00,2025-04-19T16:21:58-07:00,0,12
src/constants/index.js,147,js,d7a0ed78,anirudh9280,2025-04-19,16:21:58,-07:00,2025-04-19T16:21:58-07:00,0,1
src/constants/index.js,148,js,928790b7,anirudh428,2023-10-07,00:24:45,-07:00,2023-10-07T00:24:45-07:00,0,1
src/constants/index.js,149,js,928790b7,anirudh428,2023-10-07,00:24:45,-07:00,2023-10-07T00:24:45-07:00,0,0
src/constants/index.js,150,js,928790b7,anirudh428,2023-10-07,00:24:45,-07:00,2023-10-07T00:24:45-07:00,0,20
src/constants/index.js,151,js,d7a0ed78,anirudh9280,2025-04-19,16:21:58,-07:00,2025-04-19T16:21:58-07:00,0,0
src/constants/index.js,152,js,d7a0ed78,anirudh9280,2025-04-19,16:21:58,-07:00,2025-04-19T16:21:58-07:00,0,34
src/constants/index.js,153,js,d7a0ed78,anirudh9280,2025-04-19,16:21:58,-07:00,2025-04-19T16:21:58-07:00,0,21
src/constants/index.js,154,js,d7a0ed78,anirudh9280,2025-04-19,16:21:58,-07:00,2025-04-19T16:21:58-07:00,0,11
src/constants/index.js,155,js,d7a0ed78,anirudh9280,2025-04-19,16:21:58,-07:00,2025-04-19T16:21:58-07:00,0,17
src/constants/index.js,156,js,d7a0ed78,anirudh9280,2025-04-19,16:21:58,-07:00,2025-04-19T16:21:58-07:00,0,32
src/constants/index.js,157,js,d7a0ed78,anirudh9280,2025-04-19,16:21:58,-07:00,2025-04-19T16:21:58-07:00,0,8
src/constants/index.js,158,js,d7a0ed78,anirudh9280,2025-04-19,16:21:58,-07:00,2025-04-19T16:21:58-07:00,0,82
src/constants/index.js,159,js,d7a0ed78,anirudh9280,2025-04-19,16:21:58,-07:00,2025-04-19T16:21:58-07:00,0,90
src/constants/index.js,160,js,d7a0ed78,anirudh9280,2025-04-19,16:21:58,-07:00,2025-04-19T16:21:58-07:00,0,113
src/constants/index.js,161,js,d7a0ed78,anirudh9280,2025-04-19,16:21:58,-07:00,2025-04-19T16:21:58-07:00,0,1
src/constants/index.js,162,js,d7a0ed78,anirudh9280,2025-04-19,16:21:58,-07:00,2025-04-19T16:21:58-07:00,0,1
src/constants/index.js,163,js,202347a4,anirudh9280,2025-01-21,18:15:20,-08:00,2025-01-21T18:15:20-08:00,0,0
src/constants/index.js,164,js,202347a4,anirudh9280,2025-01-21,18:15:20,-08:00,2025-01-21T18:15:20-08:00,0,33
src/constants/index.js,165,js,202347a4,anirudh9280,2025-01-21,18:15:20,-08:00,2025-01-21T18:15:20-08:00,0,30
src/constants/index.js,166,js,202347a4,anirudh9280,2025-01-21,18:15:20,-08:00,2025-01-21T18:15:20-08:00,0,20
src/constants/index.js,167,js,202347a4,anirudh9280,2025-01-21,18:15:20,-08:00,2025-01-21T18:15:20-08:00,0,17
src/constants/index.js,168,js,202347a4,anirudh9280,2025-01-21,18:15:20,-08:00,2025-01-21T18:15:20-08:00,0,27
src/constants/index.js,169,js,202347a4,anirudh9280,2025-01-21,18:15:20,-08:00,2025-01-21T18:15:20-08:00,0,8
src/constants/index.js,170,js,202347a4,anirudh9280,2025-01-21,18:15:20,-08:00,2025-01-21T18:15:20-08:00,0,112
src/constants/index.js,171,js,d7a0ed78,anirudh9280,2025-04-19,16:21:58,-07:00,2025-04-19T16:21:58-07:00,0,104
src/constants/index.js,172,js,202347a4,anirudh9280,2025-01-21,18:15:20,-08:00,2025-01-21T18:15:20-08:00,0,92
src/constants/index.js,173,js,202347a4,anirudh9280,2025-01-21,18:15:20,-08:00,2025-01-21T18:15:20-08:00,0,1
src/constants/index.js,174,js,202347a4,anirudh9280,2025-01-21,18:15:20,-08:00,2025-01-21T18:15:20-08:00,0,1
src/constants/index.js,175,js,202347a4,anirudh9280,2025-01-21,18:15:20,-08:00,2025-01-21T18:15:20-08:00,0,0
src/constants/index.js,176,js,202347a4,anirudh9280,2025-01-21,18:15:20,-08:00,2025-01-21T18:15:20-08:00,0,33
src/constants/index.js,177,js,202347a4,anirudh9280,2025-01-21,18:15:20,-08:00,2025-01-21T18:15:20-08:00,0,48
src/constants/index.js,178,js,202347a4,anirudh9280,2025-01-21,18:15:20,-08:00,2025-01-21T18:15:20-08:00,0,14
src/constants/index.js,179,js,202347a4,anirudh9280,2025-01-21,18:15:20,-08:00,2025-01-21T18:15:20-08:00,0,17
src/constants/index.js,180,js,202347a4,anirudh9280,2025-01-21,18:15:20,-08:00,2025-01-21T18:15:20-08:00,0,26
src/constants/index.js,181,js,202347a4,anirudh9280,2025-01-21,18:15:20,-08:00,2025-01-21T18:15:20-08:00,0,8
src/constants/index.js,182,js,d7a0ed78,anirudh9280,2025-04-19,16:21:58,-07:00,2025-04-19T16:21:58-07:00,0,145
src/constants/index.js,183,js,d7a0ed78,anirudh9280,2025-04-19,16:21:58,-07:00,2025-04-19T16:21:58-07:00,0,141
src/constants/index.js,184,js,d7a0ed78,anirudh9280,2025-04-19,16:21:58,-07:00,2025-04-19T16:21:58-07:00,0,58
src/constants/index.js,185,js,d7a0ed78,anirudh9280,2025-04-19,16:21:58,-07:00,2025-04-19T16:21:58-07:00,0,12
src/constants/index.js,186,js,d7a0ed78,anirudh9280,2025-04-19,16:21:58,-07:00,2025-04-19T16:21:58-07:00,0,154
src/constants/index.js,187,js,d7a0ed78,anirudh9280,2025-04-19,16:21:58,-07:00,2025-04-19T16:21:58-07:00,0,142
src/constants/index.js,188,js,d7a0ed78,anirudh9280,2025-04-19,16:21:58,-07:00,2025-04-19T16:21:58-07:00,0,52
src/constants/index.js,189,js,202347a4,anirudh9280,2025-01-21,18:15:20,-08:00,2025-01-21T18:15:20-08:00,0,1
src/constants/index.js,190,js,202347a4,anirudh9280,2025-01-21,18:15:20,-08:00,2025-01-21T18:15:20-08:00,0,1
src/constants/index.js,191,js,202347a4,anirudh9280,2025-01-21,18:15:20,-08:00,2025-01-21T18:15:20-08:00,0,0
src/constants/index.js,192,js,202347a4,anirudh9280,2025-01-21,18:15:20,-08:00,2025-01-21T18:15:20-08:00,0,56
src/constants/index.js,193,js,202347a4,anirudh9280,2025-01-21,18:15:20,-08:00,2025-01-21T18:15:20-08:00,0,51
src/constants/index.js,194,js,202347a4,anirudh9280,2025-01-21,18:15:20,-08:00,2025-01-21T18:15:20-08:00,0,9
src/constants/index.js,195,js,202347a4,anirudh9280,2025-01-21,18:15:20,-08:00,2025-01-21T18:15:20-08:00,0,17
src/constants/index.js,196,js,202347a4,anirudh9280,2025-01-21,18:15:20,-08:00,2025-01-21T18:15:20-08:00,0,26
src/constants/index.js,197,js,202347a4,anirudh9280,2025-01-21,18:15:20,-08:00,2025-01-21T18:15:20-08:00,0,8
src/constants/index.js,198,js,202347a4,anirudh9280,2025-01-21,18:15:20,-08:00,2025-01-21T18:15:20-08:00,0,73
src/constants/index.js,199,js,202347a4,anirudh9280,2025-01-21,18:15:20,-08:00,2025-01-21T18:15:20-08:00,0,91
src/constants/index.js,200,js,202347a4,anirudh9280,2025-01-21,18:15:20,-08:00,2025-01-21T18:15:20-08:00,0,101
src/constants/index.js,201,js,202347a4,anirudh9280,2025-01-21,18:15:20,-08:00,2025-01-21T18:15:20-08:00,0,1
src/constants/index.js,202,js,202347a4,anirudh9280,2025-01-21,18:15:20,-08:00,2025-01-21T18:15:20-08:00,0,1
src/constants/index.js,203,js,202347a4,anirudh9280,2025-01-21,18:15:20,-08:00,2025-01-21T18:15:20-08:00,0,0
src/constants/index.js,204,js,202347a4,anirudh9280,2025-01-21,18:15:20,-08:00,2025-01-21T18:15:20-08:00,0,27
src/constants/index.js,205,js,202347a4,anirudh9280,2025-01-21,18:15:20,-08:00,2025-01-21T18:15:20-08:00,0,49
src/constants/index.js,206,js,202347a4,anirudh9280,2025-01-21,18:15:20,-08:00,2025-01-21T18:15:20-08:00,0,9
src/constants/index.js,207,js,202347a4,anirudh9280,2025-01-21,18:15:20,-08:00,2025-01-21T18:15:20-08:00,0,17
src/constants/index.js,208,js,202347a4,anirudh9280,2025-01-21,18:15:20,-08:00,2025-01-21T18:15:20-08:00,0,26
src/constants/index.js,209,js,202347a4,anirudh9280,2025-01-21,18:15:20,-08:00,2025-01-21T18:15:20-08:00,0,8
src/constants/index.js,210,js,202347a4,anirudh9280,2025-01-21,18:15:20,-08:00,2025-01-21T18:15:20-08:00,0,103
src/constants/index.js,211,js,202347a4,anirudh9280,2025-01-21,18:15:20,-08:00,2025-01-21T18:15:20-08:00,0,95
src/constants/index.js,212,js,202347a4,anirudh9280,2025-01-21,18:15:20,-08:00,2025-01-21T18:15:20-08:00,0,106
src/constants/index.js,213,js,202347a4,anirudh9280,2025-01-21,18:15:20,-08:00,2025-01-21T18:15:20-08:00,0,1
src/constants/index.js,214,js,202347a4,anirudh9280,2025-01-21,18:15:20,-08:00,2025-01-21T18:15:20-08:00,0,1
src/constants/index.js,215,js,202347a4,anirudh9280,2025-01-21,18:15:20,-08:00,2025-01-21T18:15:20-08:00,0,0
src/constants/index.js,216,js,202347a4,anirudh9280,2025-01-21,18:15:20,-08:00,2025-01-21T18:15:20-08:00,0,21
src/constants/index.js,217,js,202347a4,anirudh9280,2025-01-21,18:15:20,-08:00,2025-01-21T18:15:20-08:00,0,32
src/constants/index.js,218,js,202347a4,anirudh9280,2025-01-21,18:15:20,-08:00,2025-01-21T18:15:20-08:00,0,11
src/constants/index.js,219,js,202347a4,anirudh9280,2025-01-21,18:15:20,-08:00,2025-01-21T18:15:20-08:00,0,17
src/constants/index.js,220,js,202347a4,anirudh9280,2025-01-21,18:15:20,-08:00,2025-01-21T18:15:20-08:00,0,31
src/constants/index.js,221,js,202347a4,anirudh9280,2025-01-21,18:15:20,-08:00,2025-01-21T18:15:20-08:00,0,8
src/constants/index.js,222,js,202347a4,anirudh9280,2025-01-21,18:15:20,-08:00,2025-01-21T18:15:20-08:00,0,109
src/constants/index.js,223,js,202347a4,anirudh9280,2025-01-21,18:15:20,-08:00,2025-01-21T18:15:20-08:00,0,126
src/constants/index.js,224,js,202347a4,anirudh9280,2025-01-21,18:15:20,-08:00,2025-01-21T18:15:20-08:00,0,88
src/constants/index.js,225,js,202347a4,anirudh9280,2025-01-21,18:15:20,-08:00,2025-01-21T18:15:20-08:00,0,1
src/constants/index.js,226,js,202347a4,anirudh9280,2025-01-21,18:15:20,-08:00,2025-01-21T18:15:20-08:00,0,1
src/constants/index.js,227,js,202347a4,anirudh9280,2025-01-21,18:15:20,-08:00,2025-01-21T18:15:20-08:00,0,2
src/constants/index.js,228,js,202347a4,anirudh9280,2025-01-21,18:15:20,-08:00,2025-01-21T18:15:20-08:00,0,31
src/constants/index.js,229,js,202347a4,anirudh9280,2025-01-21,18:15:20,-08:00,2025-01-21T18:15:20-08:00,0,22
src/constants/index.js,230,js,202347a4,anirudh9280,2025-01-21,18:15:20,-08:00,2025-01-21T18:15:20-08:00,0,12
src/constants/index.js,231,js,202347a4,anirudh9280,2025-01-21,18:15:20,-08:00,2025-01-21T18:15:20-08:00,0,19
src/constants/index.js,232,js,202347a4,anirudh9280,2025-01-21,18:15:20,-08:00,2025-01-21T18:15:20-08:00,0,28
src/constants/index.js,233,js,202347a4,anirudh9280,2025-01-21,18:15:20,-08:00,2025-01-21T18:15:20-08:00,0,10
src/constants/index.js,234,js,202347a4,anirudh9280,2025-01-21,18:15:20,-08:00,2025-01-21T18:15:20-08:00,0,95
src/constants/index.js,235,js,202347a4,anirudh9280,2025-01-21,18:15:20,-08:00,2025-01-21T18:15:20-08:00,0,139
src/constants/index.js,236,js,202347a4,anirudh9280,2025-01-21,18:15:20,-08:00,2025-01-21T18:15:20-08:00,0,76
src/constants/index.js,237,js,202347a4,anirudh9280,2025-01-21,18:15:20,-08:00,2025-01-21T18:15:20-08:00,0,91
src/constants/index.js,238,js,202347a4,anirudh9280,2025-01-21,18:15:20,-08:00,2025-01-21T18:15:20-08:00,0,3
src/constants/index.js,239,js,202347a4,anirudh9280,2025-01-21,18:15:20,-08:00,2025-01-21T18:15:20-08:00,0,4
src/constants/index.js,240,js,928790b7,anirudh428,2023-10-07,00:24:45,-07:00,2023-10-07T00:24:45-07:00,0,1
src/constants/index.js,241,js,928790b7,anirudh428,2023-10-07,00:24:45,-07:00,2023-10-07T00:24:45-07:00,0,0
src/constants/index.js,242,js,928790b7,anirudh428,2023-10-07,00:24:45,-07:00,2023-10-07T00:24:45-07:00,0,21
src/constants/index.js,243,js,d7a0ed78,anirudh9280,2025-04-19,16:21:58,-07:00,2025-04-19T16:21:58-07:00,0,0
src/constants/index.js,244,js,d7a0ed78,anirudh9280,2025-04-19,16:21:58,-07:00,2025-04-19T16:21:58-07:00,0,11
src/constants/index.js,245,js,d7a0ed78,anirudh9280,2025-04-19,16:21:58,-07:00,2025-04-19T16:21:58-07:00,0,102
src/constants/index.js,246,js,d7a0ed78,anirudh9280,2025-04-19,16:21:58,-07:00,2025-04-19T16:21:58-07:00,0,16
src/constants/index.js,247,js,d7a0ed78,anirudh9280,2025-04-19,16:21:58,-07:00,2025-04-19T16:21:58-07:00,0,18
src/constants/index.js,248,js,d7a0ed78,anirudh9280,2025-04-19,16:21:58,-07:00,2025-04-19T16:21:58-07:00,0,18
src/constants/index.js,249,js,d7a0ed78,anirudh9280,2025-04-19,16:21:58,-07:00,2025-04-19T16:21:58-07:00,0,56
src/constants/index.js,250,js,d7a0ed78,anirudh9280,2025-04-19,16:21:58,-07:00,2025-04-19T16:21:58-07:00,0,1
src/constants/index.js,251,js,d7a0ed78,anirudh9280,2025-04-19,16:21:58,-07:00,2025-04-19T16:21:58-07:00,0,0
src/constants/index.js,252,js,d7a0ed78,anirudh9280,2025-04-19,16:21:58,-07:00,2025-04-19T16:21:58-07:00,0,11
src/constants/index.js,253,js,d7a0ed78,anirudh9280,2025-04-19,16:21:58,-07:00,2025-04-19T16:21:58-07:00,0,93
src/constants/index.js,254,js,d7a0ed78,anirudh9280,2025-04-19,16:21:58,-07:00,2025-04-19T16:21:58-07:00,0,19
src/constants/index.js,255,js,d7a0ed78,anirudh9280,2025-04-19,16:21:58,-07:00,2025-04-19T16:21:58-07:00,0,18
src/constants/index.js,256,js,d7a0ed78,anirudh9280,2025-04-19,16:21:58,-07:00,2025-04-19T16:21:58-07:00,0,19
src/constants/index.js,257,js,d7a0ed78,anirudh9280,2025-04-19,16:21:58,-07:00,2025-04-19T16:21:58-07:00,0,54
src/constants/index.js,258,js,d7a0ed78,anirudh9280,2025-04-19,16:21:58,-07:00,2025-04-19T16:21:58-07:00,0,1
src/constants/index.js,259,js,d7a0ed78,anirudh9280,2025-04-19,16:21:58,-07:00,2025-04-19T16:21:58-07:00,0,0
src/constants/index.js,260,js,d7a0ed78,anirudh9280,2025-04-19,16:21:58,-07:00,2025-04-19T16:21:58-07:00,0,11
src/constants/index.js,261,js,d7a0ed78,anirudh9280,2025-04-19,16:21:58,-07:00,2025-04-19T16:21:58-07:00,0,93
src/constants/index.js,262,js,d7a0ed78,anirudh9280,2025-04-19,16:21:58,-07:00,2025-04-19T16:21:58-07:00,0,17
src/constants/index.js,263,js,d7a0ed78,anirudh9280,2025-04-19,16:21:58,-07:00,2025-04-19T16:21:58-07:00,0,18
src/constants/index.js,264,js,d7a0ed78,anirudh9280,2025-04-19,16:21:58,-07:00,2025-04-19T16:21:58-07:00,0,26
src/constants/index.js,265,js,d7a0ed78,anirudh9280,2025-04-19,16:21:58,-07:00,2025-04-19T16:21:58-07:00,0,56
src/constants/index.js,266,js,d7a0ed78,anirudh9280,2025-04-19,16:21:58,-07:00,2025-04-19T16:21:58-07:00,0,1
src/constants/index.js,267,js,928790b7,anirudh428,2023-10-07,00:24:45,-07:00,2023-10-07T00:24:45-07:00,0,1
src/constants/index.js,268,js,928790b7,anirudh428,2023-10-07,00:24:45,-07:00,2023-10-07T00:24:45-07:00,0,0
src/constants/index.js,269,js,928790b7,anirudh428,2023-10-07,00:24:45,-07:00,2023-10-07T00:24:45-07:00,0,17
src/constants/index.js,270,js,d7a0ed78,anirudh9280,2025-04-19,16:21:58,-07:00,2025-04-19T16:21:58-07:00,0,0
src/constants/index.js,271,js,d7a0ed78,anirudh9280,2025-04-19,16:21:58,-07:00,2025-04-19T16:21:58-07:00,0,35
src/constants/index.js,272,js,d7a0ed78,anirudh9280,2025-04-19,16:21:58,-07:00,2025-04-19T16:21:58-07:00,0,11
src/constants/index.js,273,js,d7a0ed78,anirudh9280,2025-04-19,16:21:58,-07:00,2025-04-19T16:21:58-07:00,0,245
src/constants/index.js,274,js,d7a0ed78,anirudh9280,2025-04-19,16:21:58,-07:00,2025-04-19T16:21:58-07:00,0,6
src/constants/index.js,275,js,d7a0ed78,anirudh9280,2025-04-19,16:21:58,-07:00,2025-04-19T16:21:58-07:00,0,0
src/constants/index.js,276,js,d7a0ed78,anirudh9280,2025-04-19,16:21:58,-07:00,2025-04-19T16:21:58-07:00,0,14
src/constants/index.js,277,js,d7a0ed78,anirudh9280,2025-04-19,16:21:58,-07:00,2025-04-19T16:21:58-07:00,0,26
src/constants/index.js,278,js,d7a0ed78,anirudh9280,2025-04-19,16:21:58,-07:00,2025-04-19T16:21:58-07:00,0,1
src/constants/index.js,279,js,d7a0ed78,anirudh9280,2025-04-19,16:21:58,-07:00,2025-04-19T16:21:58-07:00,0,0
src/constants/index.js,280,js,d7a0ed78,anirudh9280,2025-04-19,16:21:58,-07:00,2025-04-19T16:21:58-07:00,0,14
src/constants/index.js,281,js,d7a0ed78,anirudh9280,2025-04-19,16:21:58,-07:00,2025-04-19T16:21:58-07:00,0,29
src/constants/index.js,282,js,d7a0ed78,anirudh9280,2025-04-19,16:21:58,-07:00,2025-04-19T16:21:58-07:00,0,1
src/constants/index.js,283,js,d7a0ed78,anirudh9280,2025-04-19,16:21:58,-07:00,2025-04-19T16:21:58-07:00,0,0
src/constants/index.js,284,js,d7a0ed78,anirudh9280,2025-04-19,16:21:58,-07:00,2025-04-19T16:21:58-07:00,0,13
src/constants/index.js,285,js,d7a0ed78,anirudh9280,2025-04-19,16:21:58,-07:00,2025-04-19T16:21:58-07:00,0,27
src/constants/index.js,286,js,d7a0ed78,anirudh9280,2025-04-19,16:21:58,-07:00,2025-04-19T16:21:58-07:00,0,1
src/constants/index.js,287,js,d7a0ed78,anirudh9280,2025-04-19,16:21:58,-07:00,2025-04-19T16:21:58-07:00,0,1
src/constants/index.js,288,js,d7a0ed78,anirudh9280,2025-04-19,16:21:58,-07:00,2025-04-19T16:21:58-07:00,0,19
src/constants/index.js,289,js,d7a0ed78,anirudh9280,2025-04-19,16:21:58,-07:00,2025-04-19T16:21:58-07:00,0,71
src/constants/index.js,290,js,d7a0ed78,anirudh9280,2025-04-19,16:21:58,-07:00,2025-04-19T16:21:58-07:00,0,68
src/constants/index.js,291,js,00000000,Not Committed Yet,2025-05-09,21:34:48,-07:00,2025-05-09T21:34:48-07:00,0,10
src/constants/index.js,292,js,d7a0ed78,anirudh9280,2025-04-19,16:21:58,-07:00,2025-04-19T16:21:58-07:00,0,1
src/constants/index.js,293,js,d7a0ed78,anirudh9280,2025-04-19,16:21:58,-07:00,2025-04-19T16:21:58-07:00,0,0
src/constants/index.js,294,js,d7a0ed78,anirudh9280,2025-04-19,16:21:58,-07:00,2025-04-19T16:21:58-07:00,0,15
src/constants/index.js,295,js,d7a0ed78,anirudh9280,2025-04-19,16:21:58,-07:00,2025-04-19T16:21:58-07:00,0,11
src/constants/index.js,296,js,d7a0ed78,anirudh9280,2025-04-19,16:21:58,-07:00,2025-04-19T16:21:58-07:00,0,174
src/constants/index.js,297,js,d7a0ed78,anirudh9280,2025-04-19,16:21:58,-07:00,2025-04-19T16:21:58-07:00,0,6
src/constants/index.js,298,js,d7a0ed78,anirudh9280,2025-04-19,16:21:58,-07:00,2025-04-19T16:21:58-07:00,0,0
src/constants/index.js,299,js,d7a0ed78,anirudh9280,2025-04-19,16:21:58,-07:00,2025-04-19T16:21:58-07:00,0,13
src/constants/index.js,300,js,d7a0ed78,anirudh9280,2025-04-19,16:21:58,-07:00,2025-04-19T16:21:58-07:00,0,27
src/constants/index.js,301,js,d7a0ed78,anirudh9280,2025-04-19,16:21:58,-07:00,2025-04-19T16:21:58-07:00,0,1
src/constants/index.js,302,js,d7a0ed78,anirudh9280,2025-04-19,16:21:58,-07:00,2025-04-19T16:21:58-07:00,0,0
src/constants/index.js,303,js,d7a0ed78,anirudh9280,2025-04-19,16:21:58,-07:00,2025-04-19T16:21:58-07:00,0,16
src/constants/index.js,304,js,d7a0ed78,anirudh9280,2025-04-19,16:21:58,-07:00,2025-04-19T16:21:58-07:00,0,28
src/constants/index.js,305,js,d7a0ed78,anirudh9280,2025-04-19,16:21:58,-07:00,2025-04-19T16:21:58-07:00,0,1
src/constants/index.js,306,js,d7a0ed78,anirudh9280,2025-04-19,16:21:58,-07:00,2025-04-19T16:21:58-07:00,0,0
src/constants/index.js,307,js,d7a0ed78,anirudh9280,2025-04-19,16:21:58,-07:00,2025-04-19T16:21:58-07:00,0,22
src/constants/index.js,308,js,d7a0ed78,anirudh9280,2025-04-19,16:21:58,-07:00,2025-04-19T16:21:58-07:00,0,27
src/constants/index.js,309,js,d7a0ed78,anirudh9280,2025-04-19,16:21:58,-07:00,2025-04-19T16:21:58-07:00,0,1
src/constants/index.js,310,js,d7a0ed78,anirudh9280,2025-04-19,16:21:58,-07:00,2025-04-19T16:21:58-07:00,0,1
src/constants/index.js,311,js,d7a0ed78,anirudh9280,2025-04-19,16:21:58,-07:00,2025-04-19T16:21:58-07:00,0,10
src/constants/index.js,312,js,d7a0ed78,anirudh9280,2025-04-19,16:21:58,-07:00,2025-04-19T16:21:58-07:00,0,65
src/constants/index.js,313,js,d7a0ed78,anirudh9280,2025-04-19,16:21:58,-07:00,2025-04-19T16:21:58-07:00,0,66
src/constants/index.js,314,js,00000000,Not Committed Yet,2025-05-09,21:34:48,-07:00,2025-05-09T21:34:48-07:00,0,10
src/constants/index.js,315,js,d7a0ed78,anirudh9280,2025-04-19,16:21:58,-07:00,2025-04-19T16:21:58-07:00,0,1
src/constants/index.js,316,js,d7a0ed78,anirudh9280,2025-04-19,16:21:58,-07:00,2025-04-19T16:21:58-07:00,0,0
src/constants/index.js,317,js,d7a0ed78,anirudh9280,2025-04-19,16:21:58,-07:00,2025-04-19T16:21:58-07:00,0,22
src/constants/index.js,318,js,d7a0ed78,anirudh9280,2025-04-19,16:21:58,-07:00,2025-04-19T16:21:58-07:00,0,11
src/constants/index.js,319,js,d7a0ed78,anirudh9280,2025-04-19,16:21:58,-07:00,2025-04-19T16:21:58-07:00,0,77
src/constants/index.js,320,js,d7a0ed78,anirudh9280,2025-04-19,16:21:58,-07:00,2025-04-19T16:21:58-07:00,0,6
src/constants/index.js,321,js,d7a0ed78,anirudh9280,2025-04-19,16:21:58,-07:00,2025-04-19T16:21:58-07:00,0,0
src/constants/index.js,322,js,d7a0ed78,anirudh9280,2025-04-19,16:21:58,-07:00,2025-04-19T16:21:58-07:00,0,13
src/constants/index.js,323,js,d7a0ed78,anirudh9280,2025-04-19,16:21:58,-07:00,2025-04-19T16:21:58-07:00,0,26
src/constants/index.js,324,js,d7a0ed78,anirudh9280,2025-04-19,16:21:58,-07:00,2025-04-19T16:21:58-07:00,0,1
src/constants/index.js,325,js,d7a0ed78,anirudh9280,2025-04-19,16:21:58,-07:00,2025-04-19T16:21:58-07:00,0,0
src/constants/index.js,326,js,d7a0ed78,anirudh9280,2025-04-19,16:21:58,-07:00,2025-04-19T16:21:58-07:00,0,15
src/constants/index.js,327,js,d7a0ed78,anirudh9280,2025-04-19,16:21:58,-07:00,2025-04-19T16:21:58-07:00,0,29
src/constants/index.js,328,js,d7a0ed78,anirudh9280,2025-04-19,16:21:58,-07:00,2025-04-19T16:21:58-07:00,0,1
src/constants/index.js,329,js,d7a0ed78,anirudh9280,2025-04-19,16:21:58,-07:00,2025-04-19T16:21:58-07:00,0,0
src/constants/index.js,330,js,d7a0ed78,anirudh9280,2025-04-19,16:21:58,-07:00,2025-04-19T16:21:58-07:00,0,16
src/constants/index.js,331,js,d7a0ed78,anirudh9280,2025-04-19,16:21:58,-07:00,2025-04-19T16:21:58-07:00,0,27
src/constants/index.js,332,js,d7a0ed78,anirudh9280,2025-04-19,16:21:58,-07:00,2025-04-19T16:21:58-07:00,0,1
src/constants/index.js,333,js,d7a0ed78,anirudh9280,2025-04-19,16:21:58,-07:00,2025-04-19T16:21:58-07:00,0,1
src/constants/index.js,334,js,d7a0ed78,anirudh9280,2025-04-19,16:21:58,-07:00,2025-04-19T16:21:58-07:00,0,16
src/constants/index.js,335,js,d7a0ed78,anirudh9280,2025-04-19,16:21:58,-07:00,2025-04-19T16:21:58-07:00,0,52
src/constants/index.js,336,js,d7a0ed78,anirudh9280,2025-04-19,16:21:58,-07:00,2025-04-19T16:21:58-07:00,0,70
src/constants/index.js,337,js,00000000,Not Committed Yet,2025-05-09,21:34:48,-07:00,2025-05-09T21:34:48-07:00,0,10
src/constants/index.js,338,js,d7a0ed78,anirudh9280,2025-04-19,16:21:58,-07:00,2025-04-19T16:21:58-07:00,0,1
src/constants/index.js,339,js,d7a0ed78,anirudh9280,2025-04-19,16:21:58,-07:00,2025-04-19T16:21:58-07:00,0,0
src/constants/index.js,340,js,d7a0ed78,anirudh9280,2025-04-19,16:21:58,-07:00,2025-04-19T16:21:58-07:00,0,31
src/constants/index.js,341,js,d7a0ed78,anirudh9280,2025-04-19,16:21:58,-07:00,2025-04-19T16:21:58-07:00,0,11
src/constants/index.js,342,js,d7a0ed78,anirudh9280,2025-04-19,16:21:58,-07:00,2025-04-19T16:21:58-07:00,0,186
src/constants/index.js,343,js,d7a0ed78,anirudh9280,2025-04-19,16:21:58,-07:00,2025-04-19T16:21:58-07:00,0,6
src/constants/index.js,344,js,d7a0ed78,anirudh9280,2025-04-19,16:21:58,-07:00,2025-04-19T16:21:58-07:00,0,0
src/constants/index.js,345,js,d7a0ed78,anirudh9280,2025-04-19,16:21:58,-07:00,2025-04-19T16:21:58-07:00,0,12
src/constants/index.js,346,js,d7a0ed78,anirudh9280,2025-04-19,16:21:58,-07:00,2025-04-19T16:21:58-07:00,0,29
src/constants/index.js,347,js,d7a0ed78,anirudh9280,2025-04-19,16:21:58,-07:00,2025-04-19T16:21:58-07:00,0,1
src/constants/index.js,348,js,d7a0ed78,anirudh9280,2025-04-19,16:21:58,-07:00,2025-04-19T16:21:58-07:00,0,0
src/constants/index.js,349,js,d7a0ed78,anirudh9280,2025-04-19,16:21:58,-07:00,2025-04-19T16:21:58-07:00,0,21
src/constants/index.js,350,js,d7a0ed78,anirudh9280,2025-04-19,16:21:58,-07:00,2025-04-19T16:21:58-07:00,0,28
src/constants/index.js,351,js,d7a0ed78,anirudh9280,2025-04-19,16:21:58,-07:00,2025-04-19T16:21:58-07:00,0,1
src/constants/index.js,352,js,d7a0ed78,anirudh9280,2025-04-19,16:21:58,-07:00,2025-04-19T16:21:58-07:00,0,0
src/constants/index.js,353,js,d7a0ed78,anirudh9280,2025-04-19,16:21:58,-07:00,2025-04-19T16:21:58-07:00,0,23
src/constants/index.js,354,js,d7a0ed78,anirudh9280,2025-04-19,16:21:58,-07:00,2025-04-19T16:21:58-07:00,0,29
src/constants/index.js,355,js,d7a0ed78,anirudh9280,2025-04-19,16:21:58,-07:00,2025-04-19T16:21:58-07:00,0,1
src/constants/index.js,356,js,d7a0ed78,anirudh9280,2025-04-19,16:21:58,-07:00,2025-04-19T16:21:58-07:00,0,1
src/constants/index.js,357,js,d7a0ed78,anirudh9280,2025-04-19,16:21:58,-07:00,2025-04-19T16:21:58-07:00,0,18
src/constants/index.js,358,js,d7a0ed78,anirudh9280,2025-04-19,16:21:58,-07:00,2025-04-19T16:21:58-07:00,0,69
src/constants/index.js,359,js,d7a0ed78,anirudh9280,2025-04-19,16:21:58,-07:00,2025-04-19T16:21:58-07:00,0,69
src/constants/index.js,360,js,00000000,Not Committed Yet,2025-05-09,21:34:48,-07:00,2025-05-09T21:34:48-07:00,0,10
src/constants/index.js,361,js,d7a0ed78,anirudh9280,2025-04-19,16:21:58,-07:00,2025-04-19T16:21:58-07:00,0,1
src/constants/index.js,362,js,febb5fab,anirudh9280,2025-04-25,21:37:33,-07:00,2025-04-25T21:37:33-07:00,0,0
src/constants/index.js,363,js,febb5fab,anirudh9280,2025-04-25,21:37:33,-07:00,2025-04-25T21:37:33-07:00,0,27
src/constants/index.js,364,js,febb5fab,anirudh9280,2025-04-25,21:37:33,-07:00,2025-04-25T21:37:33-07:00,0,11
src/constants/index.js,365,js,febb5fab,anirudh9280,2025-04-25,21:37:33,-07:00,2025-04-25T21:37:33-07:00,0,195
src/constants/index.js,366,js,febb5fab,anirudh9280,2025-04-25,21:37:33,-07:00,2025-04-25T21:37:33-07:00,0,6
src/constants/index.js,367,js,febb5fab,anirudh9280,2025-04-25,21:37:33,-07:00,2025-04-25T21:37:33-07:00,0,0
src/constants/index.js,368,js,febb5fab,anirudh9280,2025-04-25,21:37:33,-07:00,2025-04-25T21:37:33-07:00,0,13
src/constants/index.js,369,js,febb5fab,anirudh9280,2025-04-25,21:37:33,-07:00,2025-04-25T21:37:33-07:00,0,27
src/constants/index.js,370,js,febb5fab,anirudh9280,2025-04-25,21:37:33,-07:00,2025-04-25T21:37:33-07:00,0,1
src/constants/index.js,371,js,febb5fab,anirudh9280,2025-04-25,21:37:33,-07:00,2025-04-25T21:37:33-07:00,0,0
src/constants/index.js,372,js,febb5fab,anirudh9280,2025-04-25,21:37:33,-07:00,2025-04-25T21:37:33-07:00,0,14
src/constants/index.js,373,js,febb5fab,anirudh9280,2025-04-25,21:37:33,-07:00,2025-04-25T21:37:33-07:00,0,28
src/constants/index.js,374,js,febb5fab,anirudh9280,2025-04-25,21:37:33,-07:00,2025-04-25T21:37:33-07:00,0,1
src/constants/index.js,375,js,febb5fab,anirudh9280,2025-04-25,21:37:33,-07:00,2025-04-25T21:37:33-07:00,0,0
src/constants/index.js,376,js,febb5fab,anirudh9280,2025-04-25,21:37:33,-07:00,2025-04-25T21:37:33-07:00,0,16
src/constants/index.js,377,js,febb5fab,anirudh9280,2025-04-25,21:37:33,-07:00,2025-04-25T21:37:33-07:00,0,27
src/constants/index.js,378,js,febb5fab,anirudh9280,2025-04-25,21:37:33,-07:00,2025-04-25T21:37:33-07:00,0,1
src/constants/index.js,379,js,febb5fab,anirudh9280,2025-04-25,21:37:33,-07:00,2025-04-25T21:37:33-07:00,0,1
src/constants/index.js,380,js,febb5fab,anirudh9280,2025-04-25,21:37:33,-07:00,2025-04-25T21:37:33-07:00,0,48
src/constants/index.js,381,js,febb5fab,anirudh9280,2025-04-25,21:37:33,-07:00,2025-04-25T21:37:33-07:00,0,39
src/constants/index.js,382,js,febb5fab,anirudh9280,2025-04-25,21:37:33,-07:00,2025-04-25T21:37:33-07:00,0,39
src/constants/index.js,383,js,00000000,Not Committed Yet,2025-05-09,21:34:48,-07:00,2025-05-09T21:34:48-07:00,0,10
src/constants/index.js,384,js,febb5fab,anirudh9280,2025-04-25,21:37:33,-07:00,2025-04-25T21:37:33-07:00,0,1
src/constants/index.js,385,js,febb5fab,anirudh9280,2025-04-25,21:37:33,-07:00,2025-04-25T21:37:33-07:00,0,0
src/constants/index.js,386,js,febb5fab,anirudh9280,2025-04-25,21:37:33,-07:00,2025-04-25T21:37:33-07:00,0,36
src/constants/index.js,387,js,febb5fab,anirudh9280,2025-04-25,21:37:33,-07:00,2025-04-25T21:37:33-07:00,0,11
src/constants/index.js,388,js,febb5fab,anirudh9280,2025-04-25,21:37:33,-07:00,2025-04-25T21:37:33-07:00,0,195
src/constants/index.js,389,js,febb5fab,anirudh9280,2025-04-25,21:37:33,-07:00,2025-04-25T21:37:33-07:00,0,6
src/constants/index.js,390,js,febb5fab,anirudh9280,2025-04-25,21:37:33,-07:00,2025-04-25T21:37:33-07:00,0,0
src/constants/index.js,391,js,febb5fab,anirudh9280,2025-04-25,21:37:33,-07:00,2025-04-25T21:37:33-07:00,0,13
src/constants/index.js,392,js,febb5fab,anirudh9280,2025-04-25,21:37:33,-07:00,2025-04-25T21:37:33-07:00,0,29
src/constants/index.js,393,js,febb5fab,anirudh9280,2025-04-25,21:37:33,-07:00,2025-04-25T21:37:33-07:00,0,1
src/constants/index.js,394,js,febb5fab,anirudh9280,2025-04-25,21:37:33,-07:00,2025-04-25T21:37:33-07:00,0,0
src/constants/index.js,395,js,febb5fab,anirudh9280,2025-04-25,21:37:33,-07:00,2025-04-25T21:37:33-07:00,0,13
src/constants/index.js,396,js,febb5fab,anirudh9280,2025-04-25,21:37:33,-07:00,2025-04-25T21:37:33-07:00,0,27
src/constants/index.js,397,js,febb5fab,anirudh9280,2025-04-25,21:37:33,-07:00,2025-04-25T21:37:33-07:00,0,1
src/constants/index.js,398,js,febb5fab,anirudh9280,2025-04-25,21:37:33,-07:00,2025-04-25T21:37:33-07:00,0,0
src/constants/index.js,399,js,febb5fab,anirudh9280,2025-04-25,21:37:33,-07:00,2025-04-25T21:37:33-07:00,0,18
src/constants/index.js,400,js,febb5fab,anirudh9280,2025-04-25,21:37:33,-07:00,2025-04-25T21:37:33-07:00,0,28
src/constants/index.js,401,js,febb5fab,anirudh9280,2025-04-25,21:37:33,-07:00,2025-04-25T21:37:33-07:00,0,1
src/constants/index.js,402,js,febb5fab,anirudh9280,2025-04-25,21:37:33,-07:00,2025-04-25T21:37:33-07:00,0,1
src/constants/index.js,403,js,febb5fab,anirudh9280,2025-04-25,21:37:33,-07:00,2025-04-25T21:37:33-07:00,0,50
src/constants/index.js,404,js,febb5fab,anirudh9280,2025-04-25,21:37:33,-07:00,2025-04-25T21:37:33-07:00,0,39
src/constants/index.js,405,js,febb5fab,anirudh9280,2025-04-25,21:37:33,-07:00,2025-04-25T21:37:33-07:00,0,39
src/constants/index.js,406,js,00000000,Not Committed Yet,2025-05-09,21:34:48,-07:00,2025-05-09T21:34:48-07:00,0,10
src/constants/index.js,407,js,febb5fab,anirudh9280,2025-04-25,21:37:33,-07:00,2025-04-25T21:37:33-07:00,0,1
src/constants/index.js,408,js,febb5fab,anirudh9280,2025-04-25,21:37:33,-07:00,2025-04-25T21:37:33-07:00,0,0
src/constants/index.js,409,js,febb5fab,anirudh9280,2025-04-25,21:37:33,-07:00,2025-04-25T21:37:33-07:00,0,33
src/constants/index.js,410,js,febb5fab,anirudh9280,2025-04-25,21:37:33,-07:00,2025-04-25T21:37:33-07:00,0,11
src/constants/index.js,411,js,febb5fab,anirudh9280,2025-04-25,21:37:33,-07:00,2025-04-25T21:37:33-07:00,0,197
src/constants/index.js,412,js,febb5fab,anirudh9280,2025-04-25,21:37:33,-07:00,2025-04-25T21:37:33-07:00,0,6
src/constants/index.js,413,js,febb5fab,anirudh9280,2025-04-25,21:37:33,-07:00,2025-04-25T21:37:33-07:00,0,0
src/constants/index.js,414,js,febb5fab,anirudh9280,2025-04-25,21:37:33,-07:00,2025-04-25T21:37:33-07:00,0,14
src/constants/index.js,415,js,febb5fab,anirudh9280,2025-04-25,21:37:33,-07:00,2025-04-25T21:37:33-07:00,0,27
src/constants/index.js,416,js,febb5fab,anirudh9280,2025-04-25,21:37:33,-07:00,2025-04-25T21:37:33-07:00,0,1
src/constants/index.js,417,js,febb5fab,anirudh9280,2025-04-25,21:37:33,-07:00,2025-04-25T21:37:33-07:00,0,0
src/constants/index.js,418,js,febb5fab,anirudh9280,2025-04-25,21:37:33,-07:00,2025-04-25T21:37:33-07:00,0,20
src/constants/index.js,419,js,febb5fab,anirudh9280,2025-04-25,21:37:33,-07:00,2025-04-25T21:37:33-07:00,0,28
src/constants/index.js,420,js,febb5fab,anirudh9280,2025-04-25,21:37:33,-07:00,2025-04-25T21:37:33-07:00,0,1
src/constants/index.js,421,js,febb5fab,anirudh9280,2025-04-25,21:37:33,-07:00,2025-04-25T21:37:33-07:00,0,0
src/constants/index.js,422,js,febb5fab,anirudh9280,2025-04-25,21:37:33,-07:00,2025-04-25T21:37:33-07:00,0,14
src/constants/index.js,423,js,febb5fab,anirudh9280,2025-04-25,21:37:33,-07:00,2025-04-25T21:37:33-07:00,0,27
src/constants/index.js,424,js,febb5fab,anirudh9280,2025-04-25,21:37:33,-07:00,2025-04-25T21:37:33-07:00,0,1
src/constants/index.js,425,js,febb5fab,anirudh9280,2025-04-25,21:37:33,-07:00,2025-04-25T21:37:33-07:00,0,1
src/constants/index.js,426,js,febb5fab,anirudh9280,2025-04-25,21:37:33,-07:00,2025-04-25T21:37:33-07:00,0,51
src/constants/index.js,427,js,febb5fab,anirudh9280,2025-04-25,21:37:33,-07:00,2025-04-25T21:37:33-07:00,0,39
src/constants/index.js,428,js,febb5fab,anirudh9280,2025-04-25,21:37:33,-07:00,2025-04-25T21:37:33-07:00,0,39
src/constants/index.js,429,js,00000000,Not Committed Yet,2025-05-09,21:34:48,-07:00,2025-05-09T21:34:48-07:00,0,10
src/constants/index.js,430,js,00000000,Not Committed Yet,2025-05-09,21:34:48,-07:00,2025-05-09T21:34:48-07:00,0,1
src/constants/index.js,431,js,00000000,Not Committed Yet,2025-05-09,21:34:48,-07:00,2025-05-09T21:34:48-07:00,0,0
src/constants/index.js,432,js,00000000,Not Committed Yet,2025-05-09,21:34:48,-07:00,2025-05-09T21:34:48-07:00,0,35
src/constants/index.js,433,js,00000000,Not Committed Yet,2025-05-09,21:34:48,-07:00,2025-05-09T21:34:48-07:00,0,11
src/constants/index.js,434,js,00000000,Not Committed Yet,2025-05-09,21:34:48,-07:00,2025-05-09T21:34:48-07:00,0,193
src/constants/index.js,435,js,00000000,Not Committed Yet,2025-05-09,21:34:48,-07:00,2025-05-09T21:34:48-07:00,0,6
src/constants/index.js,436,js,00000000,Not Committed Yet,2025-05-09,21:34:48,-07:00,2025-05-09T21:34:48-07:00,0,0
src/constants/index.js,437,js,00000000,Not Committed Yet,2025-05-09,21:34:48,-07:00,2025-05-09T21:34:48-07:00,0,14
src/constants/index.js,438,js,00000000,Not Committed Yet,2025-05-09,21:34:48,-07:00,2025-05-09T21:34:48-07:00,0,27
src/constants/index.js,439,js,00000000,Not Committed Yet,2025-05-09,21:34:48,-07:00,2025-05-09T21:34:48-07:00,0,1
src/constants/index.js,440,js,00000000,Not Committed Yet,2025-05-09,21:34:48,-07:00,2025-05-09T21:34:48-07:00,0,0
src/constants/index.js,441,js,00000000,Not Committed Yet,2025-05-09,21:34:48,-07:00,2025-05-09T21:34:48-07:00,0,13
src/constants/index.js,442,js,00000000,Not Committed Yet,2025-05-09,21:34:48,-07:00,2025-05-09T21:34:48-07:00,0,28
src/constants/index.js,443,js,00000000,Not Committed Yet,2025-05-09,21:34:48,-07:00,2025-05-09T21:34:48-07:00,0,1
src/constants/index.js,444,js,00000000,Not Committed Yet,2025-05-09,21:34:48,-07:00,2025-05-09T21:34:48-07:00,0,0
src/constants/index.js,445,js,00000000,Not Committed Yet,2025-05-09,21:34:48,-07:00,2025-05-09T21:34:48-07:00,0,23
src/constants/index.js,446,js,00000000,Not Committed Yet,2025-05-09,21:34:48,-07:00,2025-05-09T21:34:48-07:00,0,27
src/constants/index.js,447,js,00000000,Not Committed Yet,2025-05-09,21:34:48,-07:00,2025-05-09T21:34:48-07:00,0,1
src/constants/index.js,448,js,00000000,Not Committed Yet,2025-05-09,21:34:48,-07:00,2025-05-09T21:34:48-07:00,0,1
src/constants/index.js,449,js,00000000,Not Committed Yet,2025-05-09,21:34:48,-07:00,2025-05-09T21:34:48-07:00,0,19
src/constants/index.js,450,js,00000000,Not Committed Yet,2025-05-09,21:34:48,-07:00,2025-05-09T21:34:48-07:00,0,39
src/constants/index.js,451,js,00000000,Not Committed Yet,2025-05-09,21:34:48,-07:00,2025-05-09T21:34:48-07:00,0,39
src/constants/index.js,452,js,00000000,Not Committed Yet,2025-05-09,21:34:48,-07:00,2025-05-09T21:34:48-07:00,0,10
src/constants/index.js,453,js,00000000,Not Committed Yet,2025-05-09,21:34:48,-07:00,2025-05-09T21:34:48-07:00,0,1
src/constants/index.js,454,js,00000000,Not Committed Yet,2025-05-09,21:34:48,-07:00,2025-05-09T21:34:48-07:00,0,0
src/constants/index.js,455,js,00000000,Not Committed Yet,2025-05-09,21:34:48,-07:00,2025-05-09T21:34:48-07:00,0,31
src/constants/index.js,456,js,00000000,Not Committed Yet,2025-05-09,21:34:48,-07:00,2025-05-09T21:34:48-07:00,0,11
src/constants/index.js,457,js,00000000,Not Committed Yet,2025-05-09,21:34:48,-07:00,2025-05-09T21:34:48-07:00,0,187
src/constants/index.js,458,js,00000000,Not Committed Yet,2025-05-09,21:34:48,-07:00,2025-05-09T21:34:48-07:00,0,6
src/constants/index.js,459,js,00000000,Not Committed Yet,2025-05-09,21:34:48,-07:00,2025-05-09T21:34:48-07:00,0,0
src/constants/index.js,460,js,00000000,Not Committed Yet,2025-05-09,21:34:48,-07:00,2025-05-09T21:34:48-07:00,0,11
src/constants/index.js,461,js,00000000,Not Committed Yet,2025-05-09,21:34:48,-07:00,2025-05-09T21:34:48-07:00,0,27
src/constants/index.js,462,js,00000000,Not Committed Yet,2025-05-09,21:34:48,-07:00,2025-05-09T21:34:48-07:00,0,1
src/constants/index.js,463,js,00000000,Not Committed Yet,2025-05-09,21:34:48,-07:00,2025-05-09T21:34:48-07:00,0,0
src/constants/index.js,464,js,00000000,Not Committed Yet,2025-05-09,21:34:48,-07:00,2025-05-09T21:34:48-07:00,0,15
src/constants/index.js,465,js,00000000,Not Committed Yet,2025-05-09,21:34:48,-07:00,2025-05-09T21:34:48-07:00,0,28
src/constants/index.js,466,js,00000000,Not Committed Yet,2025-05-09,21:34:48,-07:00,2025-05-09T21:34:48-07:00,0,1
src/constants/index.js,467,js,00000000,Not Committed Yet,2025-05-09,21:34:48,-07:00,2025-05-09T21:34:48-07:00,0,0
src/constants/index.js,468,js,00000000,Not Committed Yet,2025-05-09,21:34:48,-07:00,2025-05-09T21:34:48-07:00,0,19
src/constants/index.js,469,js,00000000,Not Committed Yet,2025-05-09,21:34:48,-07:00,2025-05-09T21:34:48-07:00,0,27
src/constants/index.js,470,js,00000000,Not Committed Yet,2025-05-09,21:34:48,-07:00,2025-05-09T21:34:48-07:00,0,1
src/constants/index.js,471,js,00000000,Not Committed Yet,2025-05-09,21:34:48,-07:00,2025-05-09T21:34:48-07:00,0,1
src/constants/index.js,472,js,00000000,Not Committed Yet,2025-05-09,21:34:48,-07:00,2025-05-09T21:34:48-07:00,0,10
src/constants/index.js,473,js,00000000,Not Committed Yet,2025-05-09,21:34:48,-07:00,2025-05-09T21:34:48-07:00,0,39
src/constants/index.js,474,js,00000000,Not Committed Yet,2025-05-09,21:34:48,-07:00,2025-05-09T21:34:48-07:00,0,39
src/constants/index.js,475,js,00000000,Not Committed Yet,2025-05-09,21:34:48,-07:00,2025-05-09T21:34:48-07:00,0,10
src/constants/index.js,476,js,febb5fab,anirudh9280,2025-04-25,21:37:33,-07:00,2025-04-25T21:37:33-07:00,0,1
src/constants/index.js,477,js,928790b7,anirudh428,2023-10-07,00:24:45,-07:00,2023-10-07T00:24:45-07:00,0,1
src/constants/index.js,478,js,928790b7,anirudh428,2023-10-07,00:24:45,-07:00,2023-10-07T00:24:45-07:00,0,0
src/constants/index.js,479,js,d7a0ed78,anirudh9280,2025-04-19,16:21:58,-07:00,2025-04-19T16:21:58-07:00,0,70
src/components/index.js,1,js,928790b7,anirudh428,2023-10-07,00:24:45,-07:00,2023-10-07T00:24:45-07:00,0,80
src/components/index.js,2,js,928790b7,anirudh428,2023-10-07,00:24:45,-07:00,2023-10-07T00:24:45-07:00,0,25
src/components/index.js,3,js,928790b7,anirudh428,2023-10-07,00:24:45,-07:00,2023-10-07T00:24:45-07:00,0,29
src/components/index.js,4,js,928790b7,anirudh428,2023-10-07,00:24:45,-07:00,2023-10-07T00:24:45-07:00,0,27
src/components/index.js,5,js,928790b7,anirudh428,2023-10-07,00:24:45,-07:00,2023-10-07T00:24:45-07:00,0,25
src/components/index.js,6,js,928790b7,anirudh428,2023-10-07,00:24:45,-07:00,2023-10-07T00:24:45-07:00,0,37
src/components/index.js,7,js,928790b7,anirudh428,2023-10-07,00:24:45,-07:00,2023-10-07T00:24:45-07:00,0,27
src/components/index.js,8,js,928790b7,anirudh428,2023-10-07,00:24:45,-07:00,2023-10-07T00:24:45-07:00,0,35
src/components/index.js,9,js,928790b7,anirudh428,2023-10-07,00:24:45,-07:00,2023-10-07T00:24:45-07:00,0,31
src/components/index.js,10,js,928790b7,anirudh428,2023-10-07,00:24:45,-07:00,2023-10-07T00:24:45-07:00,0,0
src/components/index.js,11,js,928790b7,anirudh428,2023-10-07,00:24:45,-07:00,2023-10-07T00:24:45-07:00,0,7
src/components/index.js,12,js,928790b7,anirudh428,2023-10-07,00:24:45,-07:00,2023-10-07T00:24:45-07:00,0,4
src/components/index.js,13,js,928790b7,anirudh428,2023-10-07,00:24:45,-07:00,2023-10-07T00:24:45-07:00,0,6
src/components/index.js,14,js,928790b7,anirudh428,2023-10-07,00:24:45,-07:00,2023-10-07T00:24:45-07:00,0,5
src/components/index.js,15,js,928790b7,anirudh428,2023-10-07,00:24:45,-07:00,2023-10-07T00:24:45-07:00,0,4
src/components/index.js,16,js,928790b7,anirudh428,2023-10-07,00:24:45,-07:00,2023-10-07T00:24:45-07:00,0,10
src/components/index.js,17,js,928790b7,anirudh428,2023-10-07,00:24:45,-07:00,2023-10-07T00:24:45-07:00,0,5
src/components/index.js,18,js,d17df515,anirudh9280,2024-07-23,14:50:01,-07:00,2024-07-23T14:50:01-07:00,0,9
src/components/index.js,19,js,928790b7,anirudh428,2023-10-07,00:24:45,-07:00,2023-10-07T00:24:45-07:00,0,7
src/components/index.js,20,js,928790b7,anirudh428,2023-10-07,00:24:45,-07:00,2023-10-07T00:24:45-07:00,0,11
src/components/index.js,21,js,928790b7,anirudh428,2023-10-07,00:24:45,-07:00,2023-10-07T00:24:45-07:00,0,10
src/components/index.js,22,js,928790b7,anirudh428,2023-10-07,00:24:45,-07:00,2023-10-07T00:24:45-07:00,0,15
src/components/index.js,23,js,928790b7,anirudh428,2023-10-07,00:24:45,-07:00,2023-10-07T00:24:45-07:00,0,10
src/components/index.js,24,js,928790b7,anirudh428,2023-10-07,00:24:45,-07:00,2023-10-07T00:24:45-07:00,0,0
src/components/canvas/index.js,1,js,928790b7,anirudh428,2023-10-07,00:24:45,-07:00,2023-10-07T00:24:45-07:00,0,33
src/components/canvas/index.js,2,js,928790b7,anirudh428,2023-10-07,00:24:45,-07:00,2023-10-07T00:24:45-07:00,0,31
src/components/canvas/index.js,3,js,928790b7,anirudh428,2023-10-07,00:24:45,-07:00,2023-10-07T00:24:45-07:00,0,41
src/components/canvas/index.js,4,js,928790b7,anirudh428,2023-10-07,00:24:45,-07:00,2023-10-07T00:24:45-07:00,0,33
src/components/canvas/index.js,5,js,928790b7,anirudh428,2023-10-07,00:24:45,-07:00,2023-10-07T00:24:45-07:00,0,0
src/components/canvas/index.js,6,js,928790b7,anirudh428,2023-10-07,00:24:45,-07:00,2023-10-07T00:24:45-07:00,0,64
src/assets/index.js,1,js,928790b7,anirudh428,2023-10-07,00:24:45,-07:00,2023-10-07T00:24:45-07:00,0,29
src/assets/index.js,2,js,d7a0ed78,anirudh9280,2025-04-19,16:21:58,-07:00,2025-04-19T16:21:58-07:00,0,50
src/assets/index.js,3,js,928790b7,anirudh428,2023-10-07,00:24:45,-07:00,2023-10-07T00:24:45-07:00,0,35
src/assets/index.js,4,js,928790b7,anirudh428,2023-10-07,00:24:45,-07:00,2023-10-07T00:24:45-07:00,0,35
src/assets/index.js,5,js,928790b7,anirudh428,2023-10-07,00:24:45,-07:00,2023-10-07T00:24:45-07:00,0,33
src/assets/index.js,6,js,928790b7,anirudh428,2023-10-07,00:24:45,-07:00,2023-10-07T00:24:45-07:00,0,27
src/assets/index.js,7,js,928790b7,anirudh428,2023-10-07,00:24:45,-07:00,2023-10-07T00:24:45-07:00,0,33
src/assets/index.js,8,js,928790b7,anirudh428,2023-10-07,00:24:45,-07:00,2023-10-07T00:24:45-07:00,0,29
src/assets/index.js,9,js,d7a0ed78,anirudh9280,2025-04-19,16:21:58,-07:00,2025-04-19T16:21:58-07:00,0,43
src/assets/index.js,10,js,928790b7,anirudh428,2023-10-07,00:24:45,-07:00,2023-10-07T00:24:45-07:00,0,31
src/assets/index.js,11,js,d7a0ed78,anirudh9280,2025-04-19,16:21:58,-07:00,2025-04-19T16:21:58-07:00,0,39
src/assets/index.js,12,js,d7a0ed78,anirudh9280,2025-04-19,16:21:58,-07:00,2025-04-19T16:21:58-07:00,0,39
src/assets/index.js,13,js,928790b7,anirudh428,2023-10-07,00:24:45,-07:00,2023-10-07T00:24:45-07:00,0,32
src/assets/index.js,14,js,928790b7,anirudh428,2023-10-07,00:24:45,-07:00,2023-10-07T00:24:45-07:00,0,38
src/assets/index.js,15,js,928790b7,anirudh428,2023-10-07,00:24:45,-07:00,2023-10-07T00:24:45-07:00,0,36
src/assets/index.js,16,js,928790b7,anirudh428,2023-10-07,00:24:45,-07:00,2023-10-07T00:24:45-07:00,0,32
src/assets/index.js,17,js,928790b7,anirudh428,2023-10-07,00:24:45,-07:00,2023-10-07T00:24:45-07:00,0,34
src/assets/index.js,18,js,928790b7,anirudh428,2023-10-07,00:24:45,-07:00,2023-10-07T00:24:45-07:00,0,46
src/assets/index.js,19,js,928790b7,anirudh428,2023-10-07,00:24:45,-07:00,2023-10-07T00:24:45-07:00,0,40
src/assets/index.js,20,js,928790b7,anirudh428,2023-10-07,00:24:45,-07:00,2023-10-07T00:24:45-07:00,0,38
src/assets/index.js,21,js,928790b7,anirudh428,2023-10-07,00:24:45,-07:00,2023-10-07T00:24:45-07:00,0,40
src/assets/index.js,22,js,928790b7,anirudh428,2023-10-07,00:24:45,-07:00,2023-10-07T00:24:45-07:00,0,36
src/assets/index.js,23,js,928790b7,anirudh428,2023-10-07,00:24:45,-07:00,2023-10-07T00:24:45-07:00,0,42
src/assets/index.js,24,js,928790b7,anirudh428,2023-10-07,00:24:45,-07:00,2023-10-07T00:24:45-07:00,0,46
src/assets/index.js,25,js,928790b7,anirudh428,2023-10-07,00:24:45,-07:00,2023-10-07T00:24:45-07:00,0,40
src/assets/index.js,26,js,928790b7,anirudh428,2023-10-07,00:24:45,-07:00,2023-10-07T00:24:45-07:00,0,0
src/assets/index.js,27,js,928790b7,anirudh428,2023-10-07,00:24:45,-07:00,2023-10-07T00:24:45-07:00,0,37
src/assets/index.js,28,js,928790b7,anirudh428,2023-10-07,00:24:45,-07:00,2023-10-07T00:24:45-07:00,0,43
src/assets/index.js,29,js,928790b7,anirudh428,2023-10-07,00:24:45,-07:00,2023-10-07T00:24:45-07:00,0,47
src/assets/index.js,30,js,928790b7,anirudh428,2023-10-07,00:24:45,-07:00,2023-10-07T00:24:45-07:00,0,39
src/assets/index.js,31,js,928790b7,anirudh428,2023-10-07,00:24:45,-07:00,2023-10-07T00:24:45-07:00,0,0
src/assets/index.js,32,js,d7a0ed78,anirudh9280,2025-04-19,16:21:58,-07:00,2025-04-19T16:21:58-07:00,0,27
src/assets/index.js,33,js,d7a0ed78,anirudh9280,2025-04-19,16:21:58,-07:00,2025-04-19T16:21:58-07:00,0,35
src/assets/index.js,34,js,928790b7,anirudh428,2023-10-07,00:24:45,-07:00,2023-10-07T00:24:45-07:00,0,35
src/assets/index.js,35,js,d7a0ed78,anirudh9280,2025-04-19,16:21:58,-07:00,2025-04-19T16:21:58-07:00,0,49
src/assets/index.js,36,js,d7a0ed78,anirudh9280,2025-04-19,16:21:58,-07:00,2025-04-19T16:21:58-07:00,0,27
src/assets/index.js,37,js,d7a0ed78,anirudh9280,2025-04-19,16:21:58,-07:00,2025-04-19T16:21:58-07:00,0,27
src/assets/index.js,38,js,928790b7,anirudh428,2023-10-07,00:24:45,-07:00,2023-10-07T00:24:45-07:00,0,31
src/assets/index.js,39,js,928790b7,anirudh428,2023-10-07,00:24:45,-07:00,2023-10-07T00:24:45-07:00,0,39
src/assets/index.js,40,js,d7a0ed78,anirudh9280,2025-04-19,16:21:58,-07:00,2025-04-19T16:21:58-07:00,0,37
src/assets/index.js,41,js,d7a0ed78,anirudh9280,2025-04-19,16:21:58,-07:00,2025-04-19T16:21:58-07:00,0,31
src/assets/index.js,42,js,928790b7,anirudh428,2023-10-07,00:24:45,-07:00,2023-10-07T00:24:45-07:00,0,0
src/assets/index.js,43,js,928790b7,anirudh428,2023-10-07,00:24:45,-07:00,2023-10-07T00:24:45-07:00,0,7
src/assets/index.js,44,js,202347a4,anirudh9280,2025-01-21,18:15:20,-08:00,2025-01-21T18:15:20-08:00,0,3
src/assets/index.js,45,js,d7a0ed78,anirudh9280,2025-04-19,16:21:58,-07:00,2025-04-19T16:21:58-07:00,0,3
src/assets/index.js,46,js,202347a4,anirudh9280,2025-01-21,18:15:20,-08:00,2025-01-21T18:15:20-08:00,0,14
src/assets/index.js,47,js,09562622,anirudh9280,2024-10-02,12:55:00,-07:00,2024-10-02T12:55:00-07:00,0,8
src/assets/index.js,48,js,928790b7,anirudh428,2023-10-07,00:24:45,-07:00,2023-10-07T00:24:45-07:00,0,4
src/assets/index.js,49,js,09562622,anirudh9280,2024-10-02,12:55:00,-07:00,2024-10-02T12:55:00-07:00,0,7
src/assets/index.js,50,js,9f942219,anirudh428,2023-10-07,11:36:27,-07:00,2023-10-07T11:36:27-07:00,0,3
src/assets/index.js,51,js,928790b7,anirudh428,2023-10-07,00:24:45,-07:00,2023-10-07T00:24:45-07:00,0,5
src/assets/index.js,52,js,928790b7,anirudh428,2023-10-07,00:24:45,-07:00,2023-10-07T00:24:45-07:00,0,7
src/assets/index.js,53,js,928790b7,anirudh428,2023-10-07,00:24:45,-07:00,2023-10-07T00:24:45-07:00,0,7
src/assets/index.js,54,js,928790b7,anirudh428,2023-10-07,00:24:45,-07:00,2023-10-07T00:24:45-07:00,0,6
src/assets/index.js,55,js,928790b7,anirudh428,2023-10-07,00:24:45,-07:00,2023-10-07T00:24:45-07:00,0,3
src/assets/index.js,56,js,928790b7,anirudh428,2023-10-07,00:24:45,-07:00,2023-10-07T00:24:45-07:00,0,6
src/assets/index.js,57,js,d17df515,anirudh9280,2024-07-23,14:50:01,-07:00,2024-07-23T14:50:01-07:00,0,11
src/assets/index.js,58,js,928790b7,anirudh428,2023-10-07,00:24:45,-07:00,2023-10-07T00:24:45-07:00,0,4
src/assets/index.js,59,js,d17df515,anirudh9280,2024-07-23,14:50:01,-07:00,2024-07-23T14:50:01-07:00,0,9
src/assets/index.js,60,js,928790b7,anirudh428,2023-10-07,00:24:45,-07:00,2023-10-07T00:24:45-07:00,0,5
src/assets/index.js,61,js,928790b7,anirudh428,2023-10-07,00:24:45,-07:00,2023-10-07T00:24:45-07:00,0,3
src/assets/index.js,62,js,928790b7,anirudh428,2023-10-07,00:24:45,-07:00,2023-10-07T00:24:45-07:00,0,6
src/assets/index.js,63,js,928790b7,anirudh428,2023-10-07,00:24:45,-07:00,2023-10-07T00:24:45-07:00,0,5
src/assets/index.js,64,js,928790b7,anirudh428,2023-10-07,00:24:45,-07:00,2023-10-07T00:24:45-07:00,0,3
src/assets/index.js,65,js,928790b7,anirudh428,2023-10-07,00:24:45,-07:00,2023-10-07T00:24:45-07:00,0,4
src/assets/index.js,66,js,928790b7,anirudh428,2023-10-07,00:24:45,-07:00,2023-10-07T00:24:45-07:00,0,10
src/assets/index.js,67,js,928790b7,anirudh428,2023-10-07,00:24:45,-07:00,2023-10-07T00:24:45-07:00,0,7
src/assets/index.js,68,js,928790b7,anirudh428,2023-10-07,00:24:45,-07:00,2023-10-07T00:24:45-07:00,0,6
src/assets/index.js,69,js,928790b7,anirudh428,2023-10-07,00:24:45,-07:00,2023-10-07T00:24:45-07:00,0,7
src/assets/index.js,70,js,928790b7,anirudh428,2023-10-07,00:24:45,-07:00,2023-10-07T00:24:45-07:00,0,5
src/assets/index.js,71,js,928790b7,anirudh428,2023-10-07,00:24:45,-07:00,2023-10-07T00:24:45-07:00,0,8
src/assets/index.js,72,js,928790b7,anirudh428,2023-10-07,00:24:45,-07:00,2023-10-07T00:24:45-07:00,0,10
src/assets/index.js,73,js,928790b7,anirudh428,2023-10-07,00:24:45,-07:00,2023-10-07T00:24:45-07:00,0,7
src/assets/index.js,74,js,928790b7,anirudh428,2023-10-07,00:24:45,-07:00,2023-10-07T00:24:45-07:00,0,4
src/assets/index.js,75,js,928790b7,anirudh428,2023-10-07,00:24:45,-07:00,2023-10-07T00:24:45-07:00,0,7
src/assets/index.js,76,js,928790b7,anirudh428,2023-10-07,00:24:45,-07:00,2023-10-07T00:24:45-07:00,0,9
src/assets/index.js,77,js,928790b7,anirudh428,2023-10-07,00:24:45,-07:00,2023-10-07T00:24:45-07:00,0,5
src/assets/index.js,78,js,928790b7,anirudh428,2023-10-07,00:24:45,-07:00,2023-10-07T00:24:45-07:00,0,7
src/assets/index.js,79,js,928790b7,anirudh428,2023-10-07,00:24:45,-07:00,2023-10-07T00:24:45-07:00,0,5
src/assets/index.js,80,js,928790b7,anirudh428,2023-10-07,00:24:45,-07:00,2023-10-07T00:24:45-07:00,0,9
src/assets/index.js,81,js,09562622,anirudh9280,2024-10-02,12:55:00,-07:00,2024-10-02T12:55:00-07:00,0,12
src/assets/index.js,82,js,d7a0ed78,anirudh9280,2025-04-19,16:21:58,-07:00,2025-04-19T16:21:58-07:00,0,5
src/assets/index.js,83,js,928790b7,anirudh428,2023-10-07,00:24:45,-07:00,2023-10-07T00:24:45-07:00,0,1
